customer_id,date,consumption,billing_amount,customer_type,meter_type,location,fraud_class
C10008,2022-08-08,126.17936512729169,194.26904769093753,Commercial,Analog,Irbid_South,0
C10024,2019-01-26,17.14860875111621,30.722913126674314,Residential,Analog,Irbid_North,0
C10085,2021-01-15,17.10438139912266,30.656572098683988,Residential,Analog,Irbid_North,0
C10050,2020-08-18,27.055263340160568,45.582895010240854,Residential,Analog,Irbid_East,0
C10096,2019-04-26,28.781179938232313,48.17176990734847,Residential,Analog,Center,0
C10060,2018-10-28,76.53650438967988,119.80475658451982,Commercial,Analog,Irbid_East,0
C10032,2019-02-25,46.2638357812882,74.3957536719323,Commercial,Analog,Irbid_West,1
C10032,2022-08-08,9.932645654693346,19.89896848204002,Commercial,Analog,Irbid_West,1
C10010,2020-12-16,66.97415713547434,105.46123570321151,Commercial,Analog,Irbid_East,0
C10057,2022-05-10,40.127147281392,65.19072092208799,Residential,Analog,Center,0
C10087,2018-04-01,16.689605879114715,30.034408818672073,Residential,Analog,Center,1
C10093,2020-09-17,29.285702181380536,48.9285532720708,Residential,Analog,Irbid_East,0
C10077,2020-04-20,24.987515051355484,42.481272577033224,Residential,Digital,Irbid_East,0
C10090,2020-10-17,29.591024840486984,49.38653726073048,Residential,Digital,Irbid_West,0
C10006,2021-10-12,112.21642656812058,173.32463985218087,Commercial,Digital,Irbid_South,0
C10080,2022-05-10,19.806471700778797,34.709707551168194,Residential,Digital,Irbid_East,0
C10031,2021-04-15,25.27557877344155,42.91336816016232,Residential,Analog,Irbid_West,0
C10099,2020-12-16,32.38548886752946,53.57823330129419,Commercial,Analog,Irbid_South,0
C10002,2019-07-25,89.44787558410901,139.17181337616353,Commercial,Analog,Irbid_South,0
C10061,2020-08-18,32.942484151512446,54.41372622726867,Residential,Analog,Irbid_South,0
C10024,2022-05-10,37.85192829502894,61.77789244254341,Residential,Analog,Irbid_North,0
C10097,2022-07-09,62.39297082313918,98.58945623470876,Commercial,Analog,Center,0
C10056,2021-10-12,19.179283337613565,33.768925006420346,Residential,Analog,Irbid_North,0
C10022,2022-07-09,19.91810694586723,34.87716041880084,Residential,Analog,Irbid_North,0
C10100,2020-11-16,22.07070682306094,38.10606023459141,Residential,Analog,Center,0
C10090,2020-12-16,19.343579605847257,34.01536940877089,Residential,Digital,Irbid_West,0
C10089,2018-04-01,10.24581036683027,20.368715550245405,Residential,Analog,Irbid_East,0
C10059,2020-12-16,22.59087642948914,38.88631464423371,Residential,Analog,Center,0
C10013,2020-03-21,26.651437994168347,44.97715699125252,Residential,Digital,Irbid_South,0
C10018,2019-06-25,28.283603891572554,47.42540583735883,Residential,Digital,Irbid_West,1
C10051,2018-08-29,34.01633909458618,56.024508641879265,Residential,Digital,Irbid_South,0
C10038,2021-12-11,21.411811704996833,37.11771755749525,Residential,Digital,Center,0
C10041,2018-09-28,64.8624249097045,102.29363736455676,Commercial,Analog,Irbid_North,0
C10003,2021-11-11,15.166967114683882,27.75045067202582,Residential,Analog,Irbid_West,0
C10005,2019-11-22,20.428896461224927,35.64334469183739,Residential,Digital,Irbid_West,0
C10052,2020-01-21,10.89954962805343,21.349324442080146,Residential,Analog,Irbid_South,0
C10029,2019-03-27,58.28692611876762,92.43038917815143,Commercial,Analog,Irbid_South,1
C10070,2018-05-01,15.507768313534015,28.261652470301023,Residential,Analog,Irbid_North,0
C10091,2022-03-11,13.587386472842049,25.381079709263073,Residential,Smart,Irbid_South,0
C10030,2021-06-14,38.44151693320364,62.66227539980545,Residential,Analog,Irbid_East,0
C10026,2022-09-07,13.743898844138409,25.615848266207614,Residential,Analog,Irbid_East,0
C10023,2018-01-31,12.615720293300662,23.923580439950992,Residential,Digital,Irbid_West,0
C10097,2019-04-26,48.9250744443738,78.3876116665607,Commercial,Analog,Center,0
C10066,2021-06-14,82.73133978915506,129.09700968373258,Commercial,Analog,Irbid_East,0
C10063,2020-08-18,28.53775688623932,47.806635329358976,Residential,Smart,Center,0
C10071,2018-11-27,34.24337434013468,56.36506151020202,Commercial,Analog,Irbid_East,0
C10077,2019-06-25,28.47238774166984,47.70858161250476,Residential,Digital,Irbid_East,0
C10009,2022-07-09,41.91906414495667,67.878596217435,Residential,Analog,Irbid_East,0
C10045,2018-05-01,72.78733823150323,114.18100734725485,Commercial,Digital,Center,0
C10089,2020-10-17,9.592303228038137,19.388454842057207,Residential,Analog,Irbid_East,0
C10036,2019-12-22,28.403426987840685,47.605140481761026,Residential,Analog,Center,1
C10072,2021-09-12,33.93848298177386,55.90772447266079,Residential,Analog,Irbid_West,0
C10022,2021-06-14,19.882597213120324,34.82389581968049,Residential,Analog,Irbid_North,0
C10014,2018-04-01,15.681402363629424,28.522103545444136,Residential,Digital,Center,1
C10053,2019-01-26,21.04127236149717,36.56190854224576,Residential,Smart,Center,0
C10078,2018-11-27,49.56770664026227,79.35155996039342,Commercial,Analog,Center,0
C10059,2018-08-29,42.26118746231599,68.39178119347397,Residential,Analog,Center,0
C10089,2022-10-07,10.702001799197964,21.053002698796945,Residential,Analog,Irbid_East,0
C10008,2022-04-10,98.27615793459628,152.4142369018944,Commercial,Analog,Irbid_South,0
C10078,2019-09-23,50.890183044433165,81.33527456664974,Commercial,Analog,Center,0
C10073,2020-06-19,45.62142806345059,73.43214209517588,Residential,Digital,Irbid_South,0
C10053,2020-10-17,37.9626906911338,61.9440360367007,Residential,Smart,Center,0
C10008,2022-01-10,52.77590680548626,84.16386020822938,Commercial,Analog,Irbid_South,0
C10020,2019-11-22,9.836351572419344,19.754527358629016,Residential,Digital,Irbid_East,0
C10068,2019-08-24,35.847128892341495,58.770693338512245,Residential,Analog,Irbid_South,0
C10097,2020-08-18,70.78647305907533,111.17970958861301,Commercial,Analog,Center,0
C10096,2022-04-10,22.185884585986685,38.27882687898003,Residential,Analog,Center,0
C10040,2022-11-06,27.3495910270266,46.0243865405399,Residential,Analog,Irbid_West,0
C10078,2018-09-28,61.39964885936001,97.09947328904002,Commercial,Analog,Center,0
C10090,2021-07-14,46.48479565383178,74.72719348074767,Residential,Digital,Irbid_West,0
C10009,2022-06-09,30.155452312691274,50.233178469036915,Residential,Analog,Irbid_East,0
C10018,2018-07-30,25.469747305505496,43.204620958258246,Residential,Digital,Irbid_West,1
C10048,2021-06-14,46.1521717649673,74.22825764745095,Residential,Digital,Irbid_West,0
C10001,2019-11-22,,41.364689226933635,Residential,Analog,Center,0
C10092,2019-01-26,19.4931421184906,34.2397131777359,Residential,Analog,Irbid_North,0
C10076,2019-11-22,214.49302664938466,37.17395399740769,Residential,Analog,Irbid_South,0
C10047,2020-10-17,31.908021394202912,52.86203209130437,Residential,Analog,Irbid_North,0
C10077,2019-09-23,23.783445292581103,40.67516793887165,Residential,Digital,Irbid_East,0
C10094,2020-09-17,34.405753707175705,56.60863056076356,Residential,Digital,Irbid_South,0
C10026,2019-08-24,19.028141894949492,33.542212842424235,Residential,Analog,Irbid_East,0
C10085,2018-10-28,26.29186775463536,44.437801631953036,Residential,Analog,Irbid_North,0
C10044,2019-08-24,26.069984635457004,44.104976953185506,Residential,Digital,Center,0
C10041,2018-06-30,65.22976043298146,102.8446406494722,Commercial,Analog,Irbid_North,0
C10055,2018-01-01,14.567092307495242,26.850638461242863,Residential,Analog,Irbid_West,0
C10037,2018-08-29,20.35235802770159,35.52853704155238,Residential,Analog,Irbid_South,0
C10089,2021-01-15,7.846065614141997,16.769098421212995,Residential,Analog,Irbid_East,0
C10051,2020-02-20,17.182301761462632,30.77345264219395,Residential,Digital,Irbid_South,0
C10083,2019-04-26,171.97432562340057,262.9614884351009,Industrial,Digital,Irbid_North,0
C10059,2019-12-22,,42.445219497425725,Residential,Analog,Center,0
C10058,2022-09-07,349.7724113790308,529.6586170685462,Industrial,Analog,Irbid_West,0
C10061,2021-03-16,18.150567849401824,32.225851774102736,Residential,Analog,Irbid_South,0
C10026,2021-09-12,16.185959646846886,29.27893947027033,Residential,Analog,Irbid_East,0
C10083,2020-01-21,151.00453069042962,231.5067960356444,Industrial,Digital,Irbid_North,0
C10077,2019-03-27,21.029883821440674,36.54482573216101,Residential,Digital,Irbid_East,0
C10018,2018-12-27,17.751242750961325,31.626864126441987,Residential,Digital,Irbid_West,1
C10088,2021-11-11,24.756810479783052,42.13521571967458,Residential,Analog,Irbid_South,0
C10068,2018-05-31,33.18112164540047,54.7716824681007,Residential,Analog,Irbid_South,0
C10011,2020-02-20,,15.234962691085729,Residential,Digital,Irbid_South,0
C10012,2021-10-12,93.76460014945063,145.64690022417594,Commercial,Analog,Irbid_North,0
C10065,2020-02-20,17.591150404094176,31.386725606141262,Residential,Digital,Center,0
C10001,2021-01-15,23.665314095733393,40.49797114360009,Residential,Analog,Center,0
C10018,2019-07-25,29.428072918426793,49.14210937764019,Residential,Digital,Irbid_West,1
C10078,2020-09-17,61.87243098277072,97.80864647415609,Commercial,Analog,Center,0
C10078,2021-08-13,68.61813608127883,107.92720412191825,Commercial,Analog,Center,0
C10019,2022-01-10,18.813638719555513,33.22045807933327,Residential,Analog,Irbid_West,0
C10077,2021-05-15,26.240240650932602,44.3603609763989,Residential,Digital,Irbid_East,0
C10043,2019-11-22,7.319587254564149,15.979380881846224,Residential,Analog,Irbid_West,0
C10057,2021-07-14,39.77293014252224,64.65939521378337,Residential,Analog,Center,0
C10043,2022-01-10,7.407295194069314,16.110942791103973,Residential,Analog,Irbid_West,0
C10090,2019-10-23,30.33558505854615,50.50337758781923,Residential,Digital,Irbid_West,0
C10031,2018-07-30,37.30267038007808,60.95400557011712,Residential,Analog,Irbid_West,0
C10032,2018-12-27,58.0218511565578,92.0327767348367,Commercial,Analog,Irbid_West,1
C10085,2019-09-23,29.882232935916242,49.82334940387436,Residential,Analog,Irbid_North,0
C10080,2022-06-09,21.030539253133217,36.54580887969983,Residential,Digital,Irbid_East,0
C10006,2018-08-29,128.29505705289577,197.44258557934364,Commercial,Digital,Irbid_South,0
C10075,2021-11-11,10.158513810909696,20.237770716364544,Residential,Smart,Irbid_South,0
C10079,2020-08-18,37.40139748977565,61.10209623466347,Residential,Digital,Irbid_North,0
C10084,2018-01-31,21.979106806755183,37.968660210132775,Residential,Analog,Irbid_North,0
C10046,2018-05-01,26.637323383049512,44.95598507457427,Residential,Digital,Irbid_West,0
C10097,2020-12-16,28.989744876034347,48.48461731405152,Commercial,Analog,Center,0
C10020,2022-11-06,10.748144173706809,21.122216260560215,Residential,Digital,Irbid_East,0
C10049,2018-06-30,50.18155863320186,80.27233794980279,Residential,Analog,Irbid_South,0
C10029,2019-02-25,38.951080131267716,63.426620196901574,Commercial,Analog,Irbid_South,1
C10069,2019-02-25,8.758424846096272,18.137637269144406,Residential,Analog,Irbid_South,0
C10089,2019-04-26,10.785061493717803,21.177592240576704,Residential,Analog,Irbid_East,0
C10061,2018-08-29,36.56636424959583,59.84954637439374,Residential,Analog,Irbid_South,0
C10047,2019-04-26,27.728432184114283,46.592648276171424,Residential,Analog,Irbid_North,0
C10086,2020-01-21,23.965634599136393,40.94845189870459,Residential,Analog,Center,0
C10095,2019-03-27,24.091961947174006,41.137942920761006,Residential,Analog,Irbid_West,1
C10067,2021-10-12,18.674316996097918,33.01147549414688,Residential,Analog,Center,0
C10082,2020-05-20,40.2783236434924,65.4174854652386,Residential,Analog,Irbid_East,1
C10002,2019-12-22,38.009773400630365,62.01466010094555,Commercial,Analog,Irbid_South,0
C10091,2018-07-30,16.740643516693613,30.11096527504042,Residential,Smart,Irbid_South,0
C10098,2022-05-10,67.57361264965371,106.36041897448057,Commercial,Analog,Irbid_South,0
C10028,2018-01-01,18.873498259689832,33.31024738953475,Residential,Analog,Irbid_South,0
C10023,2020-10-17,29.429098649809603,49.143647974714405,Residential,Digital,Irbid_West,0
C10097,2021-10-12,44.18365865063217,71.27548797594825,Commercial,Analog,Center,0
C10029,2020-02-20,45.94411616337874,73.9161742450681,Commercial,Analog,Irbid_South,1
C10047,2021-07-14,45.99054066595397,73.98581099893096,Residential,Analog,Irbid_North,0
C10045,2018-10-28,77.02840388836718,120.54260583255078,Commercial,Digital,Center,0
C10023,2019-12-22,20.96922636433864,36.45383954650796,Residential,Digital,Irbid_West,0
C10091,2020-07-19,20.132899428199213,35.19934914229882,Residential,Smart,Irbid_South,0
C10069,2020-09-17,12.535759512385479,23.803639268578216,Residential,Analog,Irbid_South,0
C10073,2018-04-01,32.68296654808643,54.024449822129654,Residential,Digital,Irbid_South,0
C10061,2022-02-09,19.193239683742643,33.78985952561396,Residential,Analog,Irbid_South,0
C10018,2020-05-20,24.960090680987307,4.58868929225545,Residential,Digital,Irbid_West,1
C10041,2021-03-16,39.22094147296684,63.831412209450264,Commercial,Analog,Irbid_North,0
C10098,2019-10-23,57.803810556130514,91.70571583419577,Commercial,Analog,Irbid_South,0
C10009,2019-09-23,30.142410640272374,50.21361596040856,Residential,Analog,Irbid_East,0
C10072,2022-05-10,29.949997247947802,49.9249958719217,Residential,Analog,Irbid_West,0
C10093,2019-12-22,15.910529604108172,28.86579440616226,Residential,Analog,Irbid_East,0
C10094,2018-05-01,36.3291651317379,59.49374769760685,Residential,Digital,Irbid_South,0
C10039,2022-09-07,24.436727983799614,41.65509197569942,Residential,Digital,Irbid_South,0
C10096,2019-03-27,20.85677078587371,36.28515617881057,Residential,Analog,Center,0
C10010,2018-05-01,124.1559526247956,191.2339289371934,Commercial,Analog,Irbid_East,0
C10042,2022-05-10,10.442938785538903,20.664408178308356,Residential,Analog,Irbid_West,0
C10021,2022-05-10,17.183246981067985,30.77487047160198,Residential,Analog,Center,0
C10002,2020-09-17,73.35162607468575,115.02743911202863,Commercial,Analog,Irbid_South,0
C10095,2021-07-14,-5.742753240488745,5.0,Residential,Analog,Irbid_West,1
C10004,2021-12-11,0.24701994380306613,5.3705299157046,Residential,Analog,Center,1
C10040,2018-05-01,32.53567552170838,53.80351328256256,Residential,Analog,Irbid_West,0
C10090,2018-03-02,23.438129538444677,40.15719430766701,Residential,Digital,Irbid_West,0
C10040,2021-11-11,29.2778285206041,48.91674278090615,Residential,Analog,Irbid_West,0
C10075,2018-08-29,18.844688721184045,33.26703308177607,Residential,Smart,Irbid_South,0
C10015,2022-05-10,69.21335727446652,4.71314999803071,Commercial,Digital,Irbid_North,1
C10043,2022-03-11,9.496820101740996,19.245230152611494,Residential,Analog,Irbid_West,0
C10072,2020-04-20,25.265128208453888,42.89769231268083,Residential,Analog,Irbid_West,0
C10006,2019-11-22,76.80590607960895,120.20885911941342,Commercial,Digital,Irbid_South,0
C10036,2020-03-21,12.708706862265744,24.063060293398618,Residential,Analog,Center,1
C10033,2019-09-23,115.14608319144739,177.7191247871711,Commercial,Smart,Center,0
C10042,2019-09-23,12.388927429364845,23.58339114404727,Residential,Analog,Irbid_West,0
C10066,2018-05-31,68.85063588834691,108.27595383252037,Commercial,Analog,Irbid_East,0
C10087,2021-12-11,0.0,5.0,Residential,Analog,Center,1
C10050,2021-04-15,18.08818167645982,32.13227251468973,Residential,Analog,Irbid_East,0
C10080,2022-07-09,24.549227448737835,41.82384117310675,Residential,Digital,Irbid_East,0
C10008,2019-07-25,133.17254353896914,204.7588153084537,Commercial,Analog,Irbid_South,0
C10005,2022-08-08,31.91178803495854,52.867682052437814,Residential,Digital,Irbid_West,0
C10024,2021-04-15,33.759352189786576,55.63902828467987,Residential,Analog,Irbid_North,0
C10010,2022-11-06,75.77563328817831,118.66344993226747,Commercial,Analog,Irbid_East,0
C10036,2018-05-01,25.005239341818324,42.50785901272749,Residential,Analog,Center,1
C10059,2018-09-28,43.44578437513525,70.16867656270287,Residential,Analog,Center,0
C10046,2018-07-30,35.45439094549538,58.18158641824307,Residential,Digital,Irbid_West,0
C10072,2020-10-17,21.482417796887667,37.223626695331504,Residential,Analog,Irbid_West,0
C10089,2018-12-27,7.781182166327461,16.671773249491192,Residential,Analog,Irbid_East,0
C10003,2021-01-15,11.519611613037206,22.27941741955581,Residential,Analog,Irbid_West,0
C10035,2022-03-11,21.99587779160738,37.99381668741107,Residential,Digital,Irbid_West,0
C10076,2019-08-24,33.09951427657251,54.649271414858774,Residential,Analog,Irbid_South,0
C10041,2018-07-30,77.41103246431963,121.11654869647944,Commercial,Analog,Irbid_North,0
C10066,2020-09-17,65.53890090493722,103.30835135740583,Commercial,Analog,Irbid_East,0
C10093,2021-11-11,18.592103894982465,32.888155842473694,Residential,Analog,Irbid_East,0
C10079,2019-12-22,21.403353857679427,37.10503078651914,Residential,Digital,Irbid_North,0
C10043,2018-01-31,9.350396020764094,19.02559403114614,Residential,Analog,Irbid_West,0
C10093,2018-06-30,28.23299504847178,47.34949257270767,Residential,Analog,Irbid_East,0
C10037,2018-10-28,17.851642230872425,31.777463346308636,Residential,Analog,Irbid_South,0
C10035,2022-07-09,34.88352357674898,57.32528536512346,Residential,Digital,Irbid_West,0
C10067,2022-07-09,26.86795341573093,45.30193012359639,Residential,Analog,Center,0
C10044,2019-06-25,28.424478621306335,47.6367179319595,Residential,Digital,Center,0
C10055,2022-02-09,16.198756236908057,29.298134355362087,Residential,Analog,Irbid_West,0
C10033,2020-07-19,124.8212078849626,192.2318118274439,Commercial,Smart,Center,0
C10043,2018-04-01,11.528654187363541,22.29298128104531,Residential,Analog,Irbid_West,0
C10003,2020-12-16,,30.222783737964544,Residential,Analog,Irbid_West,0
C10013,2020-11-16,25.832057801928833,43.74808670289325,Residential,Digital,Irbid_South,0
C10025,2021-09-12,15.650347162634668,28.475520743952003,Residential,Digital,Center,0
C10064,2021-09-12,37.213341000588265,60.8200115008824,Residential,Analog,Irbid_West,0
C10085,2018-09-28,36.813128367008765,60.219692550513145,Residential,Analog,Irbid_North,0
C10001,2020-07-19,44.476859282021394,71.71528892303209,Residential,Analog,Center,0
C10047,2021-09-12,40.80462109643496,66.20693164465243,Residential,Analog,Irbid_North,0
C10047,2019-12-22,23.46681559221942,40.20022338832913,Residential,Analog,Irbid_North,0
C10089,2022-02-09,5.931947584261131,13.897921376391697,Residential,Analog,Irbid_East,0
C10004,2021-05-15,,7.429084329675696,Residential,Analog,Center,1
C10014,2020-08-18,18.277385736360447,32.41607860454067,Residential,Digital,Center,1
C10047,2020-04-20,34.89268714665077,57.33903071997616,Residential,Analog,Irbid_North,0
C10069,2018-07-30,13.47095653770224,25.20643480655336,Residential,Analog,Irbid_South,0
C10095,2020-07-19,47.266853477593855,75.90028021639078,Residential,Analog,Irbid_West,1
C10063,2021-02-14,20.279062058242882,35.41859308736432,Residential,Smart,Center,0
C10042,2022-09-07,15.148610302574465,27.722915453861695,Residential,Analog,Irbid_West,0
C10068,2018-08-29,35.53119340116961,58.29679010175441,Residential,Analog,Irbid_South,0
C10003,2022-09-07,20.90521366755447,36.3578205013317,Residential,Analog,Irbid_West,0
C10080,2018-10-28,17.644088678942342,31.466133018413515,Residential,Digital,Irbid_East,0
C10040,2018-10-28,28.683801571347352,48.02570235702103,Residential,Analog,Irbid_West,0
C10039,2022-11-06,17.35712229193809,31.035683437907135,Residential,Digital,Irbid_South,0
C10084,2019-11-22,25.100487314793764,42.650730972190644,Residential,Analog,Irbid_North,0
C10095,2021-01-15,19.24168593785751,33.86252890678627,Residential,Analog,Irbid_West,1
C10076,2020-08-18,34.99867625894806,57.49801438842209,Residential,Analog,Irbid_South,0
C10020,2020-11-16,11.90540515421821,22.858107731327316,Residential,Digital,Irbid_East,0
C10009,2022-10-07,25.59675649319913,43.39513473979869,Residential,Analog,Irbid_East,0
C10051,2022-01-10,16.174437791943188,29.26165668791478,Residential,Digital,Irbid_South,0
C10081,2019-10-23,41.456915057439545,67.18537258615932,Residential,Digital,Irbid_North,0
C10025,2018-08-29,16.167564457840623,29.251346686760932,Residential,Digital,Center,0
C10048,2018-09-28,37.642291042158284,61.46343656323742,Residential,Digital,Irbid_West,0
C10033,2019-10-23,103.83283067981758,160.74924601972637,Commercial,Smart,Center,0
C10032,2020-09-17,3.284017907449796,9.926026861174694,Commercial,Analog,Irbid_West,1
C10081,2021-11-11,36.029946907766224,59.04492036164933,Residential,Digital,Irbid_North,0
C10048,2020-06-19,40.20700878490661,65.31051317735992,Residential,Digital,Irbid_West,0
C10014,2019-08-24,21.47670992528517,37.21506488792775,Residential,Digital,Center,1
C10063,2021-01-15,13.184301725575125,24.776452588362687,Residential,Smart,Center,0
C10010,2020-01-21,85.614511259567,133.4217668893505,Commercial,Analog,Irbid_East,0
C10035,2019-01-26,15.197647479316174,27.79647121897426,Residential,Digital,Irbid_West,0
C10066,2018-04-01,55.41092193317294,88.11638289975942,Commercial,Analog,Irbid_East,0
C10031,2021-01-15,17.33258540396935,30.998878105954027,Residential,Analog,Irbid_West,0
C10044,2021-01-15,11.67667178330311,22.515007674954667,Residential,Digital,Center,0
C10061,2020-04-20,24.761220452067377,42.141830678101066,Residential,Analog,Irbid_South,0
C10071,2022-03-11,32.31853473717659,53.47780210576489,Commercial,Analog,Irbid_East,0
C10002,2019-08-24,85.70899089664974,133.5634863449746,Commercial,Analog,Irbid_South,0
C10089,2022-09-07,13.540667880989863,25.311001821484794,Residential,Analog,Irbid_East,0
C10053,2018-08-29,41.84218271452176,67.76327407178265,Residential,Smart,Center,0
C10004,2022-05-10,5.285035857354278,12.927553786031417,Residential,Analog,Center,1
C10096,2021-11-11,23.605917417269765,40.40887612590465,Residential,Analog,Center,0
C10054,2020-06-19,19.57134267387159,34.35701401080739,Residential,Digital,Center,0
C10005,2019-02-25,19.81107038508155,34.716605577622325,Residential,Digital,Irbid_West,0
C10030,2018-07-30,38.45183195396206,62.6777479309431,Residential,Analog,Irbid_East,0
C10094,2018-08-29,42.80808687286215,69.21213030929323,Residential,Digital,Irbid_South,0
C10066,2019-07-25,70.81955832341927,111.22933748512891,Commercial,Analog,Irbid_East,0
C10068,2020-11-16,22.273392093464132,38.410088140196194,Residential,Analog,Irbid_South,0
C10063,2019-05-26,24.63896102470232,41.958441537053474,Residential,Smart,Center,0
C10033,2021-06-14,129.6433772837094,199.46506592556412,Commercial,Smart,Center,0
C10012,2018-12-27,82.66225815551664,128.99338723327497,Commercial,Analog,Irbid_North,0
C10035,2020-08-18,34.137385294340895,56.20607794151134,Residential,Digital,Irbid_West,0
C10067,2021-05-15,20.097063009886313,35.14559451482947,Residential,Analog,Center,0
C10026,2018-01-31,7.9091140796697355,16.863671119504602,Residential,Analog,Irbid_East,0
C10062,2020-07-19,68.0527211972241,107.07908179583615,Commercial,Analog,Irbid_West,0
C10051,2019-09-23,,47.994578360557085,Residential,Digital,Irbid_South,0
C10086,2021-02-14,16.238567064665173,29.357850596997757,Residential,Analog,Center,0
C10019,2019-05-26,28.49564367691235,47.74346551536853,Residential,Analog,Irbid_West,0
C10087,2020-11-16,0.0,5.0,Residential,Analog,Center,1
C10001,2019-02-25,19.81251845230453,34.718777678456796,Residential,Analog,Center,0
C10048,2021-08-13,38.36574181296445,62.54861271944668,Residential,Digital,Irbid_West,0
C10029,2021-10-12,6.318759219111399,14.478138828667099,Commercial,Analog,Irbid_South,1
C10044,2019-02-25,17.92907590054381,31.89361385081572,Residential,Digital,Center,0
C10021,2021-06-14,19.722335627150535,34.583503440725806,Residential,Analog,Center,0
C10028,2021-09-12,37.93951820112202,61.909277301683034,Residential,Analog,Irbid_South,0
C10072,2020-12-16,15.180772240956516,27.771158361434775,Residential,Analog,Irbid_West,0
C10034,2019-10-23,182.094161756858,278.14124263528697,Industrial,Digital,Irbid_West,0
C10093,2022-02-09,18.301147879650472,32.45172181947571,Residential,Analog,Irbid_East,0
C10047,2019-09-23,40.464717305915855,65.69707595887378,Residential,Analog,Irbid_North,0
C10099,2020-06-19,59.13686944284778,93.70530416427167,Commercial,Analog,Irbid_South,0
C10095,2022-09-07,42.23059860812837,68.34589791219256,Residential,Analog,Irbid_West,1
C10090,2018-11-27,33.90747800370538,55.86121700555807,Residential,Digital,Irbid_West,0
C10068,2019-03-27,24.74855824192298,42.12283736288447,Residential,Analog,Irbid_South,0
C10083,2021-07-14,270.4745232838808,410.7117849258212,Industrial,Digital,Irbid_North,0
C10088,2021-07-14,48.55963342539258,77.83945013808888,Residential,Analog,Irbid_South,0
C10032,2018-01-01,41.25630112825008,66.88445169237512,Commercial,Analog,Irbid_West,1
C10087,2018-01-01,10.048356072861694,20.07253410929254,Residential,Analog,Center,1
C10014,2020-04-20,14.825223096244738,27.237834644367105,Residential,Digital,Center,1
C10009,2020-02-20,20.83092136469103,36.24638204703655,Residential,Analog,Irbid_East,0
C10053,2018-09-28,35.62670925546354,58.44006388319531,Residential,Smart,Center,0
C10019,2021-03-16,22.276957029759814,38.41543554463972,Residential,Analog,Irbid_West,0
C10075,2018-05-31,13.22143842141877,24.832157632128155,Residential,Smart,Irbid_South,0
C10001,2022-02-09,27.456297687520518,46.18444653128078,Residential,Analog,Center,0
C10088,2020-06-19,43.9791667765008,70.9687501647512,Residential,Analog,Irbid_South,0
C10017,2019-05-26,17.865287635669553,31.79793145350433,Residential,Analog,Irbid_West,0
C10100,2021-09-12,34.50246395979179,56.75369593968769,Residential,Analog,Center,0
C10039,2020-12-16,12.170915883202971,23.256373824804456,Residential,Digital,Irbid_South,0
C10064,2018-07-30,33.84189663696355,55.76284495544532,Residential,Analog,Irbid_West,0
C10073,2020-12-16,26.922995601338165,45.38449340200725,Residential,Digital,Irbid_South,0
C10094,2019-11-22,30.091925369262114,50.13788805389317,Residential,Digital,Irbid_South,0
C10067,2019-05-26,17.37040888589609,31.055613328844135,Residential,Analog,Center,0
C10013,2018-10-28,33.56975698795545,55.35463548193317,Residential,Digital,Irbid_South,0
C10027,2022-07-09,41.484008085571624,67.22601212835744,Residential,Digital,Irbid_North,0
C10007,2021-05-15,29.467204050413205,49.20080607561981,Residential,Analog,Irbid_East,0
C10022,2021-01-15,8.659152887129242,17.988729330693864,Residential,Analog,Irbid_North,0
C10020,2022-06-09,16.353737937787205,29.53060690668081,Residential,Digital,Irbid_East,0
C10077,2020-10-17,21.830572757485875,37.745859136228816,Residential,Digital,Irbid_East,0
C10075,2020-09-17,15.615142984665917,28.422714476998877,Residential,Smart,Irbid_South,0
C10038,2018-04-01,37.312240626670274,60.96836094000541,Residential,Digital,Center,0
C10077,2021-09-12,28.14014409673622,47.210216145104326,Residential,Digital,Irbid_East,0
C10047,2018-10-28,36.239894150768876,59.359841226153314,Residential,Analog,Irbid_North,0
C10041,2020-07-19,65.3289383101476,102.99340746522141,Commercial,Analog,Irbid_North,0
C10038,2018-08-29,37.485110931782785,61.22766639767418,Residential,Digital,Center,0
C10006,2019-07-25,123.83154670221137,190.74732005331705,Commercial,Digital,Irbid_South,0
C10077,2018-05-01,25.455996856220455,43.183995284330685,Residential,Digital,Irbid_East,0
C10017,2020-10-17,16.318564680452823,29.477847020679235,Residential,Analog,Irbid_West,0
C10025,2021-12-11,8.01950942619775,17.029264139296625,Residential,Digital,Center,0
C10045,2021-12-11,45.52076752437003,73.28115128655504,Commercial,Digital,Center,0
C10090,2018-04-01,31.49436151169809,52.24154226754714,Residential,Digital,Irbid_West,0
C10061,2020-02-20,23.283550615149778,39.92532592272467,Residential,Analog,Irbid_South,0
C10004,2022-11-06,2.0141587178608527,8.02123807679128,Residential,Analog,Center,1
C10072,2018-05-01,30.49248909902493,50.73873364853739,Residential,Analog,Irbid_West,0
C10004,2019-07-25,41.42448678919381,67.13673018379072,Residential,Analog,Center,1
C10057,2021-06-14,40.47116633404817,65.70674950107225,Residential,Analog,Center,0
C10038,2021-08-13,39.60213832670588,64.40320749005882,Residential,Digital,Center,0
C10021,2019-07-25,17.683386037071834,31.52507905560775,Residential,Analog,Center,0
C10062,2020-11-16,38.408913245305676,62.61336986795851,Commercial,Analog,Irbid_West,0
C10069,2019-12-22,6.940426313435527,15.41063947015329,Residential,Analog,Irbid_South,0
C10023,2018-10-28,29.80645629576665,49.70968444364998,Residential,Digital,Irbid_West,0
C10064,2018-06-30,38.91837232452747,63.3775584867912,Residential,Analog,Irbid_West,0
C10049,2021-02-14,26.68944861152962,45.03417291729443,Residential,Analog,Irbid_South,0
C10018,2019-12-22,17.89140848492519,5.127124602067465,Residential,Digital,Irbid_West,1
C10002,2021-05-15,74.39704368681352,116.59556553022028,Commercial,Analog,Irbid_South,0
C10054,2020-09-17,15.144682318613526,27.71702347792029,Residential,Digital,Center,0
C10014,2020-06-19,19.668211391633612,34.50231708745042,Residential,Digital,Center,1
C10005,2019-07-25,35.471619822253004,58.207429733379506,Residential,Digital,Irbid_West,0
C10099,2018-01-01,29.622444636764143,49.433666955146215,Commercial,Analog,Irbid_South,0
C10036,2019-07-25,23.59817329459606,40.39725994189409,Residential,Analog,Center,1
C10050,2018-08-29,29.686542608356568,49.52981391253485,Residential,Analog,Irbid_East,0
C10043,2018-06-30,16.69549621856306,30.04324432784459,Residential,Analog,Irbid_West,0
C10035,2018-03-02,16.59358987860794,29.890384817911908,Residential,Digital,Irbid_West,0
C10061,2021-05-15,27.041288978188973,45.56193346728346,Residential,Analog,Irbid_South,0
C10089,2018-08-29,14.204752469754016,26.307128704631026,Residential,Analog,Irbid_East,0
C10059,2018-12-27,22.27409601054428,38.41114401581642,Residential,Analog,Center,0
C10025,2021-01-15,9.603864038610311,19.405796057915467,Residential,Digital,Center,0
C10079,2019-09-23,30.54790064688321,50.82185097032482,Residential,Digital,Irbid_North,0
C10081,2022-04-10,36.82021362789504,60.230320441842565,Residential,Digital,Irbid_North,0
C10019,2018-06-30,35.04466594846041,57.566998922690615,Residential,Analog,Irbid_West,0
C10076,2018-10-28,26.27603989810452,44.41405984715678,Residential,Analog,Irbid_South,0
C10057,2022-02-09,19.146391062304932,33.7195865934574,Residential,Analog,Center,0
C10079,2019-04-26,31.499045293960897,52.24856794094134,Residential,Digital,Irbid_North,0
C10014,2018-07-30,19.77485106545539,34.662276598183084,Residential,Digital,Center,1
C10028,2021-01-15,17.062711787532272,30.59406768129841,Residential,Analog,Irbid_South,0
C10086,2018-11-27,26.03691276453467,44.05536914680201,Residential,Analog,Center,0
C10038,2022-04-10,34.032758931839645,56.049138397759464,Residential,Digital,Center,0
C10034,2022-01-10,108.94164986054739,168.41247479082108,Industrial,Digital,Irbid_West,0
C10054,2020-05-20,16.789646333054552,30.18446949958183,Residential,Digital,Center,0
C10079,2019-08-24,38.93932352227737,63.40898528341606,Residential,Digital,Irbid_North,0
C10054,2019-02-25,11.915649578901412,22.87347436835212,Residential,Digital,Center,0
C10075,2019-01-26,7.490769846457218,16.236154769685825,Residential,Smart,Irbid_South,0
C10061,2019-04-26,22.437368952393935,38.6560534285909,Residential,Analog,Irbid_South,0
C10077,2019-02-25,15.923785701395449,28.885678552093175,Residential,Digital,Irbid_East,0
C10036,2021-06-14,38.0130907593288,62.01963613899319,Residential,Analog,Center,1
C10065,2021-01-15,13.388606954079401,25.082910431119103,Residential,Digital,Center,0
C10071,2018-05-31,55.36508045672216,88.04762068508325,Commercial,Analog,Irbid_East,0
C10056,2021-11-11,14.150781044756725,26.226171567135086,Residential,Analog,Irbid_North,0
C10073,2022-09-07,37.83286614190561,61.74929921285842,Residential,Digital,Irbid_South,0
C10012,2019-11-22,54.16211623338746,86.24317435008119,Commercial,Analog,Irbid_North,0
C10096,2020-11-16,16.969541086630887,30.454311629946332,Residential,Analog,Center,0
C10039,2018-05-01,21.474872177079654,37.212308265619484,Residential,Digital,Irbid_South,0
C10060,2022-02-09,69.97783618260463,109.96675427390696,Commercial,Analog,Irbid_East,0
C10095,2019-05-26,36.74654775167282,60.11982162750923,Residential,Analog,Irbid_West,1
C10011,2019-10-23,10.172577021622581,20.258865532433873,Residential,Digital,Irbid_South,0
C10068,2022-06-09,34.39642969434837,56.594644541522555,Residential,Analog,Irbid_South,0
C10042,2019-04-26,11.26557520181326,21.898362802719888,Residential,Analog,Irbid_West,0
C10006,2019-12-22,82.54426006278267,128.816390094174,Commercial,Digital,Irbid_South,0
C10030,2019-08-24,39.52726484974391,64.29089727461586,Residential,Analog,Irbid_East,0
C10065,2021-03-16,19.688136227683454,34.53220434152518,Residential,Digital,Center,0
C10006,2020-01-21,44.9885238599372,72.4827857899058,Commercial,Digital,Irbid_South,0
C10093,2019-10-23,21.405614952840093,37.10842242926014,Residential,Analog,Irbid_East,0
C10040,2019-06-25,42.1245627095222,68.1868440642833,Residential,Analog,Irbid_West,0
C10003,2018-12-27,18.869005802413604,33.30350870362041,Residential,Analog,Irbid_West,0
C10012,2020-07-19,116.20559864764297,179.30839797146444,Commercial,Analog,Irbid_North,0
C10012,2021-09-12,110.46080134212657,170.69120201318987,Commercial,Analog,Irbid_North,0
C10020,2021-10-12,12.536089238164081,23.80413385724612,Residential,Digital,Irbid_East,0
C10007,2021-12-11,15.978181120843871,28.967271681265807,Residential,Analog,Irbid_East,0
C10073,2020-05-20,39.89564698326884,64.84347047490326,Residential,Digital,Irbid_South,0
C10048,2019-02-25,21.36255711764264,37.043835676463964,Residential,Digital,Irbid_West,0
C10012,2019-04-26,107.03450074052677,165.55175111079015,Commercial,Analog,Irbid_North,0
C10063,2020-11-16,14.803738808983358,27.20560821347504,Residential,Smart,Center,0
C10014,2020-07-19,20.387018636888822,35.58052795533323,Residential,Digital,Center,1
C10068,2020-04-20,29.941249584423584,49.911874376635375,Residential,Analog,Irbid_South,0
C10098,2020-04-20,48.28537290883752,77.42805936325628,Commercial,Analog,Irbid_South,0
C10068,2020-06-19,34.70076576669896,57.05114865004843,Residential,Analog,Irbid_South,0
C10098,2021-12-11,42.55297174260279,68.8294576139042,Commercial,Analog,Irbid_South,0
C10081,2021-01-15,26.401971398575334,44.602957097863,Residential,Digital,Irbid_North,0
C10079,2020-12-16,20.77605047691284,36.16407571536926,Residential,Digital,Irbid_North,0
C10031,2022-11-06,19.834332483572474,34.751498725358715,Residential,Analog,Irbid_West,0
C10028,2022-01-10,23.79437653020761,40.691564795311415,Residential,Analog,Irbid_South,0
C10084,2019-12-22,25.343276852547383,43.01491527882108,Residential,Analog,Irbid_North,0
C10053,2020-09-17,40.76178133420615,66.14267200130922,Residential,Smart,Center,0
C10007,2018-11-27,23.215726236960748,39.82358935544112,Residential,Analog,Irbid_East,0
C10019,2019-11-22,22.571653513071237,38.85748026960685,Residential,Analog,Irbid_West,0
C10060,2018-01-01,41.73586209914892,67.60379314872338,Commercial,Analog,Irbid_East,0
C10029,2018-05-01,82.3962611100826,128.5943916651239,Commercial,Analog,Irbid_South,1
C10033,2021-07-14,132.53670446305543,203.80505669458313,Commercial,Smart,Center,0
C10066,2022-10-07,52.13836217084832,83.20754325627247,Commercial,Analog,Irbid_East,0
C10096,2018-07-30,37.4805582711969,61.22083740679535,Residential,Analog,Center,0
C10003,2021-12-11,8.667426043393473,18.001139065090207,Residential,Analog,Irbid_West,0
C10075,2021-01-15,7.666269489206493,16.49940423380974,Residential,Smart,Irbid_South,0
C10024,2020-03-21,24.509038579754634,41.76355786963195,Residential,Analog,Irbid_North,0
C10008,2021-09-12,131.80805442545866,202.712081638188,Commercial,Analog,Irbid_South,0
C10010,2019-01-26,69.97757521814141,109.96636282721212,Commercial,Analog,Irbid_East,0
C10061,2019-03-27,23.68439916243178,40.52659874364767,Residential,Analog,Irbid_South,0
C10004,2019-06-25,40.55996901183021,65.83995351774531,Residential,Analog,Center,1
C10064,2018-03-02,,47.02022460545791,Residential,Analog,Irbid_West,0
C10048,2022-05-10,36.70223795954898,60.05335693932347,Residential,Digital,Irbid_West,0
C10026,2022-11-06,12.60099861192613,23.901497917889195,Residential,Analog,Irbid_East,0
C10082,2018-05-31,19.759713014821873,34.63956952223281,Residential,Analog,Irbid_East,1
C10027,2018-03-02,22.27812813023473,38.417192195352094,Residential,Digital,Irbid_North,0
C10032,2018-09-28,78.73087936989506,123.0963190548426,Commercial,Analog,Irbid_West,1
C10084,2019-01-26,18.8021755445493,33.20326331682395,Residential,Analog,Irbid_North,0
C10091,2020-06-19,20.522649322637935,35.783973983956905,Residential,Smart,Irbid_South,0
C10004,2022-02-09,2.958721553447946,9.43808233017192,Residential,Analog,Center,1
C10086,2021-06-14,35.35427660617114,58.03141490925671,Residential,Analog,Center,0
C10072,2019-03-27,21.294767027568565,36.942150541352845,Residential,Analog,Irbid_West,0
C10042,2021-02-14,7.632505549741265,16.448758324611898,Residential,Analog,Irbid_West,0
C10033,2020-01-21,55.491765819193986,88.23764872879099,Commercial,Smart,Center,0
C10064,2021-01-15,18.985455669858087,33.47818350478713,Residential,Analog,Irbid_West,0
C10030,2021-01-15,21.379475998928143,37.069213998392215,Residential,Analog,Irbid_East,0
C10023,2022-06-09,25.220413240961403,42.8306198614421,Residential,Digital,Irbid_West,0
C10044,2021-03-16,18.905752110342934,33.3586281655144,Residential,Digital,Center,0
C10098,2020-11-16,48.809467712590994,78.2142015688865,Commercial,Analog,Irbid_South,0
C10016,2020-02-20,24.350364662936993,41.52554699440549,Residential,Digital,Irbid_North,0
C10001,2019-05-26,39.03886826747575,63.55830240121362,Residential,Analog,Center,0
C10026,2019-01-26,10.425744641409826,20.63861696211474,Residential,Analog,Irbid_East,0
C10057,2020-02-20,19.640951967053077,34.46142795057962,Residential,Analog,Center,0
C10022,2018-08-29,19.137859439239083,33.706789158858626,Residential,Analog,Irbid_North,0
C10084,2020-09-17,38.52136171630204,62.78204257445306,Residential,Analog,Irbid_North,0
C10073,2020-11-16,27.28333459737574,45.92500189606361,Residential,Digital,Irbid_South,0
C10023,2022-11-06,18.986481206299384,33.479721809449074,Residential,Digital,Irbid_West,0
C10049,2021-06-14,38.52379715859332,62.78569573788998,Residential,Analog,Irbid_South,0
C10082,2018-04-01,14.68072633597301,27.021089503959516,Residential,Analog,Irbid_East,1
C10092,2019-08-24,,58.184536065262364,Residential,Analog,Irbid_North,0
C10048,2019-01-26,17.50420800936174,31.25631201404261,Residential,Digital,Irbid_West,0
C10087,2018-09-28,18.82327283055632,33.23490924583448,Residential,Analog,Center,1
C10049,2022-04-10,39.43109939857907,64.1466490978686,Residential,Analog,Irbid_South,0
C10082,2022-06-09,16.369799887649634,29.55469983147445,Residential,Analog,Irbid_East,1
C10097,2019-05-26,62.609869381162035,98.91480407174305,Commercial,Analog,Center,0
C10083,2018-07-30,251.84060393253836,382.76090589880755,Industrial,Digital,Irbid_North,0
C10047,2021-02-14,19.282011090918928,33.92301663637839,Residential,Analog,Irbid_North,0
C10064,2019-07-25,39.249238572113086,63.87385785816963,Residential,Analog,Irbid_West,0
C10049,2019-01-26,18.790454685142976,33.18568202771446,Residential,Analog,Irbid_South,0
C10076,2022-04-10,29.855939289619872,49.78390893442981,Residential,Analog,Irbid_South,0
C10031,2021-08-13,36.552041122182864,59.8280616832743,Residential,Analog,Irbid_West,0
C10067,2021-08-13,21.22364513656444,36.83546770484666,Residential,Analog,Center,0
C10094,2021-11-11,30.312139702924895,50.46820955438734,Residential,Digital,Irbid_South,0
C10090,2020-08-18,40.11716906817308,65.17575360225962,Residential,Digital,Irbid_West,0
C10011,2022-07-09,12.482656599643642,23.723984899465464,Residential,Digital,Irbid_South,0
C10048,2021-04-15,36.87476559850944,60.31214839776416,Residential,Digital,Irbid_West,0
C10007,2020-09-17,,62.905172986688704,Residential,Analog,Irbid_East,0
C10043,2019-10-23,11.947349313940556,22.921023970910834,Residential,Analog,Irbid_West,0
C10005,2021-03-16,22.025817459539383,38.038726189309074,Residential,Digital,Irbid_West,0
C10054,2019-11-22,11.583878465047206,22.37581769757081,Residential,Digital,Center,0
C10092,2022-08-08,37.01080333336878,60.51620500005316,Residential,Analog,Irbid_North,0
C10082,2021-12-11,31.199554375011832,51.79933156251775,Residential,Analog,Irbid_East,1
C10032,2020-08-18,2.1847471518406993,8.277120727761048,Commercial,Analog,Irbid_West,1
C10037,2018-04-01,190.46232735345387,33.569349103018084,Residential,Analog,Irbid_South,0
C10017,2020-12-16,12.26189848241383,23.392847723620747,Residential,Analog,Irbid_West,0
C10001,2019-02-25,19.81251845230453,34.718777678456796,Residential,Analog,Center,0
C10074,2021-03-16,43.95961118201241,70.93941677301862,Commercial,Analog,Irbid_North,0
C10052,2020-05-20,23.974793773286912,40.96219065993037,Residential,Analog,Irbid_South,0
C10062,2021-09-12,59.94035848944506,94.91053773416759,Commercial,Analog,Irbid_West,0
C10038,2022-08-08,41.532593816532646,67.29889072479897,Residential,Digital,Center,0
C10010,2019-09-23,117.8431229719261,181.76468445788916,Commercial,Analog,Irbid_East,0
C10009,2022-02-09,14.339386539110574,26.50907980866586,Residential,Analog,Irbid_East,0
C10007,2022-02-09,22.312515747617883,38.46877362142683,Residential,Analog,Irbid_East,0
C10094,2020-04-20,33.765259723960035,55.64788958594005,Residential,Digital,Irbid_South,0
C10028,2018-12-27,22.66747610402289,39.00121415603434,Residential,Analog,Irbid_South,0
C10011,2018-05-01,12.13537166625073,23.203057499376094,Residential,Digital,Irbid_South,0
C10026,2021-07-14,17.701859005685595,31.552788508528394,Residential,Analog,Irbid_East,0
C10078,2022-01-10,38.005002929738524,62.007504394607786,Commercial,Analog,Center,0
C10002,2018-05-31,66.74714152414113,105.1207122862117,Commercial,Analog,Irbid_South,0
C10049,2020-04-20,35.132092352758484,57.69813852913772,Residential,Analog,Irbid_South,0
C10022,2022-02-09,9.937733583934103,19.906600375901153,Residential,Analog,Irbid_North,0
C10081,2020-06-19,51.7140957167073,82.57114357506094,Residential,Digital,Irbid_North,0
C10038,2019-08-24,41.668146732333796,67.50222009850069,Residential,Digital,Center,0
C10088,2019-01-26,23.150453755097832,39.72568063264675,Residential,Analog,Irbid_South,0
C10006,2022-03-11,73.71267844333329,115.56901766499993,Commercial,Digital,Irbid_South,0
C10020,2020-08-18,16.336047342387886,29.50407101358183,Residential,Digital,Irbid_East,0
C10094,2021-06-14,44.368838808963346,71.55325821344502,Residential,Digital,Irbid_South,0
C10084,2019-04-26,37.11618462303527,60.6742769345529,Residential,Analog,Irbid_North,0
C10068,2020-10-17,28.142642064391588,47.21396309658738,Residential,Analog,Irbid_South,0
C10056,2021-04-15,18.872075542473116,33.308113313709676,Residential,Analog,Irbid_North,0
C10030,2020-05-20,34.05059429991948,56.07589144987922,Residential,Analog,Irbid_East,0
C10057,2022-04-10,32.6003974443066,53.900596166459906,Residential,Analog,Center,0
C10089,2019-07-25,14.28393391595903,26.425900873938545,Residential,Analog,Irbid_East,0
C10002,2020-04-20,64.59224928767968,101.88837393151951,Commercial,Analog,Irbid_South,0
C10011,2020-01-21,5.342820134552713,13.014230201829069,Residential,Digital,Irbid_South,0
C10042,2020-04-20,12.051036778789827,23.07655516818474,Residential,Analog,Irbid_West,0
C10055,2020-05-20,30.937354961445504,51.406032442168254,Residential,Analog,Irbid_West,0
C10094,2022-07-09,46.43906179534894,74.65859269302341,Residential,Digital,Irbid_South,0
C10050,2019-08-24,31.482884182274468,52.224326273411705,Residential,Analog,Irbid_East,0
C10081,2018-10-28,31.480890023018812,52.22133503452822,Residential,Digital,Irbid_North,0
C10013,2021-07-14,37.551464894977684,61.327197342466526,Residential,Digital,Irbid_South,0
C10054,2019-06-25,19.744005706365314,34.61600855954797,Residential,Digital,Center,0
C10053,2021-02-14,19.08856346934912,33.63284520402368,Residential,Smart,Center,0
C10064,2020-11-16,20.785569580051092,36.17835437007664,Residential,Analog,Irbid_West,0
C10017,2018-09-28,19.33379469317496,34.00069203976244,Residential,Analog,Irbid_West,0
C10074,2020-07-19,74.29590444360437,116.44385666540656,Commercial,Analog,Irbid_North,0
C10027,2021-03-16,25.752262691353554,43.62839403703033,Residential,Digital,Irbid_North,0
C10022,2018-01-31,9.603819825204603,19.405729737806904,Residential,Analog,Irbid_North,0
C10008,2018-01-01,50.51498925143349,80.77248387715024,Commercial,Analog,Irbid_South,0
C10061,2018-12-27,21.406567357894577,37.10985103684187,Residential,Analog,Irbid_South,0
C10066,2019-02-25,42.16777445438064,68.25166168157097,Commercial,Analog,Irbid_East,0
C10007,2019-01-26,19.866731097074215,34.80009664561132,Residential,Analog,Irbid_East,0
C10083,2019-06-25,263.56923471927087,400.3538520789063,Industrial,Digital,Irbid_North,0
C10061,2020-01-21,19.382838018736177,34.07425702810426,Residential,Analog,Irbid_South,0
C10092,2018-05-31,31.30367948729358,51.95551923094037,Residential,Analog,Irbid_North,0
C10044,2018-09-28,27.945104204746276,46.917656307119415,Residential,Digital,Center,0
C10052,2019-08-24,26.956206625562622,45.43430993834393,Residential,Analog,Irbid_South,0
C10010,2021-10-12,101.61344183203077,157.42016274804615,Commercial,Analog,Irbid_East,0
C10082,2022-09-07,8.30200586319023,17.453008794785344,Residential,Analog,Irbid_East,1
C10004,2018-01-31,18.457273699846215,32.685910549769325,Residential,Analog,Center,1
C10079,2020-06-19,35.504036322019275,58.25605448302891,Residential,Digital,Irbid_North,0
C10088,2018-08-29,37.64150582144581,61.46225873216872,Residential,Analog,Irbid_South,0
C10015,2020-01-21,46.8136280696684,75.2204421045026,Commercial,Digital,Irbid_North,1
C10076,2022-09-07,32.09696478560668,53.14544717841002,Residential,Analog,Irbid_South,0
C10018,2019-10-23,23.687156202600715,40.53073430390107,Residential,Digital,Irbid_West,1
C10073,2021-11-11,28.960187725518587,48.440281588277884,Residential,Digital,Irbid_South,0
C10036,2018-07-30,23.31060806308773,39.9659120946316,Residential,Analog,Center,1
C10086,2021-03-16,23.070980307101095,39.60647046065164,Residential,Analog,Center,0
C10056,2020-12-16,14.819752055022198,27.229628082533296,Residential,Analog,Irbid_North,0
C10062,2019-10-23,51.663733379073165,82.49560006860975,Commercial,Analog,Irbid_West,0
C10076,2018-03-02,24.30584750955502,41.458771264332526,Residential,Analog,Irbid_South,0
C10080,2022-04-10,15.247798141704592,27.87169721255689,Residential,Digital,Irbid_East,0
C10085,2022-10-07,24.73128203367526,42.09692305051289,Residential,Analog,Irbid_North,0
C10025,2022-11-06,10.94170414792748,21.41255622189122,Residential,Digital,Center,0
C10012,2019-09-23,115.65636772478875,178.48455158718312,Commercial,Analog,Irbid_North,0
C10036,2020-11-16,1.7828236627456102,7.674235494118415,Residential,Analog,Center,1
C10073,2022-07-09,44.214046864826855,71.32107029724028,Residential,Digital,Irbid_South,0
C10030,2018-01-31,17.99290383418763,31.989355751281444,Residential,Analog,Irbid_East,0
C10025,2018-11-27,8.488830690072172,17.73324603510826,Residential,Digital,Center,0
C10055,2018-06-30,34.24613446098206,56.369201691473094,Residential,Analog,Irbid_West,0
C10069,2021-02-14,6.490788365316177,14.736182547974265,Residential,Analog,Irbid_South,0
C10098,2022-10-07,55.826373042378144,88.73955956356721,Commercial,Analog,Irbid_South,0
C10034,2021-08-13,264.005241804405,401.0078627066075,Industrial,Digital,Irbid_West,0
C10014,2020-01-21,10.21952450515948,20.32928675773922,Residential,Digital,Center,1
C10033,2022-05-10,114.01636229283555,176.02454343925334,Commercial,Smart,Center,0
C10088,2020-12-16,25.181230945819944,42.771846418729915,Residential,Analog,Irbid_South,0
C10001,2019-03-27,23.847845474202042,40.77176821130306,Residential,Analog,Center,0
C10092,2019-09-23,29.136391474758813,48.70458721213822,Residential,Analog,Irbid_North,0
C10088,2018-01-31,20.114456137450286,35.17168420617543,Residential,Analog,Irbid_South,0
C10068,2018-12-27,24.174484567892844,41.26172685183926,Residential,Analog,Irbid_South,0
C10080,2018-04-01,17.023009517146676,30.534514275720014,Residential,Digital,Irbid_East,0
C10056,2022-01-10,12.886906946464885,24.330360419697328,Residential,Analog,Irbid_North,0
C10094,2022-04-10,33.01719902058439,54.525798530876585,Residential,Digital,Irbid_South,0
C10094,2019-09-23,36.11638372069907,59.1745755810486,Residential,Digital,Irbid_South,0
C10041,2022-08-08,66.11752880230046,104.17629320345068,Commercial,Analog,Irbid_North,0
C10043,2022-07-09,15.54686038746933,28.320290581203995,Residential,Analog,Irbid_West,0
C10060,2018-05-31,66.41944464068277,104.62916696102415,Commercial,Analog,Irbid_East,0
C10023,2018-03-02,16.110136356793245,29.165204535189865,Residential,Digital,Irbid_West,0
C10029,2022-01-10,4.4802003540117825,11.720300531017674,Commercial,Analog,Irbid_South,1
C10042,2018-04-01,10.912378229992811,21.368567344989216,Residential,Analog,Irbid_West,0
C10021,2019-08-24,18.150896517502964,32.22634477625445,Residential,Analog,Center,0
C10051,2019-02-25,14.24081272672169,26.361219090082535,Residential,Digital,Irbid_South,0
C10084,2022-06-09,42.638318797191275,68.9574781957869,Residential,Analog,Irbid_North,0
C10021,2020-11-16,10.724010510830425,21.086015766245637,Residential,Analog,Center,0
C10028,2020-10-17,32.77021331383337,54.15531997075006,Residential,Analog,Irbid_South,0
C10030,2019-03-27,23.440231290703267,40.1603469360549,Residential,Analog,Irbid_East,0
C10068,2019-09-23,32.02842047944008,53.042630719160115,Residential,Analog,Irbid_South,0
C10089,2019-02-25,7.5220809441190974,16.283121416178645,Residential,Analog,Irbid_East,0
C10078,2022-09-07,69.60172618259143,109.40258927388714,Commercial,Analog,Center,0
C10033,2022-03-11,102.69153000000469,159.03729500000702,Commercial,Smart,Center,0
C10012,2020-12-16,65.06728261879084,102.60092392818626,Commercial,Analog,Irbid_North,0
C10012,2022-04-10,96.71106575083604,150.06659862625406,Commercial,Analog,Irbid_North,0
C10001,2018-08-29,39.11909667608808,63.678645014132115,Residential,Analog,Center,0
C10046,2020-08-18,29.534269904713437,49.30140485707015,Residential,Digital,Irbid_West,0
C10048,2022-11-06,27.668865541415514,46.50329831212327,Residential,Digital,Irbid_West,0
C10057,2019-10-23,27.9629473983312,46.9444210974968,Residential,Analog,Center,0
C10021,2021-08-13,17.228385590638215,30.842578385957324,Residential,Analog,Center,0
C10071,2019-07-25,53.78252149780598,85.67378224670897,Commercial,Analog,Irbid_East,0
C10010,2018-09-28,105.85612757933995,163.78419136900993,Commercial,Analog,Irbid_East,0
C10090,2019-09-23,40.891977116884675,66.33796567532701,Residential,Digital,Irbid_West,0
C10048,2020-01-21,19.254595914280557,33.881893871420836,Residential,Digital,Irbid_West,0
C10079,2020-11-16,25.41445485968151,43.12168228952226,Residential,Digital,Irbid_North,0
C10008,2018-06-30,144.76622537015385,222.14933805523077,Commercial,Analog,Irbid_South,0
C10001,2020-09-17,,58.64157301912866,Residential,Analog,Center,0
C10063,2018-01-31,13.029429066733082,24.544143600099623,Residential,Smart,Center,0
C10001,2021-08-13,40.63135525917263,65.94703288875894,Residential,Analog,Center,0
C10025,2022-10-07,15.503542245872211,28.255313368808316,Residential,Digital,Center,0
C10012,2022-02-09,49.839301535399535,79.7589523030993,Commercial,Analog,Irbid_North,0
C10039,2018-12-27,8.156794769428913,17.23519215414337,Residential,Digital,Irbid_South,0
C10088,2019-02-25,22.194334015177947,38.29150102276692,Residential,Analog,Irbid_South,0
C10085,2021-06-14,42.33149868301444,68.49724802452165,Residential,Analog,Irbid_North,0
C10076,2019-03-27,19.85520056739396,34.78280085109094,Residential,Analog,Irbid_South,0
C10019,2018-10-28,,39.43595127187795,Residential,Analog,Irbid_West,0
C10024,2018-04-01,35.99627833817107,58.9944175072566,Residential,Analog,Irbid_North,0
C10059,2018-01-31,25.697157488893904,43.545736233340854,Residential,Analog,Center,0
C10002,2018-04-01,58.98376036752729,93.47564055129094,Commercial,Analog,Irbid_South,0
C10074,2018-07-30,73.88172363871206,115.82258545806809,Commercial,Analog,Irbid_North,0
C10039,2020-02-20,16.133393819978156,29.200090729967236,Residential,Digital,Irbid_South,0
C10062,2018-01-01,24.021608290813877,41.03241243622082,Commercial,Analog,Irbid_West,0
C10027,2018-06-30,36.20708210591651,59.31062315887477,Residential,Digital,Irbid_North,0
C10018,2018-03-02,18.773402618988175,33.160103928482265,Residential,Digital,Irbid_West,1
C10095,2019-08-24,,66.80086925251186,Residential,Analog,Irbid_West,1
C10099,2022-05-10,49.946076389637355,79.91911458445603,Commercial,Analog,Irbid_South,0
C10098,2019-05-26,68.43479560652133,107.652193409782,Commercial,Analog,Irbid_South,0
C10045,2021-07-14,81.48920988736553,127.2338148310483,Commercial,Digital,Center,0
C10040,2021-01-15,20.980672631902305,36.471008947853456,Residential,Analog,Irbid_West,0
C10054,2019-08-24,16.494841262115475,29.742261893173215,Residential,Digital,Center,0
C10064,2020-02-20,20.344984183036296,35.51747627455444,Residential,Analog,Irbid_West,0
C10016,2020-08-18,34.506527259551426,56.759790889327135,Residential,Digital,Irbid_North,0
C10091,2019-12-22,10.343430539451449,20.515145809177174,Residential,Smart,Irbid_South,0
C10031,2020-11-16,,38.20478354452319,Residential,Analog,Irbid_West,0
C10062,2020-09-17,58.708323650360086,93.06248547554013,Commercial,Analog,Irbid_West,0
C10059,2022-06-09,44.17827877082955,71.26741815624433,Residential,Analog,Center,0
C10095,2020-06-19,-12.560572247515061,5.0,Residential,Analog,Irbid_West,1
C10023,2022-03-11,21.75660858226939,37.63491287340408,Residential,Digital,Irbid_West,0
C10030,2020-01-21,16.56548940398664,29.84823410597996,Residential,Analog,Irbid_East,0
C10039,2019-06-25,29.141813726085534,48.7127205891283,Residential,Digital,Irbid_South,0
C10048,2021-02-14,18.85065878903476,33.275988183552144,Residential,Digital,Irbid_West,0
C10095,2021-04-15,32.000136420745164,53.00020463111775,Residential,Analog,Irbid_West,1
C10066,2019-05-26,72.24977735355597,113.37466603033396,Commercial,Analog,Irbid_East,0
C10015,2021-05-15,76.40295258087959,5.320421430633505,Commercial,Digital,Irbid_North,1
C10068,2022-09-07,32.477720105640955,53.71658015846143,Residential,Analog,Irbid_South,0
C10078,2022-11-06,38.28166833875141,62.42250250812711,Commercial,Analog,Center,0
C10075,2019-10-23,13.941556898607987,25.91233534791198,Residential,Smart,Irbid_South,0
C10017,2018-05-01,21.246637189652613,36.86995578447892,Residential,Analog,Irbid_West,0
C10008,2022-05-10,99.48860979151638,154.23291468727456,Commercial,Analog,Irbid_South,0
C10041,2019-06-25,63.28581802540365,99.92872703810548,Commercial,Analog,Irbid_North,0
C10099,2019-07-25,,104.44623848385376,Commercial,Analog,Irbid_South,0
C10005,2022-09-07,30.38305982276593,50.574589734148894,Residential,Digital,Irbid_West,0
C10006,2018-04-01,98.71011674335436,153.06517511503154,Commercial,Digital,Irbid_South,0
C10084,2019-05-26,38.429195869375114,62.64379380406267,Residential,Analog,Irbid_North,0
C10065,2020-08-18,27.681070105107395,46.52160515766109,Residential,Digital,Center,0
C10033,2021-08-13,114.43058722299202,176.64588083448803,Commercial,Smart,Center,0
C10063,2020-05-20,26.3614402057232,44.5421603085848,Residential,Smart,Center,0
C10049,2018-12-27,26.51553473497055,44.77330210245583,Residential,Analog,Irbid_South,0
C10051,2018-11-27,22.16023689486033,38.24035534229049,Residential,Digital,Irbid_South,0
C10082,2019-05-26,17.81433530931529,31.721502963972934,Residential,Analog,Irbid_East,1
C10087,2019-10-23,14.031644667399096,26.047467001098646,Residential,Analog,Center,1
C10005,2018-01-01,16.487975332655367,29.73196299898305,Residential,Digital,Irbid_West,0
C10027,2019-06-25,42.37998399918604,68.56997599877906,Residential,Digital,Irbid_North,0
C10093,2018-01-31,17.858522278045402,31.787783417068106,Residential,Analog,Irbid_East,0
C10030,2018-04-01,34.082063218207594,56.12309482731139,Residential,Analog,Irbid_East,0
C10086,2018-12-27,20.536540518972917,35.80481077845938,Residential,Analog,Center,0
C10073,2019-07-25,43.929617385635154,70.89442607845274,Residential,Digital,Irbid_South,0
C10075,2020-07-19,20.852211999596136,36.278317999394204,Residential,Smart,Irbid_South,0
C10057,2022-10-07,33.80816206014235,55.712243090213526,Residential,Analog,Center,0
C10082,2018-06-30,18.07085280215082,32.10627920322623,Residential,Analog,Irbid_East,1
C10038,2021-03-16,22.760968454203574,39.14145268130536,Residential,Digital,Center,0
C10069,2020-08-18,13.499658293642407,25.24948744046361,Residential,Analog,Irbid_South,0
C10091,2022-01-10,10.93954527893411,21.409317918401165,Residential,Smart,Irbid_South,0
C10077,2022-06-09,29.276885743593134,48.9153286153897,Residential,Digital,Irbid_East,0
C10097,2018-09-28,58.55624655786213,92.8343698367932,Commercial,Analog,Center,0
C10067,2022-09-07,19.014750826901707,33.52212624035256,Residential,Analog,Center,0
C10050,2021-05-15,24.979648696641732,42.4694730449626,Residential,Analog,Irbid_East,0
C10061,2019-02-25,20.284127590401226,35.42619138560184,Residential,Analog,Irbid_South,0
C10006,2020-09-17,91.16057401714826,141.74086102572238,Commercial,Digital,Irbid_South,0
C10040,2018-05-31,36.1915801440481,59.287370216072155,Residential,Analog,Irbid_West,0
C10041,2021-09-12,64.17997836322078,101.26996754483118,Commercial,Analog,Irbid_North,0
C10050,2022-07-09,30.431517339477665,50.6472760092165,Residential,Analog,Irbid_East,0
C10021,2018-09-28,17.728517377794372,31.592776066691556,Residential,Analog,Center,0
C10067,2019-03-27,10.647376997115229,20.971065495672843,Residential,Analog,Center,0
C10042,2021-03-16,9.814007109648799,19.721010664473198,Residential,Analog,Irbid_West,0
C10056,2019-01-26,9.916180914111957,19.874271371167936,Residential,Analog,Irbid_North,0
C10057,2018-01-31,16.096824832703497,29.145237249055246,Residential,Analog,Center,0
C10089,2021-02-14,7.365629300323993,16.04844395048599,Residential,Analog,Irbid_East,0
C10084,2022-08-08,49.2626750880664,78.8940126320996,Residential,Analog,Irbid_North,0
C10084,2022-05-10,41.62793461577116,67.44190192365674,Residential,Analog,Irbid_North,0
C10005,2018-07-30,35.091994945248864,57.63799241787329,Residential,Digital,Irbid_West,0
C10013,2020-02-20,16.95051761110615,30.425776416659225,Residential,Digital,Irbid_South,0
C10055,2019-04-26,20.058104018327413,35.08715602749112,Residential,Analog,Irbid_West,0
C10018,2019-01-26,14.272628490958912,26.40894273643837,Residential,Digital,Irbid_West,1
C10030,2019-04-26,31.18106164727807,51.771592470917106,Residential,Analog,Irbid_East,0
C10079,2021-11-11,26.967013864585926,45.45052079687889,Residential,Digital,Irbid_North,0
C10039,2019-07-25,26.243899818312336,44.3658497274685,Residential,Digital,Irbid_South,0
C10051,2021-02-14,18.38397981514422,32.57596972271633,Residential,Digital,Irbid_South,0
C10025,2021-11-11,10.847691466024997,21.271537199037496,Residential,Digital,Center,0
C10033,2021-10-12,105.17426907858956,162.76140361788435,Commercial,Smart,Center,0
C10039,2020-08-18,31.742639382362373,52.61395907354356,Residential,Digital,Irbid_South,0
C10050,2022-08-08,30.98660810261866,51.47991215392799,Residential,Analog,Irbid_East,0
C10029,2022-02-09,6.124617261929667,14.1869258928945,Commercial,Analog,Irbid_South,1
C10016,2018-07-30,33.93693229079696,55.90539843619544,Residential,Digital,Irbid_North,0
C10039,2022-05-10,21.109194052035377,36.663791078053066,Residential,Digital,Irbid_South,0
C10078,2021-07-14,82.31561385309313,128.4734207796397,Commercial,Analog,Center,0
C10010,2022-10-07,101.1658043477662,156.7487065216493,Commercial,Analog,Irbid_East,0
C10065,2020-07-19,28.789776181583964,48.18466427237595,Residential,Digital,Center,0
C10006,2019-03-27,91.44189441857435,142.16284162786152,Commercial,Digital,Irbid_South,0
C10098,2021-10-12,68.09824981630044,107.14737472445066,Commercial,Analog,Irbid_South,0
C10023,2020-07-19,37.27255301031157,60.90882951546735,Residential,Digital,Irbid_West,0
C10003,2020-05-20,23.796295343120388,40.69444301468058,Residential,Analog,Irbid_West,0
C10045,2018-06-30,91.96362444733087,142.94543667099632,Commercial,Digital,Center,0
C10079,2018-06-30,35.54664779416933,58.319971691254,Residential,Digital,Irbid_North,0
C10005,2022-02-09,13.396352785355617,25.094529178033426,Residential,Digital,Irbid_West,0
C10008,2020-09-17,110.79543848802722,171.19315773204082,Commercial,Analog,Irbid_South,0
C10056,2018-12-27,13.141253816860788,24.71188072529118,Residential,Analog,Irbid_North,0
C10094,2020-06-19,42.85122080606004,69.27683120909006,Residential,Digital,Irbid_South,0
C10046,2019-10-23,26.502852086861544,44.75427813029232,Residential,Digital,Irbid_West,0
C10031,2018-04-01,27.68741210055155,46.531118150827325,Residential,Analog,Irbid_West,0
C10020,2022-05-10,16.54668526542784,29.82002789814176,Residential,Digital,Irbid_East,0
C10074,2019-07-25,82.32200634469946,128.4830095170492,Commercial,Analog,Irbid_North,0
C10080,2021-02-14,17.275855010999518,30.913782516499275,Residential,Digital,Irbid_East,0
C10020,2020-06-19,16.028263607377646,29.04239541106647,Residential,Digital,Irbid_East,0
C10070,2019-03-27,11.784432835803678,22.676649253705516,Residential,Analog,Irbid_North,0
C10036,2018-08-29,26.85596018605353,45.2839402790803,Residential,Analog,Center,1
C10063,2018-08-29,29.81373407060197,49.72060110590296,Residential,Smart,Center,0
C10018,2022-05-10,28.404779463010833,5.565351654307251,Residential,Digital,Irbid_West,1
C10073,2021-09-12,40.160059653777786,65.24008948066668,Residential,Digital,Irbid_South,0
C10089,2019-03-27,8.517986449777762,17.77697967466664,Residential,Analog,Irbid_East,0
C10039,2018-11-27,18.176292170128935,32.264438255193404,Residential,Digital,Irbid_South,0
C10099,2018-06-30,65.86210797024592,103.79316195536887,Commercial,Analog,Irbid_South,0
C10018,2020-03-21,21.530553245055906,4.7298389084312555,Residential,Digital,Irbid_West,1
C10020,2020-12-16,9.96888250865897,19.953323762988454,Residential,Digital,Irbid_East,0
C10032,2019-09-23,9.468369954315943,19.202554931473912,Commercial,Analog,Irbid_West,1
C10023,2018-04-01,21.038497456919295,36.557746185378946,Residential,Digital,Irbid_West,0
C10023,2021-04-15,27.529047475046912,46.29357121257037,Residential,Digital,Irbid_West,0
C10098,2021-07-14,70.63495040351985,110.95242560527979,Commercial,Analog,Irbid_South,0
C10086,2020-09-17,29.755127347165487,49.63269102074823,Residential,Analog,Center,0
C10059,2018-05-01,37.53839576686515,61.307593650297726,Residential,Analog,Center,0
C10056,2019-05-26,19.781424250949488,34.672136376424234,Residential,Analog,Irbid_North,0
C10030,2020-06-19,38.56177183981761,62.842657759726414,Residential,Analog,Irbid_East,0
C10006,2022-01-10,57.884345737678665,91.826518606518,Commercial,Digital,Irbid_South,0
C10020,2022-04-10,11.487114265526104,22.230671398289157,Residential,Digital,Irbid_East,0
C10024,2021-03-16,32.03572422319779,53.053586334796684,Residential,Analog,Irbid_North,0
C10065,2022-09-07,24.367934895149038,41.55190234272356,Residential,Digital,Center,0
C10007,2019-09-23,32.24251627882759,53.36377441824138,Residential,Analog,Irbid_East,0
C10013,2019-10-23,28.20160271351099,47.30240407026648,Residential,Digital,Irbid_South,0
C10075,2022-02-09,108.30280446354193,21.24542066953129,Residential,Smart,Irbid_South,0
C10062,2021-11-11,42.43689351607094,68.65534027410641,Commercial,Analog,Irbid_West,0
C10008,2018-03-02,76.21777871355515,119.32666807033272,Commercial,Analog,Irbid_South,0
C10015,2021-03-16,45.13237560853558,4.659007876001101,Commercial,Digital,Irbid_North,1
C10024,2022-10-07,36.589907286391295,59.88486092958694,Residential,Analog,Irbid_North,0
C10037,2018-07-30,26.699390058920407,45.04908508838061,Residential,Analog,Irbid_South,0
C10091,2018-12-27,12.293272605841507,23.43990890876226,Residential,Smart,Irbid_South,0
C10074,2018-03-02,42.295843154863235,68.44376473229485,Commercial,Analog,Irbid_North,0
C10003,2018-05-01,26.446242111356135,44.669363167034206,Residential,Analog,Irbid_West,0
C10002,2021-06-14,77.71880797492965,121.57821196239448,Commercial,Analog,Irbid_South,0
C10092,2018-03-02,220.59544985050198,38.0893174775753,Residential,Analog,Irbid_North,0
C10079,2019-11-22,20.28780755341915,35.43171133012872,Residential,Digital,Irbid_North,0
C10084,2021-01-15,,33.60440648650304,Residential,Analog,Irbid_North,0
C10040,2018-06-30,39.64310202768242,64.46465304152363,Residential,Analog,Irbid_West,0
C10009,2018-06-30,,62.5694971646902,Residential,Analog,Irbid_East,0
C10064,2022-03-11,19.773168455173145,34.659752682759716,Residential,Analog,Irbid_West,0
C10056,2018-07-30,24.252005798487957,41.378008697731936,Residential,Analog,Irbid_North,0
C10099,2020-09-17,53.31260123025587,84.96890184538381,Commercial,Analog,Irbid_South,0
C10003,2019-03-27,19.30296981997773,33.95445472996659,Residential,Analog,Irbid_West,0
C10024,2021-09-12,35.230229083000495,57.84534362450074,Residential,Analog,Irbid_North,0
C10064,2022-02-09,19.756699336828216,34.63504900524232,Residential,Analog,Irbid_West,0
C10095,2019-10-23,31.393030517635868,52.089545776453804,Residential,Analog,Irbid_West,1
C10049,2021-01-15,21.815413308248946,37.72311996237342,Residential,Analog,Irbid_South,0
C10072,2022-11-06,22.487381822160742,38.73107273324111,Residential,Analog,Irbid_West,0
C10038,2018-12-27,24.409589614917767,41.61438442237665,Residential,Digital,Center,0
C10090,2021-08-13,42.04039834356628,68.06059751534943,Residential,Digital,Irbid_West,0
C10028,2021-06-14,35.51653143150585,58.27479714725877,Residential,Analog,Irbid_South,0
C10061,2018-07-30,40.43762152205897,65.65643228308845,Residential,Analog,Irbid_South,0
C10028,2018-10-28,34.70675806775947,57.060137101639214,Residential,Analog,Irbid_South,0
C10032,2022-04-10,4.654165384377235,11.981248076565851,Commercial,Analog,Irbid_West,1
C10076,2018-07-30,35.87305811042105,58.80958716563157,Residential,Analog,Irbid_South,0
C10040,2020-02-20,21.491477331212007,37.23721599681801,Residential,Analog,Irbid_West,0
C10089,2021-06-14,15.033956571007549,27.550934856511322,Residential,Analog,Irbid_East,0
C10027,2021-12-11,29.800525280521406,49.700787920782105,Residential,Digital,Irbid_North,0
C10086,2018-09-28,33.86310770722989,55.79466156084483,Residential,Analog,Center,0
C10090,2018-01-01,23.789078800386374,40.68361820057956,Residential,Digital,Irbid_West,0
C10058,2021-02-14,213.0103063086914,324.51545946303713,Industrial,Analog,Irbid_West,0
C10021,2020-01-21,8.62341150827595,17.935117262413925,Residential,Analog,Center,0
C10041,2021-04-15,51.91292402118249,82.86938603177373,Commercial,Analog,Irbid_North,0
C10078,2020-05-20,67.23507051135566,105.85260576703348,Commercial,Analog,Center,0
C10003,2019-12-22,12.99509522965184,24.49264284447776,Residential,Analog,Irbid_West,0
C10007,2019-08-24,41.702063548073816,67.55309532211072,Residential,Analog,Irbid_East,0
C10025,2022-08-08,17.500252950524256,31.250379425786385,Residential,Digital,Center,0
C10080,2021-07-14,23.428080065716173,40.14212009857426,Residential,Digital,Irbid_East,0
C10083,2021-11-11,153.01244146256204,234.51866219384306,Industrial,Digital,Irbid_North,0
C10003,2018-01-31,16.387178849975463,29.580768274963194,Residential,Analog,Irbid_West,0
C10054,2019-01-26,10.796280387779198,21.194420581668798,Residential,Digital,Center,0
C10011,2018-11-27,8.680185091573083,18.020277637359627,Residential,Digital,Irbid_South,0
C10040,2022-01-10,23.127461594930704,39.691192392396054,Residential,Analog,Irbid_West,0
C10019,2019-09-23,37.61741102848744,61.42611654273116,Residential,Analog,Irbid_West,0
C10007,2022-10-07,28.785552730035114,48.178329095052675,Residential,Analog,Irbid_East,0
C10026,2020-12-16,10.933619207545958,21.400428811318935,Residential,Analog,Irbid_East,0
C10039,2019-10-23,19.705422961948756,34.558134442923134,Residential,Digital,Irbid_South,0
C10024,2020-02-20,30.8319681456595,51.247952218489246,Residential,Analog,Irbid_North,0
C10077,2020-02-20,12.567197421239054,23.85079613185858,Residential,Digital,Irbid_East,0
C10053,2019-03-27,20.1797950220508,35.2696925330762,Residential,Smart,Center,0
C10089,2021-12-11,7.644744967489653,16.46711745123448,Residential,Analog,Irbid_East,0
C10096,2019-07-25,32.9404233731704,54.41063505975559,Residential,Analog,Center,0
C10019,2018-05-01,31.26706855630096,51.90060283445144,Residential,Analog,Irbid_West,0
C10023,2021-01-15,15.57469855266968,28.36204782900452,Residential,Digital,Irbid_West,0
C10029,2022-10-07,2.9485652773879383,9.422847916081906,Commercial,Analog,Irbid_South,1
C10005,2018-08-29,35.39567849128713,58.09351773693069,Residential,Digital,Irbid_West,0
C10024,2019-08-24,43.54463980352735,70.31695970529103,Residential,Analog,Irbid_North,0
C10019,2020-04-20,29.29512549950399,48.94268824925598,Residential,Analog,Irbid_West,0
C10069,2020-01-21,7.4874971213184445,16.23124568197767,Residential,Analog,Irbid_South,0
C10093,2020-02-20,14.923392195453289,27.385088293179933,Residential,Analog,Irbid_East,0
C10008,2020-03-21,73.45041485564569,115.17562228346853,Commercial,Analog,Irbid_South,0
C10045,2018-01-31,46.27626334539238,74.41439501808857,Commercial,Digital,Center,0
C10079,2022-04-10,31.00835300587845,51.51252950881768,Residential,Digital,Irbid_North,0
C10018,2020-02-20,15.538355924700792,5.045717063779498,Residential,Digital,Irbid_West,1
C10070,2022-06-09,17.524052978673367,31.28607946801005,Residential,Analog,Irbid_North,0
C10052,2021-07-14,28.213847883106112,47.32077182465917,Residential,Analog,Irbid_South,0
C10064,2018-05-31,32.89228556656391,54.33842834984587,Residential,Analog,Irbid_West,0
C10061,2019-12-22,19.809565302116035,34.714347953174055,Residential,Analog,Irbid_South,0
C10036,2018-04-01,17.639439528328232,31.459159292492348,Residential,Analog,Center,1
C10040,2018-07-30,36.89316550131005,60.33974825196508,Residential,Analog,Irbid_West,0
C10071,2021-11-11,31.121640780675236,51.682461171012854,Commercial,Analog,Irbid_East,0
C10023,2020-06-19,32.0488708504533,53.07330627567995,Residential,Digital,Irbid_West,0
C10058,2019-01-26,132.2104321627657,203.31564824414855,Industrial,Analog,Irbid_West,0
C10072,2021-12-11,19.597247012556725,34.39587051883509,Residential,Analog,Irbid_West,0
C10027,2021-04-15,26.845478792315916,45.268218188473874,Residential,Digital,Irbid_North,0
C10007,2022-06-09,35.58428060295865,58.37642090443798,Residential,Analog,Irbid_East,0
C10013,2020-08-18,37.76907813273979,61.65361719910969,Residential,Digital,Irbid_South,0
C10083,2018-10-28,211.3507837034893,322.026175555234,Industrial,Digital,Irbid_North,0
C10014,2019-02-25,10.930607908920683,21.395911863381023,Residential,Digital,Center,1
C10082,2022-01-10,12.797521538106436,24.196282307159652,Residential,Analog,Irbid_East,1
C10011,2022-06-09,14.238788084689817,26.358182127034727,Residential,Digital,Irbid_South,0
C10030,2021-12-11,18.658372653687312,32.98755898053097,Residential,Analog,Irbid_East,0
C10018,2021-01-15,15.476565638781532,5.534925249350519,Residential,Digital,Irbid_West,1
C10046,2022-11-06,24.68714134008426,42.03071201012639,Residential,Digital,Irbid_West,0
C10096,2021-05-15,29.36596257367251,49.048943860508764,Residential,Analog,Center,0
C10081,2020-05-20,41.603330969287036,67.40499645393055,Residential,Digital,Irbid_North,0
C10017,2018-01-01,10.491253278036647,20.73687991705497,Residential,Analog,Irbid_West,0
C10081,2020-09-17,35.76611025489184,58.64916538233776,Residential,Digital,Irbid_North,0
C10099,2018-08-29,56.682152093471,90.0232281402065,Commercial,Analog,Irbid_South,0
C10010,2022-01-10,66.74330898791742,105.11496348187612,Commercial,Analog,Irbid_East,0
C10043,2018-05-31,12.96404264621858,24.44606396932787,Residential,Analog,Irbid_West,0
C10050,2019-02-25,12.637464702010602,23.956197053015902,Residential,Analog,Irbid_East,0
C10064,2020-01-21,20.84114441170542,36.261716617558136,Residential,Analog,Irbid_West,0
C10028,2022-02-09,23.560710393965493,40.34106559094824,Residential,Analog,Irbid_South,0
C10053,2021-03-16,22.425740208864216,38.638610313296326,Residential,Smart,Center,0
C10027,2019-08-24,44.40591115858299,71.60886673787448,Residential,Digital,Irbid_North,0
C10095,2021-06-14,,71.34853930065451,Residential,Analog,Irbid_West,1
C10060,2020-10-17,79.61013054713005,124.41519582069509,Commercial,Analog,Irbid_East,0
C10012,2021-05-15,102.15919922541156,158.23879883811733,Commercial,Analog,Irbid_North,0
C10058,2020-03-21,254.21241391472321,386.3186208720848,Industrial,Analog,Irbid_West,0
C10089,2022-08-08,130.14864444581036,24.522296666871554,Residential,Analog,Irbid_East,0
C10054,2021-10-12,15.11234621656266,27.66851932484399,Residential,Digital,Center,0
C10049,2019-07-25,43.626525417470134,70.4397881262052,Residential,Analog,Irbid_South,0
C10033,2020-10-17,82.63164222237063,128.94746333355596,Commercial,Smart,Center,0
C10004,2020-04-20,1.5175875284281006,7.276381292642151,Residential,Analog,Center,1
C10045,2020-09-17,85.39851516084634,133.09777274126952,Commercial,Digital,Center,0
C10045,2019-12-22,45.213299612554714,72.81994941883207,Commercial,Digital,Center,0
C10008,2018-05-31,114.84902546147363,177.27353819221045,Commercial,Analog,Irbid_South,0
C10022,2022-11-06,11.220702407444435,21.831053611166652,Residential,Analog,Irbid_North,0
C10057,2022-03-11,22.558152334050348,38.83722850107552,Residential,Analog,Center,0
C10096,2018-06-30,34.24181659754908,56.36272489632363,Residential,Analog,Center,0
C10100,2021-12-11,19.207688909856664,33.81153336478499,Residential,Analog,Center,0
C10079,2018-12-27,22.18989373123718,38.28484059685577,Residential,Digital,Irbid_North,0
C10089,2021-10-12,10.743202540970069,21.114803811455104,Residential,Analog,Irbid_East,0
C10002,2022-02-09,42.750236902287405,69.1253553534311,Commercial,Analog,Irbid_South,0
C10066,2018-05-01,63.55526665564308,100.33289998346461,Commercial,Analog,Irbid_East,0
C10047,2022-07-09,41.84250077576364,67.76375116364545,Residential,Analog,Irbid_North,0
C10039,2020-09-17,26.326218054842222,44.48932708226333,Residential,Digital,Irbid_South,0
C10022,2018-04-01,14.027439402629525,26.04115910394429,Residential,Analog,Irbid_North,0
C10020,2021-07-14,18.154975204268112,32.23246280640217,Residential,Digital,Irbid_East,0
C10021,2019-09-23,14.519510649439868,26.779265974159802,Residential,Analog,Center,0
C10070,2020-08-18,17.514954867006264,31.272432300509394,Residential,Analog,Irbid_North,0
C10100,2022-06-09,42.69019033676077,69.03528550514116,Residential,Analog,Center,0
C10048,2018-01-01,23.371184370005473,40.05677655500821,Residential,Digital,Irbid_West,0
C10028,2021-10-12,28.581846085562226,47.872769128343336,Residential,Analog,Irbid_South,0
C10088,2019-01-26,23.150453755097832,39.72568063264675,Residential,Analog,Irbid_South,0
C10058,2022-07-09,391.45766938643055,592.1865040796458,Industrial,Analog,Irbid_West,0
C10059,2021-03-16,28.666434137797673,47.99965120669651,Residential,Analog,Center,0
C10045,2018-01-01,48.819699326428804,78.2295489896432,Commercial,Digital,Center,0
C10052,2018-04-01,23.32276005554798,39.984140083321975,Residential,Analog,Irbid_South,0
C10064,2021-04-15,37.84372524540826,61.76558786811239,Residential,Analog,Irbid_West,0
C10028,2018-04-01,,49.39834020430642,Residential,Analog,Irbid_South,0
C10008,2019-05-26,116.01421010791276,179.02131516186915,Commercial,Analog,Irbid_South,0
C10030,2021-04-15,29.088963826423026,48.63344573963454,Residential,Analog,Irbid_East,0
C10077,2020-05-20,25.748030446107162,43.62204566916074,Residential,Digital,Irbid_East,0
C10048,2020-11-16,22.92282457314808,39.38423685972212,Residential,Digital,Irbid_West,0
C10064,2022-06-09,34.31563930880581,56.473458963208714,Residential,Analog,Irbid_West,0
C10002,2021-11-11,38.305210254914726,62.45781538237209,Commercial,Analog,Irbid_South,0
C10050,2018-04-01,19.444400112327934,34.1666001684919,Residential,Analog,Irbid_East,0
C10001,2020-05-20,32.35779751166414,53.53669626749621,Residential,Analog,Center,0
C10041,2021-11-11,42.59871540503799,68.898073107557,Commercial,Analog,Irbid_North,0
C10082,2021-06-14,13.439909075978857,25.159863613968284,Residential,Analog,Irbid_East,1
C10050,2018-12-27,18.34762567384239,32.52143851076359,Residential,Analog,Irbid_East,0
C10027,2022-04-10,26.202203687642243,44.303305531463366,Residential,Digital,Irbid_North,0
C10040,2018-08-29,43.17996274859543,69.76994412289315,Residential,Analog,Irbid_West,0
C10013,2020-07-19,38.65993312736292,62.98989969104438,Residential,Digital,Irbid_South,0
C10080,2020-05-20,21.83552117584116,37.753281763761734,Residential,Digital,Irbid_East,0
C10010,2021-08-13,132.042838684621,203.0642580269315,Commercial,Analog,Irbid_East,0
C10088,2022-05-10,49.411093599103275,79.11664039865491,Residential,Analog,Irbid_South,0
C10062,2020-02-20,29.611969933746433,49.41795490061965,Commercial,Analog,Irbid_West,0
C10065,2021-02-14,16.33923284741146,29.50884927111719,Residential,Digital,Center,0
C10071,2021-03-16,41.657220252624086,67.48583037893613,Commercial,Analog,Irbid_East,0
C10038,2019-04-26,27.052924949502298,45.57938742425345,Residential,Digital,Center,0
C10021,2019-03-27,13.284456328346288,24.92668449251943,Residential,Analog,Center,0
C10030,2021-10-12,31.62056420230588,52.43084630345882,Residential,Analog,Irbid_East,0
C10066,2020-03-21,46.12723913950636,74.19085870925954,Commercial,Analog,Irbid_East,0
C10048,2019-03-27,27.433963513784217,46.150945270676324,Residential,Digital,Irbid_West,0
C10067,2019-06-25,21.252272508770176,36.878408763155264,Residential,Analog,Center,0
C10031,2019-05-26,,46.994028922376934,Residential,Analog,Irbid_West,0
C10017,2021-06-14,21.983178853679412,37.974768280519115,Residential,Analog,Irbid_West,0
C10024,2019-05-26,41.454212564869735,67.1813188473046,Residential,Analog,Irbid_North,0
C10066,2019-09-23,76.36364797248744,119.54547195873116,Commercial,Analog,Irbid_East,0
C10046,2019-03-27,18.70957349136127,33.0643602370419,Residential,Digital,Irbid_West,0
C10099,2022-04-10,42.98477331768121,69.47715997652182,Commercial,Analog,Irbid_South,0
C10074,2021-04-15,55.14006755898287,87.7101013384743,Commercial,Analog,Irbid_North,0
C10003,2022-11-06,17.797034355011622,31.695551532517435,Residential,Analog,Irbid_West,0
C10078,2018-05-01,71.18036929880319,111.77055394820478,Commercial,Analog,Center,0
C10047,2022-01-10,19.07353478432701,33.610302176490514,Residential,Analog,Irbid_North,0
C10029,2022-04-10,1.436261794543022,7.154392691814533,Commercial,Analog,Irbid_South,1
C10079,2018-09-28,29.546379775789813,49.31956966368472,Residential,Digital,Irbid_North,0
C10018,2022-06-09,33.19669638361247,4.156375288273464,Residential,Digital,Irbid_West,1
C10060,2019-11-22,54.834611994349935,87.2519179915249,Commercial,Analog,Irbid_East,0
C10060,2020-07-19,98.99563545586406,153.49345318379608,Commercial,Analog,Irbid_East,0
C10069,2018-05-31,11.403883822566554,22.10582573384983,Residential,Analog,Irbid_South,0
C10067,2018-10-28,16.200219715664485,29.300329573496725,Residential,Analog,Center,0
C10058,2019-11-22,251.93730852831487,382.90596279247234,Industrial,Analog,Irbid_West,0
C10073,2019-02-25,18.45029382657887,32.67544073986831,Residential,Digital,Irbid_South,0
C10002,2020-06-19,81.73302133615226,127.5995320042284,Commercial,Analog,Irbid_South,0
C10080,2022-02-09,10.205804444352646,20.30870666652897,Residential,Digital,Irbid_East,0
C10029,2021-12-11,2.5287873560441927,8.79318103406629,Commercial,Analog,Irbid_South,1
C10071,2022-02-09,35.60161869121048,58.40242803681572,Commercial,Analog,Irbid_East,0
C10070,2019-09-23,14.984747141667512,27.477120712501268,Residential,Analog,Irbid_North,0
C10083,2020-03-21,161.23909655789387,246.85864483684082,Industrial,Digital,Irbid_North,0
C10011,2019-12-22,8.057546758343534,17.0863201375153,Residential,Digital,Irbid_South,0
C10002,2018-09-28,71.805580614131,112.7083709211965,Commercial,Analog,Irbid_South,0
C10023,2018-08-29,32.80929159897326,54.21393739845989,Residential,Digital,Irbid_West,0
C10015,2022-01-10,48.36067387014006,4.655406090955216,Commercial,Digital,Irbid_North,1
C10041,2022-10-07,54.323629042562,86.48544356384299,Commercial,Analog,Irbid_North,0
C10062,2021-04-15,48.071359381521134,77.10703907228171,Commercial,Analog,Irbid_West,0
C10027,2018-09-28,43.461017021508674,70.19152553226301,Residential,Digital,Irbid_North,0
C10060,2020-03-21,,80.42621909909127,Commercial,Analog,Irbid_East,0
C10015,2021-01-15,35.41098146386605,5.013442919497265,Commercial,Digital,Irbid_North,1
C10050,2019-11-22,18.26912322313479,32.40368483470219,Residential,Analog,Irbid_East,0
C10018,2022-06-09,33.19669638361247,4.156375288273464,Residential,Digital,Irbid_West,1
C10013,2021-08-13,33.474261216177574,55.21139182426636,Residential,Digital,Irbid_South,0
C10005,2022-05-10,27.309236859419006,45.96385528912851,Residential,Digital,Irbid_West,0
C10055,2021-09-12,33.98706704678776,55.980600570181636,Residential,Analog,Irbid_West,0
C10073,2018-05-31,42.088212251970404,68.13231837795561,Residential,Digital,Irbid_South,0
C10008,2020-01-21,66.43536694502042,104.65305041753064,Commercial,Analog,Irbid_South,0
C10008,2021-12-11,53.57972889678894,85.36959334518342,Commercial,Analog,Irbid_South,0
C10042,2022-11-06,10.807286893965367,21.21093034094805,Residential,Analog,Irbid_West,0
C10018,2022-07-09,27.569103339934795,5.58096180107354,Residential,Digital,Irbid_West,1
C10008,2018-12-27,62.413254139738434,98.61988120960766,Commercial,Analog,Irbid_South,0
C10026,2019-02-25,7.922994281147309,16.884491421720963,Residential,Analog,Irbid_East,0
C10072,2021-05-15,32.373640483539006,53.56046072530851,Residential,Analog,Irbid_West,0
C10078,2019-02-25,40.93339813955712,66.40009720933568,Commercial,Analog,Center,0
C10025,2020-04-20,15.862607556938876,28.793911335408314,Residential,Digital,Center,0
C10053,2018-01-31,18.19797121995265,32.29695682992897,Residential,Smart,Center,0
C10010,2021-01-15,61.79903995162131,97.69855992743197,Commercial,Analog,Irbid_East,0
C10086,2018-03-02,23.394248326292573,40.09137248943886,Residential,Analog,Center,0
C10005,2018-05-31,32.7600365163691,54.14005477455365,Residential,Digital,Irbid_West,0
C10079,2021-01-15,18.392475915611627,32.58871387341744,Residential,Digital,Irbid_North,0
C10007,2018-07-30,45.07389077781152,72.61083616671728,Residential,Analog,Irbid_East,0
C10065,2018-03-02,21.34352332600529,37.01528498900794,Residential,Digital,Center,0
C10020,2020-10-17,13.598849036760333,25.3982735551405,Residential,Digital,Irbid_East,0
C10051,2018-07-30,28.202520584553138,47.303780876829705,Residential,Digital,Irbid_South,0
C10049,2020-01-21,18.71904332410525,33.07856498615787,Residential,Analog,Irbid_South,0
C10031,2021-03-16,14.888015999792445,27.33202399968867,Residential,Analog,Irbid_West,0
C10036,2021-09-12,22.71022353754253,39.06533530631379,Residential,Analog,Center,1
C10093,2021-01-15,12.224654044161547,23.33698106624232,Residential,Analog,Irbid_East,0
C10022,2020-11-16,12.466774565739627,23.70016184860944,Residential,Analog,Irbid_North,0
C10057,2018-03-02,23.354464986786812,40.03169748018022,Residential,Analog,Center,0
C10078,2021-11-11,41.606404272650174,67.40960640897526,Commercial,Analog,Center,0
C10076,2019-04-26,22.80675870959747,39.210138064396205,Residential,Analog,Irbid_South,0
C10064,2020-09-17,34.89255700261223,57.33883550391835,Residential,Analog,Irbid_West,0
C10010,2019-03-27,86.6915908370969,135.03738625564534,Commercial,Analog,Irbid_East,0
C10037,2022-01-10,12.76192885969878,24.14289328954817,Residential,Analog,Irbid_South,0
C10082,2019-04-26,14.595572425169523,26.893358637754286,Residential,Analog,Irbid_East,1
C10045,2019-03-27,57.74895808076729,91.62343712115093,Commercial,Digital,Center,0
C10058,2019-07-25,417.2837833204771,630.9256749807156,Industrial,Analog,Irbid_West,0
C10045,2021-11-11,51.55712108811754,82.33568163217632,Commercial,Digital,Center,0
C10045,2021-04-15,79.28201291896698,123.92301937845048,Commercial,Digital,Center,0
C10049,2020-12-16,27.6783291526852,46.517493729027805,Residential,Analog,Irbid_South,0
C10029,2021-02-14,1.9854956068732807,7.978243410309921,Commercial,Analog,Irbid_South,1
C10092,2018-01-01,16.258685676507042,29.388028514760563,Residential,Analog,Irbid_North,0
C10060,2018-05-01,80.34446835204048,125.51670252806072,Commercial,Analog,Irbid_East,0
C10095,2018-01-31,22.89922851762138,39.34884277643207,Residential,Analog,Irbid_West,1
C10003,2020-07-19,29.413348554747927,49.12002283212189,Residential,Analog,Irbid_West,0
C10066,2020-10-17,63.25199174464569,99.87798761696854,Commercial,Analog,Irbid_East,0
C10023,2019-03-27,22.413907034199443,38.62086055129917,Residential,Digital,Irbid_West,0
C10036,2019-05-26,21.339850766540305,37.009776149810456,Residential,Analog,Center,1
C10088,2022-09-07,44.19112263353952,71.28668395030928,Residential,Analog,Irbid_South,0
C10054,2021-05-15,15.709409890422744,28.564114835634115,Residential,Digital,Center,0
C10016,2019-03-27,25.183648707473036,42.77547306120955,Residential,Digital,Irbid_North,0
C10071,2022-08-08,56.08998149059067,89.134972235886,Commercial,Analog,Irbid_East,0
C10091,2020-03-21,12.356136535041554,23.53420480256233,Residential,Smart,Irbid_South,0
C10052,2019-05-26,24.851487636627674,42.277231454941514,Residential,Analog,Irbid_South,0
C10095,2019-02-25,24.37275114268391,41.559126714025865,Residential,Analog,Irbid_West,1
C10066,2022-07-09,89.58242503854024,139.37363755781035,Commercial,Analog,Irbid_East,0
C10049,2018-01-31,25.51567805387363,43.27351708081044,Residential,Analog,Irbid_South,0
C10043,2020-06-19,17.556272691982254,31.33440903797338,Residential,Analog,Irbid_West,0
C10031,2020-07-19,35.25912690152661,57.88869035228992,Residential,Analog,Irbid_West,0
C10089,2021-11-11,9.850203708107273,19.77530556216091,Residential,Analog,Irbid_East,0
C10023,2020-01-21,13.302600665052728,24.95390099757909,Residential,Digital,Irbid_West,0
C10013,2020-04-20,32.31592926764167,53.4738939014625,Residential,Digital,Irbid_South,0
C10093,2022-06-09,30.01831700313424,50.02747550470136,Residential,Analog,Irbid_East,0
C10083,2019-05-26,201.86597431222242,307.79896146833363,Industrial,Digital,Irbid_North,0
C10091,2018-01-31,7.258922987078474,15.888384480617711,Residential,Smart,Irbid_South,0
C10045,2022-06-09,84.32196651242124,131.48294976863187,Commercial,Digital,Center,0
C10053,2018-06-30,40.437042847969714,65.65556427195457,Residential,Smart,Center,0
C10027,2020-02-20,24.278994266387798,41.4184913995817,Residential,Digital,Irbid_North,0
C10032,2019-04-26,62.929566557960385,99.39434983694058,Commercial,Analog,Irbid_West,1
C10044,2018-06-30,24.9913611142434,42.4870416713651,Residential,Digital,Center,0
C10028,2022-03-11,24.222246085957554,41.33336912893633,Residential,Analog,Irbid_South,0
C10024,2021-05-15,46.039643568827174,74.05946535324077,Residential,Analog,Irbid_North,0
C10009,2018-11-27,23.548557118616667,40.322835677925,Residential,Analog,Irbid_East,0
C10030,2018-05-01,29.779297174558465,49.6689457618377,Residential,Analog,Irbid_East,0
C10073,2022-11-06,28.211426933186683,47.31714039978002,Residential,Digital,Irbid_South,0
C10032,2019-01-26,36.9670589501953,60.45058842529295,Commercial,Analog,Irbid_West,1
C10046,2022-06-09,33.06080611084749,54.59120916627123,Residential,Digital,Irbid_West,0
C10008,2022-03-11,89.43095357600895,139.1464303640134,Commercial,Analog,Irbid_South,0
C10051,2021-07-14,31.132358070985052,51.69853710647758,Residential,Digital,Irbid_South,0
C10067,2019-10-23,16.02249589926556,29.03374384889834,Residential,Analog,Center,0
C10020,2019-06-25,15.066924988323226,27.60038748248484,Residential,Digital,Irbid_East,0
C10078,2021-12-11,27.767449148809792,46.65117372321469,Commercial,Analog,Center,0
C10014,2020-03-21,15.379319137567926,28.06897870635189,Residential,Digital,Center,1
C10096,2020-04-20,24.32730732190118,41.490960982851774,Residential,Analog,Center,0
C10066,2022-03-11,44.12970880870072,71.19456321305108,Commercial,Analog,Irbid_East,0
C10020,2019-09-23,14.546078206169465,26.819117309254196,Residential,Digital,Irbid_East,0
C10015,2022-08-08,73.70389359669664,5.06001566335913,Commercial,Digital,Irbid_North,1
C10030,2022-01-10,13.810849377355318,25.716274066032977,Residential,Analog,Irbid_East,0
C10063,2018-12-27,17.997404520798664,31.996106781197994,Residential,Smart,Center,0
C10066,2018-01-31,26.393620006134398,44.5904300092016,Commercial,Analog,Irbid_East,0
C10094,2022-06-09,40.21736922159209,65.32605383238813,Residential,Digital,Irbid_South,0
C10006,2022-06-09,114.58976792597785,176.88465188896677,Commercial,Digital,Irbid_South,0
C10005,2018-11-27,24.662505579369054,41.99375836905358,Residential,Digital,Irbid_West,0
C10004,2018-05-31,40.011020676677944,65.01653101501691,Residential,Analog,Center,1
C10076,2020-01-21,14.056413640804115,26.08462046120617,Residential,Analog,Irbid_South,0
C10067,2022-04-10,15.83655438342119,28.754831575131785,Residential,Analog,Center,0
C10036,2022-06-09,18.47162133517605,32.70743200276407,Residential,Analog,Center,1
C10085,2019-05-26,31.085903419768997,51.628855129653495,Residential,Analog,Irbid_North,0
C10004,2021-11-11,2.8292967006183067,9.24394505092746,Residential,Analog,Center,1
C10037,2021-03-16,17.579256250920167,31.36888437638025,Residential,Analog,Irbid_South,0
C10036,2019-06-25,25.019624067966063,42.529436101949095,Residential,Analog,Center,1
C10098,2021-09-12,58.86137607259793,93.2920641088969,Commercial,Analog,Irbid_South,0
C10083,2021-04-15,204.2495891482139,311.37438372232083,Industrial,Digital,Irbid_North,0
C10055,2018-12-27,19.269739118466337,33.90460867769951,Residential,Analog,Irbid_West,0
C10005,2022-04-10,28.995361436985824,48.49304215547873,Residential,Digital,Irbid_West,0
C10054,2020-04-20,13.922402925176511,25.883604387764766,Residential,Digital,Center,0
C10065,2021-09-12,29.19514532865224,48.79271799297836,Residential,Digital,Center,0
C10091,2021-12-11,7.947371145591567,16.921056718387348,Residential,Smart,Irbid_South,0
C10093,2020-08-18,29.966421256025264,49.9496318840379,Residential,Analog,Irbid_East,0
C10068,2020-02-20,22.576320531824265,38.8644807977364,Residential,Analog,Irbid_South,0
C10033,2022-10-07,113.47620524447035,175.21430786670552,Commercial,Smart,Center,0
C10069,2019-10-23,10.57887619693559,20.868314295403387,Residential,Analog,Irbid_South,0
C10064,2020-04-20,29.761887540487667,49.6428313107315,Residential,Analog,Irbid_West,0
C10095,2018-08-29,46.61370053696439,74.92055080544658,Residential,Analog,Irbid_West,1
C10062,2018-09-28,46.67241134134911,75.00861701202366,Commercial,Analog,Irbid_West,0
C10036,2018-10-28,17.79186863074016,31.687802946110242,Residential,Analog,Center,1
C10056,2020-04-20,17.1467549111278,30.7201323666917,Residential,Analog,Irbid_North,0
C10035,2020-03-21,20.276550570595404,35.414825855893106,Residential,Digital,Irbid_West,0
C10097,2022-08-08,61.997036430196054,97.99555464529408,Commercial,Analog,Center,0
C10011,2019-01-26,5.569438136911623,13.354157205367436,Residential,Digital,Irbid_South,0
C10027,2022-03-11,25.35402254916383,43.031033823745744,Residential,Digital,Irbid_North,0
C10036,2021-08-13,3.660791786951807,10.49118768042771,Residential,Analog,Center,1
C10047,2020-11-16,23.026763368054283,39.54014505208143,Residential,Analog,Irbid_North,0
C10052,2021-10-12,21.871340857413642,37.80701128612046,Residential,Analog,Irbid_South,0
C10100,2019-11-22,22.31867711864664,38.478015677969964,Residential,Analog,Center,0
C10009,2020-01-21,18.694910166543373,33.04236524981506,Residential,Analog,Irbid_East,0
C10036,2022-01-10,3.9292511724826746,10.893876758724012,Residential,Analog,Center,1
C10005,2020-08-18,29.09497465661321,48.64246198491982,Residential,Digital,Irbid_West,0
C10093,2020-04-20,23.392860947747188,40.089291421620786,Residential,Analog,Irbid_East,0
C10037,2019-01-26,11.396914814728643,22.095372222092962,Residential,Analog,Irbid_South,0
C10037,2022-02-09,13.696153309310851,25.544229963966277,Residential,Analog,Irbid_South,0
C10095,2019-09-23,41.58608639519423,67.37912959279134,Residential,Analog,Irbid_West,1
C10002,2021-10-12,62.82998825896959,99.24498238845439,Commercial,Analog,Irbid_South,0
C10041,2018-03-02,46.37076901764843,74.55615352647264,Commercial,Analog,Irbid_North,0
C10072,2022-01-10,14.641854330045437,26.962781495068157,Residential,Analog,Irbid_West,0
C10016,2022-04-10,29.81377571779405,49.72066357669108,Residential,Digital,Irbid_North,0
C10020,2018-03-02,6.3414576366654165,14.512186454998124,Residential,Digital,Irbid_East,0
C10028,2019-11-22,25.56454817955662,43.34682226933493,Residential,Analog,Irbid_South,0
C10029,2021-04-15,4.758682594616174,12.138023891924261,Commercial,Analog,Irbid_South,1
C10079,2018-07-30,42.01299380997727,68.0194907149659,Residential,Digital,Irbid_North,0
C10018,2018-05-01,26.112941222622297,44.169411833933445,Residential,Digital,Irbid_West,1
C10080,2020-09-17,21.43624272903655,37.154364093554825,Residential,Digital,Irbid_East,0
C10099,2021-10-12,39.49648994784146,64.24473492176219,Commercial,Analog,Irbid_South,0
C10007,2022-08-08,40.6551148740038,65.9826723110057,Residential,Analog,Irbid_East,0
C10031,2018-09-28,31.10837984610294,51.662569769154416,Residential,Analog,Irbid_West,0
C10036,2020-08-18,7.022011590268312,15.533017385402466,Residential,Analog,Center,1
C10085,2018-01-31,19.308870067837905,33.96330510175686,Residential,Analog,Irbid_North,0
C10010,2019-12-22,66.94276639159895,105.41414958739843,Commercial,Analog,Irbid_East,0
C10008,2022-10-07,106.23279857066322,164.34919785599482,Commercial,Analog,Irbid_South,0
C10085,2021-10-12,22.39370373959117,38.590555609386755,Residential,Analog,Irbid_North,0
C10003,2019-10-23,22.21611361363251,38.324170420448766,Residential,Analog,Irbid_West,0
C10076,2022-11-06,28.5196040762093,47.77940611431395,Residential,Analog,Irbid_South,0
C10055,2022-07-09,34.704260237249485,57.05639035587423,Residential,Analog,Irbid_West,0
C10020,2018-05-01,15.23702503054548,27.85553754581822,Residential,Digital,Irbid_East,0
C10041,2021-10-12,50.90057823920573,81.35086735880859,Commercial,Analog,Irbid_North,0
C10011,2018-05-31,12.298086333416762,23.447129500125143,Residential,Digital,Irbid_South,0
C10070,2019-10-23,12.726237079408552,24.08935561911283,Residential,Analog,Irbid_North,0
C10020,2021-12-11,8.589347510056955,17.884021265085433,Residential,Digital,Irbid_East,0
C10009,2019-05-26,26.98094652588265,45.47141978882398,Residential,Analog,Irbid_East,0
C10019,2021-12-11,16.612249774220423,29.918374661330635,Residential,Analog,Irbid_West,0
C10026,2018-09-28,,28.957771074351157,Residential,Analog,Irbid_East,0
C10073,2022-10-07,29.862012097353357,49.793018146030036,Residential,Digital,Irbid_South,0
C10041,2019-08-24,70.63967350165765,110.95951025248648,Commercial,Analog,Irbid_North,0
C10013,2018-01-31,22.810671495219026,39.21600724282854,Residential,Digital,Irbid_South,0
C10045,2018-03-02,46.0033280035935,74.00499200539025,Commercial,Digital,Center,0
C10018,2018-05-31,22.771597033960344,39.157395550940514,Residential,Digital,Irbid_West,1
C10061,2022-09-07,31.155681663863266,51.7335224957949,Residential,Analog,Irbid_South,0
C10025,2020-07-19,18.822543851724827,33.23381577758724,Residential,Digital,Center,0
C10023,2022-02-09,13.342067061233523,25.013100591850286,Residential,Digital,Irbid_West,0
C10096,2018-08-29,33.836791319954656,55.755186979931985,Residential,Analog,Center,0
C10054,2020-03-21,12.995466412668534,24.4931996190028,Residential,Digital,Center,0
C10082,2019-09-23,19.358497973831337,34.03774696074701,Residential,Analog,Irbid_East,1
C10076,2021-04-15,24.332686275961496,41.499029413942246,Residential,Analog,Irbid_South,0
C10091,2019-08-24,20.13803975297483,35.20705962946224,Residential,Smart,Irbid_South,0
C10045,2022-03-11,68.1765965679596,107.2648948519394,Commercial,Digital,Center,0
C10033,2018-06-30,114.520543051899,176.7808145778485,Commercial,Smart,Center,0
C10035,2022-11-06,,34.07315240444333,Residential,Digital,Irbid_West,0
C10006,2020-12-16,81.71092875004729,127.56639312507093,Commercial,Digital,Irbid_South,0
C10089,2020-06-19,13.377121032892788,25.065681549339182,Residential,Analog,Irbid_East,0
C10052,2019-04-26,21.926342047574778,37.88951307136217,Residential,Analog,Irbid_South,0
C10085,2020-11-16,21.840715711148114,37.761073566722175,Residential,Analog,Irbid_North,0
C10042,2018-11-27,9.302362083255124,18.953543124882685,Residential,Analog,Irbid_West,0
C10054,2018-05-01,12.496292266884396,23.744438400326594,Residential,Digital,Center,0
C10035,2019-11-22,21.37123696732014,37.05685545098021,Residential,Digital,Irbid_West,0
C10036,2021-02-14,17.13657649875124,30.70486474812686,Residential,Analog,Center,1
C10020,2022-09-07,13.516312666554962,25.274468999832443,Residential,Digital,Irbid_East,0
C10046,2022-03-11,19.567388028496264,34.351082042744395,Residential,Digital,Irbid_West,0
C10013,2018-05-01,30.838038302129917,51.257057453194875,Residential,Digital,Irbid_South,0
C10013,2021-09-12,31.800741467044137,52.70111220056621,Residential,Digital,Irbid_South,0
C10005,2021-10-12,25.17596061758334,42.76394092637501,Residential,Digital,Irbid_West,0
C10006,2018-07-30,130.1677325109162,200.25159876637431,Commercial,Digital,Irbid_South,0
C10038,2018-07-30,43.49859204435627,70.24788806653441,Residential,Digital,Center,0
C10079,2020-10-17,30.542417747356247,50.81362662103437,Residential,Digital,Irbid_North,0
C10081,2018-12-27,22.303954461652875,38.45593169247931,Residential,Digital,Irbid_North,0
C10092,2020-07-19,40.21246941040067,65.31870411560101,Residential,Analog,Irbid_North,0
C10048,2019-02-25,21.36255711764264,37.043835676463964,Residential,Digital,Irbid_West,0
C10021,2019-11-22,11.466653703146696,22.199980554720042,Residential,Analog,Center,0
C10086,2020-12-16,21.44805921248059,37.17208881872089,Residential,Analog,Center,0
C10026,2020-11-16,11.368984945170887,22.05347741775633,Residential,Analog,Irbid_East,0
C10002,2018-11-27,55.63759766407713,88.45639649611569,Commercial,Analog,Irbid_South,0
C10055,2018-10-28,28.52949002322834,47.794235034842515,Residential,Analog,Irbid_West,0
C10012,2022-03-11,72.30132902941946,113.4519935441292,Commercial,Analog,Irbid_North,0
C10064,2018-10-28,30.89975745619235,51.34963618428853,Residential,Analog,Irbid_West,0
C10018,2018-01-01,16.03332212957542,29.04998319436313,Residential,Digital,Irbid_West,1
C10037,2019-05-26,23.32072715304213,39.9810907295632,Residential,Analog,Irbid_South,0
C10045,2020-06-19,96.91661397234932,150.374920958524,Commercial,Digital,Center,0
C10077,2018-10-28,26.169368437722248,44.25405265658337,Residential,Digital,Irbid_East,0
C10013,2019-05-26,39.297475873351445,63.94621381002717,Residential,Digital,Irbid_South,0
C10044,2022-10-07,20.93777520413056,36.40666280619584,Residential,Digital,Center,0
C10049,2021-05-15,41.30212875801241,66.95319313701862,Residential,Analog,Irbid_South,0
C10092,2019-07-25,39.10557709912081,63.65836564868121,Residential,Analog,Irbid_North,0
C10094,2021-11-11,30.312139702924895,50.46820955438734,Residential,Digital,Irbid_South,0
C10068,2020-12-16,21.758919058575277,37.63837858786292,Residential,Analog,Irbid_South,0
C10044,2021-07-14,26.89574871692455,45.34362307538683,Residential,Digital,Center,0
C10019,2019-03-27,24.976023296091007,42.464034944136515,Residential,Analog,Irbid_West,0
C10054,2020-02-20,7.953386336974925,16.930079505462388,Residential,Digital,Center,0
C10050,2022-10-07,,33.56949020123854,Residential,Analog,Irbid_East,0
C10095,2022-04-10,41.33210581763839,66.99815872645759,Residential,Analog,Irbid_West,1
C10067,2020-12-16,11.183891070985007,21.77583660647751,Residential,Analog,Center,0
C10017,2019-06-25,19.423524802424957,34.13528720363743,Residential,Analog,Irbid_West,0
C10028,2022-04-10,37.51091593633436,61.266373904501535,Residential,Analog,Irbid_South,0
C10086,2022-11-06,25.249951187408726,42.87492678111309,Residential,Analog,Center,0
C10073,2022-02-09,26.237313022092533,44.3559695331388,Residential,Digital,Irbid_South,0
C10090,2018-05-01,42.24746679813475,68.37120019720213,Residential,Digital,Irbid_West,0
C10089,2022-07-09,15.322786159006556,27.984179238509835,Residential,Analog,Irbid_East,0
C10006,2021-08-13,120.97376179789302,186.46064269683953,Commercial,Digital,Irbid_South,0
C10088,2019-07-25,45.314631912169276,72.97194786825392,Residential,Analog,Irbid_South,0
C10016,2018-11-27,19.547781201407943,34.321671802111915,Residential,Digital,Irbid_North,0
C10081,2018-01-01,22.393962096808945,38.590943145213416,Residential,Digital,Irbid_North,0
C10001,2021-11-11,24.40633415221714,41.60950122832571,Residential,Analog,Center,0
C10041,2018-10-28,51.85302834698499,82.77954252047749,Commercial,Analog,Irbid_North,0
C10100,2019-10-23,28.873920374879685,48.310880562319525,Residential,Analog,Center,0
C10008,2019-11-22,73.49142770973307,115.23714156459961,Commercial,Analog,Irbid_South,0
C10030,2018-01-01,16.25177445544046,29.377661683160692,Residential,Analog,Irbid_East,0
C10054,2019-04-26,11.82700237190064,22.74050355785096,Residential,Digital,Center,0
C10063,2020-06-19,24.896158262057455,42.34423739308618,Residential,Smart,Center,0
C10051,2019-11-22,19.831247091178167,34.74687063676725,Residential,Digital,Irbid_South,0
C10092,2018-10-28,27.941922655384587,46.91288398307688,Residential,Analog,Irbid_North,0
C10082,2020-02-20,18.607336910635823,32.911005365953734,Residential,Analog,Irbid_East,1
C10022,2018-12-27,12.074154125851281,23.111231188776923,Residential,Analog,Irbid_North,0
C10089,2018-09-28,13.189770543398135,24.784655815097203,Residential,Analog,Irbid_East,0
C10039,2021-02-14,11.802561169146632,22.70384175371995,Residential,Digital,Irbid_South,0
C10018,2020-11-16,16.137286421057276,5.088255638081373,Residential,Digital,Irbid_West,1
C10015,2018-08-29,72.12910627139894,113.19365940709841,Commercial,Digital,Irbid_North,1
C10100,2018-01-01,17.61075844093238,31.41613766139857,Residential,Analog,Center,0
C10034,2018-12-27,131.96765643229696,202.95148464844544,Industrial,Digital,Irbid_West,0
C10020,2021-05-15,13.608912996285296,25.413369494427943,Residential,Digital,Irbid_East,0
C10047,2021-05-15,35.50800655301939,58.26200982952909,Residential,Analog,Irbid_North,0
C10095,2019-11-22,31.452937567816022,52.17940635172403,Residential,Analog,Irbid_West,1
C10073,2018-03-02,278.48928512070137,46.77339276810521,Residential,Digital,Irbid_South,0
C10072,2019-11-22,24.98200728179629,42.473010922694435,Residential,Analog,Irbid_West,0
C10019,2020-08-18,36.19967425557661,59.299511383364916,Residential,Analog,Irbid_West,0
C10038,2018-05-31,37.82934129748011,61.74401194622017,Residential,Digital,Center,0
C10013,2022-08-08,37.74592400288348,61.61888600432522,Residential,Digital,Irbid_South,0
C10093,2021-01-15,12.224654044161547,23.33698106624232,Residential,Analog,Irbid_East,0
C10004,2018-04-01,36.47943351903893,59.71915027855839,Residential,Analog,Center,1
C10036,2022-09-07,15.480760946039588,28.221141419059382,Residential,Analog,Center,1
C10069,2022-11-06,7.809150076832866,16.7137251152493,Residential,Analog,Irbid_South,0
C10096,2018-01-31,15.184722952954269,27.777084429431405,Residential,Analog,Center,0
C10067,2020-08-18,23.36807507310117,40.05211260965176,Residential,Analog,Center,0
C10013,2019-02-25,16.782514978304704,30.173772467457056,Residential,Digital,Irbid_South,0
C10090,2022-07-09,47.69191736917276,76.53787605375913,Residential,Digital,Irbid_West,0
C10020,2020-04-20,14.802750737956542,27.20412610693481,Residential,Digital,Irbid_East,0
C10032,2018-03-02,62.78537124250693,99.1780568637604,Commercial,Analog,Irbid_West,1
C10080,2019-06-25,24.043112171232448,41.06466825684867,Residential,Digital,Irbid_East,0
C10098,2019-12-22,33.050585758880686,54.57587863832103,Commercial,Analog,Irbid_South,0
C10009,2018-05-31,34.37344010592789,56.56016015889183,Residential,Analog,Irbid_East,0
C10021,2018-12-27,9.023806872276007,18.53571030841401,Residential,Analog,Center,0
C10008,2020-08-18,131.0977613306691,201.64664199600367,Commercial,Analog,Irbid_South,0
C10026,2018-07-30,18.151965430801553,32.22794814620233,Residential,Analog,Irbid_East,0
C10078,2019-08-24,70.31905888992465,110.47858833488698,Commercial,Analog,Center,0
C10001,2020-06-19,41.22999923658559,66.84499885487838,Residential,Analog,Center,0
C10014,2018-09-28,16.751115017327717,30.126672525991573,Residential,Digital,Center,1
C10100,2018-04-01,36.42056984841877,59.630854772628155,Residential,Analog,Center,0
C10094,2018-03-02,23.066587341074456,39.599881011611686,Residential,Digital,Irbid_South,0
C10019,2020-05-20,29.31466562160555,48.97199843240833,Residential,Analog,Irbid_West,0
C10002,2021-04-15,45.176501824583625,72.76475273687544,Commercial,Analog,Irbid_South,0
C10068,2020-09-17,34.960707932374646,57.44106189856197,Residential,Analog,Irbid_South,0
C10041,2018-05-31,61.57176794850894,97.35765192276341,Commercial,Analog,Irbid_North,0
C10075,2020-12-16,9.250167173437342,18.875250760156014,Residential,Smart,Irbid_South,0
C10052,2022-08-08,26.692245622780785,45.038368434171176,Residential,Analog,Irbid_South,0
C10059,2021-01-15,,35.74942703712509,Residential,Analog,Center,0
C10080,2022-09-07,18.25667096455107,32.38500644682661,Residential,Digital,Irbid_East,0
C10064,2022-07-09,38.04890495912275,62.07335743868413,Residential,Analog,Irbid_West,0
C10085,2021-03-16,20.619135715497585,35.92870357324638,Residential,Analog,Irbid_North,0
C10015,2019-09-23,70.26326387235936,110.39489580853905,Commercial,Digital,Irbid_North,1
C10051,2018-06-30,29.766357477455767,49.64953621618365,Residential,Digital,Irbid_South,0
C10016,2018-04-01,36.746216498356226,60.119324747534336,Residential,Digital,Irbid_North,0
C10035,2021-10-12,23.30057261330682,39.950858919960226,Residential,Digital,Irbid_West,0
C10002,2022-01-10,48.61562492046142,77.92343738069214,Commercial,Analog,Irbid_South,0
C10087,2018-05-01,18.18335805479167,32.27503708218751,Residential,Analog,Center,1
C10071,2018-01-01,27.336652741090685,46.004979111636025,Commercial,Analog,Irbid_East,0
C10085,2021-09-12,32.068355266183325,53.10253289927499,Residential,Analog,Irbid_North,0
C10048,2018-07-30,40.758743648317356,66.13811547247603,Residential,Digital,Irbid_West,0
C10034,2020-04-20,206.6600084538012,314.9900126807018,Industrial,Digital,Irbid_West,0
C10025,2021-07-14,17.744489730786427,31.61673459617964,Residential,Digital,Center,0
C10061,2018-01-31,24.02464325436003,41.036964881540044,Residential,Analog,Irbid_South,0
C10099,2021-07-14,64.18444777265363,101.27667165898043,Commercial,Analog,Irbid_South,0
C10055,2020-12-16,18.512953087799993,32.76942963169999,Residential,Analog,Irbid_West,0
C10041,2020-12-16,40.75774045999541,66.13661068999312,Commercial,Analog,Irbid_North,0
C10049,2021-11-11,29.71250950972785,49.56876426459178,Residential,Analog,Irbid_South,0
C10034,2021-06-14,221.68059771148845,337.5208965672327,Industrial,Digital,Irbid_West,0
C10077,2022-02-09,10.759206560853862,21.138809841280793,Residential,Digital,Irbid_East,0
C10035,2022-10-07,25.23684741665959,42.855271124989386,Residential,Digital,Irbid_West,0
C10095,2022-08-08,-12.602076009725696,5.0,Residential,Analog,Irbid_West,1
C10067,2018-08-29,20.790175933636625,36.18526390045494,Residential,Analog,Center,0
C10019,2019-02-25,21.937862563792542,37.90679384568881,Residential,Analog,Irbid_West,0
C10019,2021-05-15,33.87353008240896,55.81029512361344,Residential,Analog,Irbid_West,0
C10087,2021-05-15,0.0,5.0,Residential,Analog,Center,1
C10043,2022-06-09,16.30234439504042,29.453516592560632,Residential,Analog,Irbid_West,0
C10014,2020-05-20,18.947001304879883,33.42050195731983,Residential,Digital,Center,1
C10058,2022-02-09,154.66357312211775,236.99535968317662,Industrial,Analog,Irbid_West,0
C10064,2021-06-14,38.25682954734844,62.385244321022654,Residential,Analog,Irbid_West,0
C10100,2020-06-19,30.28532741646992,50.427991124704874,Residential,Analog,Center,0
C10071,2021-12-11,32.28543807127329,53.428157106909936,Commercial,Analog,Irbid_East,0
C10073,2018-06-30,45.898993380491056,73.84849007073659,Residential,Digital,Irbid_South,0
C10078,2019-06-25,72.51036641521608,113.76554962282412,Commercial,Analog,Center,0
C10096,2018-11-27,18.605481945627425,32.90822291844114,Residential,Analog,Center,0
C10074,2021-11-11,51.950798823327915,82.92619823499187,Commercial,Analog,Irbid_North,0
C10032,2018-07-30,92.04984886290427,143.07477329435642,Commercial,Analog,Irbid_West,1
C10039,2021-01-15,16.248339458577423,29.372509187866136,Residential,Digital,Irbid_South,0
C10041,2018-12-27,29.99651715192227,49.99477572788341,Commercial,Analog,Irbid_North,0
C10092,2022-05-10,32.65898733569505,53.988481003542574,Residential,Analog,Irbid_North,0
C10065,2022-07-09,28.70137214670438,48.052058220056566,Residential,Digital,Center,0
C10068,2018-05-01,35.83722367065733,58.755835505986,Residential,Analog,Irbid_South,0
C10035,2021-07-14,34.9210522874636,57.38157843119541,Residential,Digital,Irbid_West,0
C10038,2019-01-26,16.26080115883832,29.39120173825748,Residential,Digital,Center,0
C10090,2019-04-26,36.485131833641404,59.727697750462106,Residential,Digital,Irbid_West,0
C10021,2018-05-01,15.545824972341224,28.318737458511837,Residential,Analog,Center,0
C10095,2021-10-12,31.91964530811254,52.87946796216881,Residential,Analog,Irbid_West,1
C10031,2020-08-18,33.88109362509052,55.82164043763578,Residential,Analog,Irbid_West,0
C10061,2022-01-10,15.593453124620293,28.390179686930438,Residential,Analog,Irbid_South,0
C10025,2019-02-25,8.553084856437854,17.82962728465678,Residential,Digital,Center,0
C10098,2021-11-11,,67.01901630341689,Commercial,Analog,Irbid_South,0
C10048,2022-04-10,39.48266912167131,64.22400368250696,Residential,Digital,Irbid_West,0
C10009,2021-02-14,21.397657680647807,37.09648652097171,Residential,Analog,Irbid_East,0
C10014,2022-01-10,21.563728996956062,37.345593495434095,Residential,Digital,Center,1
C10078,2020-05-20,67.23507051135566,105.85260576703348,Commercial,Analog,Center,0
C10085,2021-02-14,16.447834718252505,29.671752077378756,Residential,Analog,Irbid_North,0
C10008,2019-06-25,129.96102594609897,199.94153891914846,Commercial,Analog,Irbid_South,0
C10011,2020-03-21,8.448205241933561,17.67230786290034,Residential,Digital,Irbid_South,0
C10024,2020-07-19,42.63030497757459,68.94545746636189,Residential,Analog,Irbid_North,0
C10027,2020-11-16,29.23926050406191,48.85889075609286,Residential,Digital,Irbid_North,0
C10016,2020-01-21,18.053473395170517,32.08021009275578,Residential,Digital,Irbid_North,0
C10063,2020-10-17,24.796854421248522,42.19528163187278,Residential,Smart,Center,0
C10096,2020-01-21,17.467500444368728,31.201250666553094,Residential,Analog,Center,0
C10076,2019-05-26,32.22304894979779,53.334573424696686,Residential,Analog,Irbid_South,0
C10049,2021-09-12,42.71459984299297,69.07189976448944,Residential,Analog,Irbid_South,0
C10061,2022-04-10,28.972639955351138,48.458959933026705,Residential,Analog,Irbid_South,0
C10020,2020-09-17,16.56664245833984,29.849963687509756,Residential,Digital,Irbid_East,0
C10056,2022-04-10,21.08089055424452,36.62133583136678,Residential,Analog,Irbid_North,0
C10057,2020-09-17,33.85943578464938,55.78915367697407,Residential,Analog,Center,0
C10016,2021-08-13,36.52314500011588,59.78471750017383,Residential,Digital,Irbid_North,0
C10081,2019-04-26,33.06852597340931,54.60278896011396,Residential,Digital,Irbid_North,0
C10039,2022-10-07,21.432912308384903,37.14936846257736,Residential,Digital,Irbid_South,0
C10001,2018-12-27,13.359426280026998,25.0391394200405,Residential,Analog,Center,0
C10019,2021-01-15,17.362931120225397,31.044396680338096,Residential,Analog,Irbid_West,0
C10074,2020-03-21,50.15514186622455,80.23271279933682,Commercial,Analog,Irbid_North,0
C10053,2021-11-11,29.650970181753873,49.47645527263081,Residential,Smart,Center,0
C10046,2021-06-14,33.6776065814733,55.51640987220995,Residential,Digital,Irbid_West,0
C10011,2021-06-14,13.700010089820815,25.550015134731222,Residential,Digital,Irbid_South,0
C10026,2020-09-17,13.61043614351934,25.415654215279012,Residential,Analog,Irbid_East,0
C10059,2020-01-21,26.079081031953535,44.1186215479303,Residential,Analog,Center,0
C10027,2022-01-10,21.706811608417393,37.56021741262609,Residential,Digital,Irbid_North,0
C10096,2021-09-12,28.033331258341114,47.04999688751167,Residential,Analog,Center,0
C10023,2021-06-14,36.18239563900954,59.27359345851431,Residential,Digital,Irbid_West,0
C10090,2021-01-15,21.54845524289868,37.32268286434802,Residential,Digital,Irbid_West,0
C10093,2019-11-22,16.916140837477485,30.374211256216228,Residential,Analog,Irbid_East,0
C10046,2018-05-31,27.738905453308163,46.608358179962245,Residential,Digital,Irbid_West,0
C10094,2019-07-25,44.7804802113519,72.17072031702784,Residential,Digital,Irbid_South,0
C10036,2020-09-17,32.428837654821415,53.64325648223212,Residential,Analog,Center,1
C10039,2020-10-17,17.84201349151006,31.76302023726509,Residential,Digital,Irbid_South,0
C10011,2022-05-10,10.324152655041999,20.486228982563,Residential,Digital,Irbid_South,0
C10008,2018-09-28,112.77920523089008,174.16880784633514,Commercial,Analog,Irbid_South,0
C10038,2022-05-10,37.23206389978833,60.848095849682494,Residential,Digital,Center,0
C10043,2022-08-08,16.78871416256464,30.18307124384696,Residential,Analog,Irbid_West,0
C10043,2022-04-10,13.706063744039566,25.55909561605935,Residential,Analog,Irbid_West,0
C10084,2021-03-16,25.17831758910183,42.76747638365275,Residential,Analog,Irbid_North,0
C10080,2019-01-26,12.0436055662209,23.06540834933135,Residential,Digital,Irbid_East,0
C10068,2022-08-08,34.01162759608262,56.01744139412393,Residential,Analog,Irbid_South,0
C10052,2021-02-14,14.95212273906936,27.42818410860404,Residential,Analog,Irbid_South,0
C10014,2022-10-07,32.36828327708757,53.552424915631356,Residential,Digital,Center,1
C10019,2018-07-30,37.53566600282954,61.3034990042443,Residential,Analog,Irbid_West,0
C10068,2019-07-25,34.965078849422476,57.44761827413372,Residential,Analog,Irbid_South,0
C10077,2021-12-11,14.74530855003663,27.117962825054946,Residential,Digital,Irbid_East,0
C10072,2018-06-30,37.01652559460913,60.52478839191369,Residential,Analog,Irbid_West,0
C10078,2022-07-09,74.75457143891941,117.13185715837912,Commercial,Analog,Center,0
C10070,2022-08-08,16.843902091324217,30.265853136986326,Residential,Analog,Irbid_North,0
C10015,2019-04-26,59.60880676579323,94.41321014868984,Commercial,Digital,Irbid_North,1
C10025,2021-04-15,13.982907599637347,25.974361399456022,Residential,Digital,Center,0
C10083,2021-03-16,140.7795686254725,216.16935293820876,Industrial,Digital,Irbid_North,0
C10078,2020-11-16,43.838770847190595,70.75815627078589,Commercial,Analog,Center,0
C10042,2019-01-26,6.594405681624581,14.891608522436872,Residential,Analog,Irbid_West,0
C10067,2019-08-24,19.050340721840353,33.57551108276053,Residential,Analog,Center,0
C10086,2018-10-28,35.880920066142394,58.82138009921359,Residential,Analog,Center,0
C10012,2020-09-17,92.0751617248885,143.11274258733275,Commercial,Analog,Irbid_North,0
C10080,2022-01-10,10.018895232475781,20.02834284871367,Residential,Digital,Irbid_East,0
C10096,2019-02-25,18.775016648781502,33.16252497317225,Residential,Analog,Center,0
C10004,2018-08-29,42.51190118079416,68.76785177119125,Residential,Analog,Center,1
C10005,2021-11-11,19.762280514997222,34.64342077249583,Residential,Digital,Irbid_West,0
C10071,2019-12-22,35.889770650905284,58.83465597635792,Commercial,Analog,Irbid_East,0
C10099,2020-03-21,34.20751477048479,56.31127215572719,Commercial,Analog,Irbid_South,0
C10047,2021-03-16,25.243686113488742,42.86552917023312,Residential,Analog,Irbid_North,0
C10049,2018-05-31,46.26096374644806,74.3914456196721,Residential,Analog,Irbid_South,0
C10084,2020-07-19,48.02011792133325,77.03017688199988,Residential,Analog,Irbid_North,0
C10065,2022-08-08,27.650980735934244,46.47647110390137,Residential,Digital,Center,0
C10066,2021-12-11,40.44116622972367,65.6617493445855,Commercial,Analog,Irbid_East,0
C10044,2019-10-23,21.980861333026976,37.97129199954046,Residential,Digital,Center,0
C10037,2018-05-01,18.036006160137887,32.05400924020683,Residential,Analog,Irbid_South,0
C10051,2020-09-17,,54.157041638531446,Residential,Digital,Irbid_South,0
C10063,2019-10-23,21.68534073857388,37.52801110786082,Residential,Smart,Center,0
C10004,2020-06-19,0.5470195724197219,5.8205293586295825,Residential,Analog,Center,1
C10058,2019-09-23,360.56733676576687,545.8510051486503,Industrial,Analog,Irbid_West,0
C10083,2022-03-11,133.3847510725367,205.07712660880503,Industrial,Digital,Irbid_North,0
C10078,2019-12-22,43.96742110521495,70.95113165782243,Commercial,Analog,Center,0
C10060,2018-12-27,33.95682796564888,55.93524194847332,Commercial,Analog,Irbid_East,0
C10002,2019-01-26,42.06024675445471,68.09037013168206,Commercial,Analog,Irbid_South,0
C10096,2019-05-26,26.37277300714362,44.55915951071543,Residential,Analog,Center,0
C10027,2022-09-07,40.16772649943401,65.25158974915101,Residential,Digital,Irbid_North,0
C10045,2019-04-26,78.06466923858788,122.09700385788182,Commercial,Digital,Center,0
C10045,2020-05-20,83.9932977478776,130.98994662181642,Commercial,Digital,Center,0
C10065,2019-06-25,28.093474109838834,47.14021116475825,Residential,Digital,Center,0
C10026,2022-06-09,,31.671024897695418,Residential,Analog,Irbid_East,0
C10057,2019-06-25,43.42598760638277,70.13898140957416,Residential,Analog,Center,0
C10095,2018-11-27,28.71789219368134,48.07683829052201,Residential,Analog,Irbid_West,1
C10037,2020-07-19,25.148307939238364,42.72246190885755,Residential,Analog,Irbid_South,0
C10021,2020-07-19,17.215261609233593,30.82289241385039,Residential,Analog,Center,0
C10059,2020-11-16,27.574006272504437,46.36100940875666,Residential,Analog,Center,0
C10026,2018-05-31,13.863035210451569,25.794552815677353,Residential,Analog,Irbid_East,0
C10099,2021-12-11,35.56469053590342,58.347035803855135,Commercial,Analog,Irbid_South,0
C10079,2022-02-09,26.06595433394272,44.09893150091408,Residential,Digital,Irbid_North,0
C10002,2022-05-10,66.16664037710201,104.24996056565303,Commercial,Analog,Irbid_South,0
C10086,2021-01-15,18.53084967633504,32.796274514502564,Residential,Analog,Center,0
C10037,2019-09-23,20.45631426657768,35.684471399866524,Residential,Analog,Irbid_South,0
C10084,2020-03-21,25.563569983247078,43.34535497487062,Residential,Analog,Irbid_North,0
C10055,2019-11-22,21.366261358284124,37.04939203742619,Residential,Analog,Irbid_West,0
C10094,2021-07-14,,77.66843085488492,Residential,Digital,Irbid_South,0
C10051,2018-10-28,24.19590213914051,41.293853208710765,Residential,Digital,Irbid_South,0
C10057,2018-10-28,32.15754968908567,53.236324533628505,Residential,Analog,Center,0
C10032,2022-10-07,2.2876684824485154,8.431502723672773,Commercial,Analog,Irbid_West,1
C10065,2018-05-01,22.86448918590074,39.29673377885111,Residential,Digital,Center,0
C10027,2018-01-31,16.92977237619026,30.394658564285393,Residential,Digital,Irbid_North,0
C10051,2018-03-02,23.63483051647537,40.45224577471305,Residential,Digital,Irbid_South,0
C10074,2018-01-31,42.94458624859891,69.41687937289836,Commercial,Analog,Irbid_North,0
C10042,2020-02-20,7.954852460709218,16.93227869106383,Residential,Analog,Irbid_West,0
C10066,2020-08-18,67.38508495820335,106.07762743730503,Commercial,Analog,Irbid_East,0
C10061,2018-11-27,22.96012216864098,39.44018325296147,Residential,Analog,Irbid_South,0
C10005,2018-12-27,16.441886637661778,29.662829956492665,Residential,Digital,Irbid_West,0
C10006,2022-02-09,65.35452512214684,103.03178768322026,Commercial,Digital,Irbid_South,0
C10066,2021-04-15,61.19788203872174,96.79682305808261,Commercial,Analog,Irbid_East,0
C10044,2018-05-01,23.049479711476934,39.5742195672154,Residential,Digital,Center,0
C10008,2021-01-15,65.98485140672695,103.97727711009043,Commercial,Analog,Irbid_South,0
C10055,2019-06-25,35.51503254025416,58.27254881038124,Residential,Analog,Irbid_West,0
C10008,2022-11-06,82.59757597293093,128.89636395939638,Commercial,Analog,Irbid_South,0
C10019,2020-10-17,20.980952867125808,36.47142930068871,Residential,Analog,Irbid_West,0
C10014,2019-06-25,20.14868172445911,35.223022586688664,Residential,Digital,Center,1
C10081,2018-04-01,41.66248962402741,67.49373443604111,Residential,Digital,Irbid_North,0
C10094,2019-12-22,18.45587087543756,32.68380631315634,Residential,Digital,Irbid_South,0
C10070,2020-12-16,9.701697238752223,19.552545858128333,Residential,Analog,Irbid_North,0
C10001,2020-02-20,20.139367978353835,35.209051967530755,Residential,Analog,Center,0
C10053,2019-07-25,45.60896909508096,73.41345364262143,Residential,Smart,Center,0
C10055,2019-02-25,15.060879971350035,27.591319957025053,Residential,Analog,Irbid_West,0
C10075,2022-10-07,12.852377695096205,24.278566542644306,Residential,Smart,Irbid_South,0
C10032,2019-07-25,,127.4999015126684,Commercial,Analog,Irbid_West,1
C10022,2020-03-21,12.556071605560907,23.83410740834136,Residential,Analog,Irbid_North,0
C10022,2019-09-23,16.53934994046209,29.809024910693132,Residential,Analog,Irbid_North,0
C10093,2021-08-13,25.978266175303197,43.9673992629548,Residential,Analog,Irbid_East,0
C10045,2020-12-16,48.41606473083159,77.6240970962474,Commercial,Digital,Center,0
C10081,2021-02-14,26.15884857917908,44.23827286876862,Residential,Digital,Irbid_North,0
C10077,2021-07-14,28.24097607187481,47.36146410781222,Residential,Digital,Irbid_East,0
C10080,2018-01-01,11.307997945980997,21.961996918971494,Residential,Digital,Irbid_East,0
C10087,2021-09-12,0.0,5.0,Residential,Analog,Center,1
C10080,2019-11-22,16.221868109222576,29.332802163833865,Residential,Digital,Irbid_East,0
C10034,2022-06-09,230.89550165410876,351.3432524811631,Industrial,Digital,Irbid_West,0
C10032,2018-10-28,61.1321780426125,96.69826706391875,Commercial,Analog,Irbid_West,1
C10092,2022-10-07,35.6631350607893,58.49470259118395,Residential,Analog,Irbid_North,0
C10084,2018-06-30,45.817060869834904,73.72559130475236,Residential,Analog,Irbid_North,0
C10011,2018-07-30,14.096111539390268,26.144167309085404,Residential,Digital,Irbid_South,0
C10037,2019-10-23,19.5243619221256,34.2865428831884,Residential,Analog,Irbid_South,0
C10084,2021-05-15,39.46889503951162,64.20334255926744,Residential,Analog,Irbid_North,0
C10066,2020-07-19,71.86091534757901,112.79137302136851,Commercial,Analog,Irbid_East,0
C10026,2021-03-16,10.924076688334958,21.38611503250244,Residential,Analog,Irbid_East,0
C10071,2019-04-26,42.29496231897509,68.44244347846264,Commercial,Analog,Irbid_East,0
C10082,2021-07-14,6.507164868428576,14.760747302642864,Residential,Analog,Irbid_East,1
C10100,2019-04-26,29.35336044965232,49.030040674478485,Residential,Analog,Center,0
C10057,2021-02-14,22.47709178067852,38.71563767101778,Residential,Analog,Center,0
C10004,2019-11-22,0.27296553640608073,5.409448304609121,Residential,Analog,Center,1
C10006,2021-03-16,84.76686684922247,132.1503002738337,Commercial,Digital,Irbid_South,0
C10035,2022-05-10,31.505166836856077,52.257750255284115,Residential,Digital,Irbid_West,0
C10014,2022-09-07,5.599200913065394,13.39880136959809,Residential,Digital,Center,1
C10074,2019-09-23,63.826025900614916,100.73903885092237,Commercial,Analog,Irbid_North,0
C10007,2020-03-21,25.385535518983552,43.07830327847533,Residential,Analog,Irbid_East,0
C10048,2022-06-09,36.11288437123698,59.16932655685547,Residential,Digital,Irbid_West,0
C10077,2020-09-17,24.922030429414278,42.38304564412142,Residential,Digital,Irbid_East,0
C10044,2022-05-10,22.246105572901847,38.36915835935277,Residential,Digital,Center,0
C10044,2018-05-31,21.852155153482396,37.77823273022359,Residential,Digital,Center,0
C10084,2021-11-11,28.59983169617171,47.899747544257565,Residential,Analog,Irbid_North,0
C10059,2019-09-23,38.80405835166182,63.206087527492734,Residential,Analog,Center,0
C10062,2020-10-17,60.424461564937175,95.63669234740576,Commercial,Analog,Irbid_West,0
C10095,2018-03-02,27.79242154728056,46.688632320920846,Residential,Analog,Irbid_West,1
C10046,2022-10-07,22.18710247099416,38.280653706491236,Residential,Digital,Irbid_West,0
C10075,2018-01-01,7.962120636013125,16.943180954019688,Residential,Smart,Irbid_South,0
C10040,2018-11-27,221.05011656827276,38.157517485240916,Residential,Analog,Irbid_West,0
C10071,2021-01-15,24.927729808200233,42.391594712300346,Commercial,Analog,Irbid_East,0
C10060,2021-02-14,45.216859762932344,72.82528964439851,Commercial,Analog,Irbid_East,0
C10012,2019-05-26,122.69251662411006,189.03877493616508,Commercial,Analog,Irbid_North,0
C10027,2022-08-08,41.24251405030847,66.86377107546271,Residential,Digital,Irbid_North,0
C10085,2021-11-11,21.722362275220032,37.583543412830046,Residential,Analog,Irbid_North,0
C10027,2018-05-01,37.885852998946504,61.828779498419756,Residential,Digital,Irbid_North,0
C10002,2018-01-31,46.74386584226319,75.11579876339479,Commercial,Analog,Irbid_South,0
C10091,2022-08-08,,33.80897488108241,Residential,Smart,Irbid_South,0
C10061,2018-05-31,32.24936518219342,53.37404777329013,Residential,Analog,Irbid_South,0
C10075,2021-05-15,14.092102012350237,26.138153018525355,Residential,Smart,Irbid_South,0
C10073,2019-11-22,27.1893505653564,45.7840258480346,Residential,Digital,Irbid_South,0
C10026,2021-08-13,18.673205594314826,33.00980839147224,Residential,Analog,Irbid_East,0
C10014,2018-10-28,15.129228225024615,27.69384233753692,Residential,Digital,Center,1
C10066,2019-04-26,625.0731450726524,98.76097176089786,Commercial,Analog,Irbid_East,0
C10065,2022-03-11,19.90967516251102,34.86451274376653,Residential,Digital,Center,0
C10092,2020-06-19,39.39113629149485,64.08670443724228,Residential,Analog,Irbid_North,0
C10054,2018-01-31,10.502104696604416,20.753157044906622,Residential,Digital,Center,0
C10081,2022-08-08,41.715584490850354,67.57337673627553,Residential,Digital,Irbid_North,0
C10055,2019-08-24,32.73616112905097,54.104241693576455,Residential,Analog,Irbid_West,0
C10023,2021-03-16,,34.336242225941305,Residential,Digital,Irbid_West,0
C10064,2019-08-24,36.86255550603374,60.293833259050615,Residential,Analog,Irbid_West,0
C10075,2018-03-02,9.112793831005433,18.66919074650815,Residential,Smart,Irbid_South,0
C10045,2019-01-26,60.45303581859347,95.67955372789021,Commercial,Digital,Center,0
C10069,2018-08-29,13.53214935084263,25.298224026263945,Residential,Analog,Irbid_South,0
C10097,2022-03-11,50.427121848881676,80.64068277332251,Commercial,Analog,Center,0
C10013,2019-01-26,22.28071232001976,38.42106848002964,Residential,Digital,Irbid_South,0
C10063,2021-11-11,18.011174663581624,32.016761995372434,Residential,Smart,Center,0
C10077,2020-11-16,20.692890931384074,36.03933639707611,Residential,Digital,Irbid_East,0
C10032,2019-11-22,0.2579490701935708,5.386923605290356,Commercial,Analog,Irbid_West,1
C10086,2021-04-15,37.37762217986603,61.06643326979905,Residential,Analog,Center,0
C10032,2022-11-06,2.3969636166064423,8.595445424909663,Commercial,Analog,Irbid_West,1
C10039,2022-01-10,11.568329107062084,22.352493660593126,Residential,Digital,Irbid_South,0
C10009,2021-11-11,25.421624549694762,43.13243682454214,Residential,Analog,Irbid_East,0
C10032,2018-11-27,51.35159502417488,82.02739253626231,Commercial,Analog,Irbid_West,1
C10044,2021-06-14,28.8497763385838,48.2746645078757,Residential,Digital,Center,0
C10042,2021-09-12,13.479490019395802,25.219235029093703,Residential,Analog,Irbid_West,0
C10094,2018-06-30,39.33817462481512,64.00726193722268,Residential,Digital,Irbid_South,0
C10083,2021-10-12,170.66904277012407,261.0035641551861,Industrial,Digital,Irbid_North,0
C10073,2018-08-29,40.247965351464316,65.37194802719648,Residential,Digital,Irbid_South,0
C10014,2019-11-22,13.975890568094325,25.963835852141486,Residential,Digital,Center,1
C10015,2019-05-26,68.78967466950331,108.18451200425497,Commercial,Digital,Irbid_North,1
C10026,2022-02-09,8.918737631776047,18.37810644766407,Residential,Analog,Irbid_East,0
C10056,2019-07-25,26.77873447660803,45.16810171491204,Residential,Analog,Irbid_North,0
C10093,2022-08-08,31.765093382145114,52.64764007321767,Residential,Analog,Irbid_East,0
C10067,2020-01-21,10.735598705943266,21.103398058914898,Residential,Analog,Center,0
C10079,2021-09-12,33.98375405293994,55.975631079409915,Residential,Digital,Irbid_North,0
C10067,2021-07-14,20.564848773723433,35.84727316058515,Residential,Analog,Center,0
C10049,2022-06-09,45.08822824942555,72.63234237413832,Residential,Analog,Irbid_South,0
C10004,2021-03-16,1.3138922831098756,6.970838424664813,Residential,Analog,Center,1
C10038,2018-06-30,37.46129785009077,61.19194677513616,Residential,Digital,Center,0
C10022,2020-04-20,16.11465878644206,29.17198817966309,Residential,Analog,Irbid_North,0
C10019,2020-11-16,23.097117822500127,39.64567673375019,Residential,Analog,Irbid_West,0
C10010,2021-06-14,116.50825200609506,179.7623780091426,Commercial,Analog,Irbid_East,0
C10054,2021-11-11,12.431030256745961,23.64654538511894,Residential,Digital,Center,0
C10001,2021-07-14,40.77070718015967,66.1560607702395,Residential,Analog,Center,0
C10061,2022-10-07,29.417208426688532,49.1258126400328,Residential,Analog,Irbid_South,0
C10054,2019-03-27,10.997610756197284,21.496416134295927,Residential,Digital,Center,0
C10041,2019-02-25,,68.60584754592509,Commercial,Analog,Irbid_North,0
C10050,2018-01-31,,29.21368393411579,Residential,Analog,Irbid_East,0
C10029,2019-07-25,95.84270376731769,148.76405565097653,Commercial,Analog,Irbid_South,1
C10098,2019-04-26,57.70690118170633,91.5603517725595,Commercial,Analog,Irbid_South,0
C10081,2019-02-25,29.19751252398897,48.79626878598346,Residential,Digital,Irbid_North,0
C10029,2019-08-24,78.26755289551751,122.40132934327627,Commercial,Analog,Irbid_South,1
C10089,2019-10-23,9.99556069442442,19.99334104163663,Residential,Analog,Irbid_East,0
C10021,2019-12-22,11.951236944071816,22.926855416107724,Residential,Analog,Center,0
C10048,2021-03-16,26.345099936606545,44.51764990490982,Residential,Digital,Irbid_West,0
C10032,2018-05-01,80.40280235420165,125.60420353130249,Commercial,Analog,Irbid_West,1
C10018,2022-03-11,21.28217799951964,5.340648087210235,Residential,Digital,Irbid_West,1
C10012,2022-10-07,79.95581865261907,124.9337279789286,Commercial,Analog,Irbid_North,0
C10074,2019-06-25,75.7047759186665,118.55716387799976,Commercial,Analog,Irbid_North,0
C10035,2018-05-31,27.95397421298677,46.930961319480154,Residential,Digital,Irbid_West,0
C10012,2018-10-28,77.09821067755969,120.64731601633954,Commercial,Analog,Irbid_North,0
C10075,2021-07-14,15.976668581274952,28.96500287191243,Residential,Smart,Irbid_South,0
C10053,2021-10-12,28.910064924724047,48.36509738708607,Residential,Smart,Center,0
C10098,2019-08-24,83.88145253755303,130.82217880632953,Commercial,Analog,Irbid_South,0
C10081,2021-09-12,42.98216558823107,69.47324838234661,Residential,Digital,Irbid_North,0
C10065,2020-03-21,16.026224618788415,29.03933692818262,Residential,Digital,Center,0
C10015,2022-09-07,69.72476633049472,4.488603717400797,Commercial,Digital,Irbid_North,1
C10021,2022-10-07,13.461932055329694,25.19289808299454,Residential,Analog,Center,0
C10028,2020-06-19,41.571314071427196,67.3569711071408,Residential,Analog,Irbid_South,0
C10002,2020-11-16,54.884310116559014,87.32646517483852,Commercial,Analog,Irbid_South,0
C10038,2020-08-18,40.33868166757782,65.50802250136674,Residential,Digital,Center,0
C10077,2022-10-07,21.46247730215139,37.193715953227084,Residential,Digital,Irbid_East,0
C10039,2018-08-29,27.143643222519977,45.71546483377996,Residential,Digital,Irbid_South,0
C10015,2018-03-02,56.94056148306631,90.41084222459946,Commercial,Digital,Irbid_North,1
C10077,2018-03-02,18.197007547295325,32.295511320942985,Residential,Digital,Irbid_East,0
C10047,2018-04-01,35.327525615386364,57.991288423079546,Residential,Analog,Irbid_North,0
C10084,2021-10-12,37.22842942009659,60.84264413014488,Residential,Analog,Irbid_North,0
C10054,2019-12-22,11.366616191349499,22.049924287024247,Residential,Digital,Center,0
C10037,2018-06-30,23.819211141024134,40.7288167115362,Residential,Analog,Irbid_South,0
C10028,2019-02-25,25.05679084142473,42.58518626213709,Residential,Analog,Irbid_South,0
C10077,2022-07-09,26.282201372402998,44.4233020586045,Residential,Digital,Irbid_East,0
C10006,2019-10-23,82.55287575654529,128.82931363481794,Commercial,Digital,Irbid_South,0
C10074,2019-05-26,73.87176153727603,115.80764230591404,Commercial,Analog,Irbid_North,0
C10050,2021-10-12,22.913670620553923,39.37050593083089,Residential,Analog,Irbid_East,0
C10054,2021-01-15,6.290747986179247,14.43612197926887,Residential,Digital,Center,0
C10006,2020-10-17,98.68244741019454,153.02367111529182,Commercial,Digital,Irbid_South,0
C10095,2019-12-22,19.308741408408764,33.963112112613146,Residential,Analog,Irbid_West,1
C10006,2020-08-18,122.47062054254764,188.70593081382145,Commercial,Digital,Irbid_South,0
C10014,2022-05-10,17.315159167471506,30.97273875120726,Residential,Digital,Center,1
C10086,2021-05-15,32.91774717971183,54.37662076956775,Residential,Analog,Center,0
C10037,2022-05-10,23.781994577848394,40.67299186677259,Residential,Analog,Irbid_South,0
C10057,2018-12-27,23.5593661251348,40.3390491877022,Residential,Analog,Center,0
C10050,2020-02-20,18.038089386058182,32.05713407908728,Residential,Analog,Irbid_East,0
C10072,2019-02-25,19.497761908359386,34.246642862539076,Residential,Analog,Irbid_West,0
C10013,2018-11-27,24.642757304061178,41.964135956091766,Residential,Digital,Irbid_South,0
C10065,2018-09-28,29.883125493558598,49.8246882403379,Residential,Digital,Center,0
C10005,2022-03-11,20.192675485571222,35.289013228356836,Residential,Digital,Irbid_West,0
C10004,2018-05-01,37.14832558604035,60.72248837906052,Residential,Analog,Center,1
C10080,2020-08-18,21.28031679243682,36.92047518865523,Residential,Digital,Irbid_East,0
C10074,2018-10-28,50.74489834645065,81.11734751967597,Commercial,Analog,Irbid_North,0
C10099,2019-09-23,51.742851636771675,82.61427745515752,Commercial,Analog,Irbid_South,0
C10009,2022-05-10,26.417273212745698,44.62590981911855,Residential,Analog,Irbid_East,0
C10049,2019-03-27,33.170443459736866,54.755665189605295,Residential,Analog,Irbid_South,0
C10051,2021-03-16,26.285418711812667,44.428128067719,Residential,Digital,Irbid_South,0
C10037,2020-03-21,13.433369635613147,25.15005445341972,Residential,Analog,Irbid_South,0
C10097,2018-03-02,40.532020000130764,65.79803000019615,Commercial,Analog,Center,0
C10011,2022-09-07,9.893738552304065,19.840607828456097,Residential,Digital,Irbid_South,0
C10021,2022-07-09,17.390150831162206,31.08522624674331,Residential,Analog,Center,0
C10071,2018-01-31,22.95684263170351,39.43526394755526,Commercial,Analog,Irbid_East,0
C10053,2022-08-08,,71.69794751023329,Residential,Smart,Center,0
C10043,2019-03-27,7.503684894689163,16.255527342033744,Residential,Analog,Irbid_West,0
C10049,2020-09-17,40.5556730791958,65.8335096187937,Residential,Analog,Irbid_South,0
C10015,2022-10-07,54.94408192493874,4.165707963061205,Commercial,Digital,Irbid_North,1
C10008,2018-08-29,135.94200304134625,208.91300456201938,Commercial,Analog,Irbid_South,0
C10070,2020-10-17,12.316572287002039,23.47485843050306,Residential,Analog,Irbid_North,0
C10086,2018-01-31,21.00779180599816,36.51168770899724,Residential,Analog,Center,0
C10079,2022-10-07,26.824296315822046,45.23644447373307,Residential,Digital,Irbid_North,0
C10024,2022-08-08,42.967247044147896,69.45087056622185,Residential,Analog,Irbid_North,0
C10092,2020-01-21,12.242840457808116,23.364260686712175,Residential,Analog,Irbid_North,0
C10021,2019-10-23,13.837416664483198,25.756124996724797,Residential,Analog,Center,0
C10063,2022-05-10,21.713904163002884,37.57085624450433,Residential,Smart,Center,0
C10094,2018-09-28,44.03181233033869,71.04771849550804,Residential,Digital,Irbid_South,0
C10052,2020-10-17,23.33498112265031,40.002471683975465,Residential,Analog,Irbid_South,0
C10048,2022-09-07,41.06436737637224,66.59655106455835,Residential,Digital,Irbid_West,0
C10066,2021-10-12,56.9544195060161,90.43162925902415,Commercial,Analog,Irbid_East,0
C10068,2022-04-10,28.335760111352858,47.50364016702929,Residential,Analog,Irbid_South,0
C10074,2021-12-11,34.121776806877676,56.182665210316515,Commercial,Analog,Irbid_North,0
C10048,2020-02-20,23.265124303773135,39.8976864556597,Residential,Digital,Irbid_West,0
C10097,2022-02-09,31.02891723692071,51.543375855381065,Commercial,Analog,Center,0
C10062,2019-02-25,31.63522030557367,52.45283045836051,Commercial,Analog,Irbid_West,0
C10042,2019-12-22,6.688283608948285,15.032425413422427,Residential,Analog,Irbid_West,0
C10032,2021-01-15,6.074069367044274,14.11110405056641,Commercial,Analog,Irbid_West,1
C10092,2019-02-25,19.469346713173387,34.20402006976008,Residential,Analog,Irbid_North,0
C10095,2022-05-10,-25.98012804737194,5.0,Residential,Analog,Irbid_West,1
C10084,2020-02-20,16.620154951490015,29.930232427235023,Residential,Analog,Irbid_North,0
C10072,2021-10-12,23.87445692215629,40.81168538323443,Residential,Analog,Irbid_West,0
C10072,2019-08-24,31.035279461835962,51.55291919275395,Residential,Analog,Irbid_West,0
C10063,2022-11-06,20.00113400500436,35.00170100750654,Residential,Smart,Center,0
C10024,2020-06-19,39.53856391490137,64.30784587235205,Residential,Analog,Irbid_North,0
C10074,2018-05-01,73.29587410500193,114.94381115750289,Commercial,Analog,Irbid_North,0
C10052,2022-04-10,21.094669628746903,36.642004443120356,Residential,Analog,Irbid_South,0
C10069,2021-12-11,5.346699907755808,13.020049861633712,Residential,Analog,Irbid_South,0
C10093,2022-03-11,19.812598495429192,34.718897743143785,Residential,Analog,Irbid_East,0
C10004,2018-12-27,24.734377871181827,42.10156680677274,Residential,Analog,Center,1
C10053,2018-04-01,31.346303301311913,52.01945495196787,Residential,Smart,Center,0
C10019,2021-10-12,29.38961475953844,49.08442213930766,Residential,Analog,Irbid_West,0
C10038,2022-03-11,30.06315339661603,50.094730094924046,Residential,Digital,Center,0
C10031,2020-01-21,14.96666987572794,27.45000481359191,Residential,Analog,Irbid_West,0
C10032,2020-07-19,4.767731624844935,12.151597437267403,Commercial,Analog,Irbid_West,1
C10094,2019-01-26,22.480441093210263,38.7206616398154,Residential,Digital,Irbid_South,0
C10006,2018-05-01,101.16609202050934,156.74913803076402,Commercial,Digital,Irbid_South,0
C10084,2020-10-17,35.47054486377282,58.20581729565923,Residential,Analog,Irbid_North,0
C10022,2020-08-18,19.79746266967493,34.69619400451239,Residential,Analog,Irbid_North,0
C10002,2018-10-28,67.49244233952818,106.23866350929228,Commercial,Analog,Irbid_South,0
C10034,2018-04-01,148.2097360750087,227.31460411251305,Industrial,Digital,Irbid_West,0
C10022,2021-09-12,18.734772391081428,33.10215858662214,Residential,Analog,Irbid_North,0
C10048,2019-08-24,43.76059073464449,70.64088610196673,Residential,Digital,Irbid_West,0
C10074,2022-10-07,61.882667703972075,97.82400155595812,Commercial,Analog,Irbid_North,0
C10086,2021-10-12,30.941850317431854,51.41277547614778,Residential,Analog,Center,0
C10029,2022-09-07,4.208794879410722,11.313192319116084,Commercial,Analog,Irbid_South,1
C10023,2019-08-24,31.2259336677593,51.838900501638946,Residential,Digital,Irbid_West,0
C10014,2022-03-11,3.3979682867711163,10.096952430156675,Residential,Digital,Center,1
C10060,2019-08-24,102.43519960936396,158.65279941404594,Commercial,Analog,Irbid_East,0
C10025,2019-04-26,13.321159044483771,24.981738566725657,Residential,Digital,Center,0
C10032,2021-09-12,12.154074173196433,23.23111125979465,Commercial,Analog,Irbid_West,1
C10056,2019-04-26,18.497331826270216,32.745997739405325,Residential,Analog,Irbid_North,0
C10004,2022-10-07,1.814730515513861,7.722095773270792,Residential,Analog,Center,1
C10002,2020-08-18,88.58959022824311,137.88438534236468,Commercial,Analog,Irbid_South,0
C10058,2021-03-16,219.84847796408084,334.77271694612125,Industrial,Analog,Irbid_West,0
C10093,2021-12-11,16.83116427206085,30.246746408091276,Residential,Analog,Irbid_East,0
C10085,2022-01-10,19.199009617852546,33.79851442677882,Residential,Analog,Irbid_North,0
C10073,2020-08-18,40.77002413843446,66.15503620765169,Residential,Digital,Irbid_South,0
C10087,2018-05-31,21.27916516621214,36.918747749318214,Residential,Analog,Center,1
C10040,2021-12-11,,39.81604669937855,Residential,Analog,Irbid_West,0
C10087,2018-03-02,14.223777147260982,26.335665720891473,Residential,Analog,Center,1
C10017,2021-05-15,17.30031893903324,30.95047840854986,Residential,Analog,Irbid_West,0
C10035,2021-11-11,14.99431321889828,27.49146982834742,Residential,Digital,Irbid_West,0
C10080,2018-05-31,21.73514331105747,37.602714966586205,Residential,Digital,Irbid_East,0
C10039,2021-12-11,14.532861042765362,26.799291564148042,Residential,Digital,Irbid_South,0
C10038,2020-01-21,15.207756029855382,27.811634044783073,Residential,Digital,Center,0
C10026,2018-05-01,17.623655414168336,31.435483121252503,Residential,Analog,Irbid_East,0
C10016,2022-09-07,32.893344815960866,54.3400172239413,Residential,Digital,Irbid_North,0
C10065,2021-05-15,23.205045124414514,39.80756768662177,Residential,Digital,Center,0
C10085,2020-01-21,12.586906459162472,23.88035968874371,Residential,Analog,Irbid_North,0
C10047,2019-08-24,44.88905575075333,72.33358362613,Residential,Analog,Irbid_North,0
C10026,2020-08-18,17.859636891972247,31.789455337958373,Residential,Analog,Irbid_East,0
C10059,2018-01-01,25.66312657641024,43.49468986461536,Residential,Analog,Center,0
C10075,2020-03-21,11.251586262303231,21.877379393454845,Residential,Smart,Irbid_South,0
C10007,2022-03-11,24.93531047543786,42.40296571315679,Residential,Analog,Irbid_East,0
C10024,2020-01-21,21.14715109928133,36.720726648921996,Residential,Analog,Irbid_North,0
C10100,2019-09-23,32.34857193546751,53.52285790320127,Residential,Analog,Center,0
C10097,2022-10-07,45.26728251852463,72.90092377778694,Commercial,Analog,Center,0
C10084,2021-04-15,31.232729240222163,51.84909386033324,Residential,Analog,Irbid_North,0
C10028,2020-08-18,42.25419065502155,68.38128598253233,Residential,Analog,Irbid_South,0
C10057,2020-04-20,34.24022577893265,56.36033866839897,Residential,Analog,Center,0
C10052,2022-05-10,23.229099677268188,39.843649515902285,Residential,Analog,Irbid_South,0
C10036,2020-07-19,39.96110081295445,64.94165121943168,Residential,Analog,Center,1
C10018,2019-02-25,,24.524627918135767,Residential,Digital,Irbid_West,1
C10092,2019-12-22,15.14520266559251,27.717803998388767,Residential,Analog,Irbid_North,0
C10053,2018-10-28,29.527794879197483,49.29169231879622,Residential,Smart,Center,0
C10049,2020-11-16,22.6918726671462,39.0378090007193,Residential,Analog,Irbid_South,0
C10016,2020-07-19,36.2925606557364,59.43884098360461,Residential,Digital,Irbid_North,0
C10093,2018-07-30,32.856156925978716,54.28423538896807,Residential,Analog,Irbid_East,0
C10078,2019-03-27,48.906152231032856,78.35922834654929,Commercial,Analog,Center,0
C10011,2020-09-17,11.382492284550368,22.073738426825553,Residential,Digital,Irbid_South,0
C10030,2018-05-31,36.67228076962232,60.00842115443348,Residential,Analog,Irbid_East,0
C10009,2019-06-25,42.18747884913874,68.2812182737081,Residential,Analog,Irbid_East,0
C10016,2021-01-15,16.880876455648952,30.321314683473428,Residential,Digital,Irbid_North,0
C10007,2022-07-09,42.99769492662041,69.49654238993062,Residential,Analog,Irbid_East,0
C10040,2021-02-14,22.251485328897804,38.37722799334671,Residential,Analog,Irbid_West,0
C10083,2018-06-30,214.89941308864667,327.34911963297,Industrial,Digital,Irbid_North,0
C10086,2019-08-24,40.276580685668094,65.41487102850215,Residential,Analog,Center,0
C10063,2022-02-09,13.534831013938177,25.302246520907268,Residential,Smart,Center,0
C10099,2019-01-26,20.365227104252277,35.54784065637841,Commercial,Analog,Irbid_South,0
C10013,2021-01-15,14.301975582596217,26.452963373894328,Residential,Digital,Irbid_South,0
C10058,2019-02-25,205.6733046268992,313.50995694034884,Industrial,Analog,Irbid_West,0
C10031,2019-08-24,33.36129703461577,55.04194555192365,Residential,Analog,Irbid_West,0
C10018,2019-09-23,31.73405069749075,52.60107604623613,Residential,Digital,Irbid_West,1
C10087,2022-11-06,0.0,5.0,Residential,Analog,Center,1
C10077,2020-01-21,16.390752947685616,29.586129421528426,Residential,Digital,Irbid_East,0
C10053,2022-01-10,24.689673198878765,42.03450979831815,Residential,Smart,Center,0
C10042,2022-08-08,15.773230852946268,28.6598462794194,Residential,Analog,Irbid_West,0
C10010,2022-08-08,121.95241936374451,187.92862904561676,Commercial,Analog,Irbid_East,0
C10080,2019-08-24,21.617872556405644,37.426808834608465,Residential,Digital,Irbid_East,0
C10081,2021-03-16,27.092731868077408,45.63909780211611,Residential,Digital,Irbid_North,0
C10084,2022-07-09,,65.66716383875878,Residential,Analog,Irbid_North,0
C10018,2021-12-11,12.199637836934755,4.691093660371692,Residential,Digital,Irbid_West,1
C10028,2020-03-21,22.807311908197732,39.2109678622966,Residential,Analog,Irbid_South,0
C10038,2019-12-22,28.03043549206335,47.04565323809503,Residential,Digital,Center,0
C10052,2021-05-15,21.294806199518348,36.94220929927752,Residential,Analog,Irbid_South,0
C10038,2020-10-17,33.8081137371934,55.71217060579011,Residential,Digital,Center,0
C10055,2022-09-07,27.639588664829255,46.45938299724388,Residential,Analog,Irbid_West,0
C10011,2022-04-10,11.68620104154821,22.529301562322317,Residential,Digital,Irbid_South,0
C10081,2018-08-29,41.613536699474686,67.42030504921203,Residential,Digital,Irbid_North,0
C10085,2019-02-25,19.582034257526693,34.373051386290044,Residential,Analog,Irbid_North,0
C10083,2019-10-23,172.98880970766066,264.48321456149097,Industrial,Digital,Irbid_North,0
C10095,2018-12-27,21.161171914185736,36.74175787127861,Residential,Analog,Irbid_West,1
C10034,2021-02-14,117.23802465241322,180.85703697861982,Industrial,Digital,Irbid_West,0
C10092,2019-05-26,34.78408766046554,57.17613149069831,Residential,Analog,Irbid_North,0
C10059,2021-11-11,25.124256963235325,42.68638544485299,Residential,Analog,Center,0
C10053,2020-05-20,37.19470313601034,60.79205470401551,Residential,Smart,Center,0
C10041,2021-05-15,66.82953945907457,105.24430918861185,Commercial,Analog,Irbid_North,0
C10002,2019-03-27,45.082918979768436,72.62437846965265,Commercial,Analog,Irbid_South,0
C10098,2022-06-09,75.30247550393096,117.95371325589645,Commercial,Analog,Irbid_South,0
C10094,2022-05-10,37.88535871847841,61.82803807771761,Residential,Digital,Irbid_South,0
C10052,2020-11-16,19.552359200552452,34.32853880082868,Residential,Analog,Irbid_South,0
C10092,2021-11-11,21.55162478290933,37.32743717436399,Residential,Analog,Irbid_North,0
C10067,2019-01-26,10.609078999951437,20.913618499927157,Residential,Analog,Center,0
C10053,2018-11-27,28.425713904674172,47.63857085701126,Residential,Smart,Center,0
C10035,2021-01-15,18.176144484601345,32.26421672690202,Residential,Digital,Irbid_West,0
C10059,2022-08-08,40.61282597271211,65.91923895906817,Residential,Analog,Center,0
C10082,2020-10-17,13.35267680523863,25.029015207857945,Residential,Analog,Irbid_East,1
C10002,2021-12-11,37.06379057695588,60.59568586543382,Commercial,Analog,Irbid_South,0
C10017,2022-02-09,12.745959040897795,24.118938561346692,Residential,Analog,Irbid_West,0
C10018,2018-09-28,28.65534583413439,47.983018751201584,Residential,Digital,Irbid_West,1
C10099,2019-02-25,31.00514728164444,51.50772092246666,Commercial,Analog,Irbid_South,0
C10014,2021-12-11,6.165245472745069,14.247868209117604,Residential,Digital,Center,1
C10047,2018-05-01,41.21086656347874,66.81629984521811,Residential,Analog,Irbid_North,0
C10032,2020-10-17,6.677651810733926,15.016477716100889,Commercial,Analog,Irbid_West,1
C10002,2020-12-16,41.285859603057816,66.92878940458672,Commercial,Analog,Irbid_South,0
C10072,2021-07-14,34.06083772334675,56.091256585020126,Residential,Analog,Irbid_West,0
C10078,2019-11-22,35.23319380587923,57.849790708818844,Commercial,Analog,Center,0
C10085,2022-02-09,20.681970551520834,36.02295582728125,Residential,Analog,Irbid_North,0
C10024,2018-05-31,38.63207195299203,62.948107929488046,Residential,Analog,Irbid_North,0
C10021,2018-01-01,11.988890156434326,22.98333523465149,Residential,Analog,Center,0
C10011,2019-09-23,11.87148652881872,22.80722979322808,Residential,Digital,Irbid_South,0
C10092,2022-01-10,19.050222908438403,33.57533436265761,Residential,Analog,Irbid_North,0
C10024,2020-08-18,48.47549820685559,77.71324731028338,Residential,Analog,Irbid_North,0
C10010,2020-02-20,63.35307067510724,100.02960601266086,Commercial,Analog,Irbid_East,0
C10010,2018-04-01,85.98368006463025,133.9755200969454,Commercial,Analog,Irbid_East,0
C10023,2019-02-25,18.772107999775507,33.158161999663264,Residential,Digital,Irbid_West,0
C10036,2019-02-25,15.844901687418119,28.76735253112718,Residential,Analog,Center,1
C10001,2022-03-11,27.489705847000465,46.2345587705007,Residential,Analog,Center,0
C10085,2022-09-07,34.98895052655074,57.48342578982611,Residential,Analog,Irbid_North,0
C10092,2022-07-09,35.24779564667536,57.871693470013035,Residential,Analog,Irbid_North,0
C10050,2019-03-27,15.996555552962404,28.994833329443605,Residential,Analog,Irbid_East,0
C10087,2019-06-25,22.28405359656844,38.42608039485266,Residential,Analog,Center,1
C10026,2022-10-07,14.605107294190928,26.90766094128639,Residential,Analog,Irbid_East,0
C10013,2020-01-21,20.460357809307084,35.690536713960626,Residential,Digital,Irbid_South,0
C10073,2020-09-17,36.05509248068862,59.082638721032936,Residential,Digital,Irbid_South,0
C10049,2018-03-02,30.000771076047428,50.00115661407114,Residential,Analog,Irbid_South,0
C10025,2020-03-21,9.385127753106838,19.077691629660258,Residential,Digital,Center,0
C10064,2021-11-11,24.737298121414145,42.10594718212122,Residential,Analog,Irbid_West,0
C10004,2019-03-27,27.103606333341975,45.655409500012965,Residential,Analog,Center,1
C10079,2019-03-27,27.80176425537222,46.70264638305833,Residential,Digital,Irbid_North,0
C10038,2020-07-19,33.622372150934126,55.43355822640119,Residential,Digital,Center,0
C10065,2019-07-25,28.760862232348362,48.141293348522545,Residential,Digital,Center,0
C10014,2019-10-23,18.281716316297604,32.42257447444641,Residential,Digital,Center,1
C10027,2022-10-07,30.07364603347125,50.11046905020687,Residential,Digital,Irbid_North,0
C10081,2022-09-07,43.47166139177172,70.20749208765758,Residential,Digital,Irbid_North,0
C10071,2019-09-23,53.96950253621633,85.9542538043245,Commercial,Analog,Irbid_East,0
C10011,2019-08-24,13.757007064961073,25.63551059744161,Residential,Digital,Irbid_South,0
C10033,2021-05-15,128.2036440858754,197.3054661288131,Commercial,Smart,Center,0
C10070,2022-02-09,7.728255852359375,16.592383778539062,Residential,Analog,Irbid_North,0
C10092,2020-04-20,28.80731994656127,48.210979919841904,Residential,Analog,Irbid_North,0
C10070,2019-02-25,9.113550424380385,18.670325636570578,Residential,Analog,Irbid_North,0
C10071,2021-10-12,54.6013412409736,86.90201186146041,Commercial,Analog,Irbid_East,0
C10077,2020-03-21,15.99859483593973,28.997892253909598,Residential,Digital,Irbid_East,0
C10011,2021-08-13,15.157970419162094,27.73695562874314,Residential,Digital,Irbid_South,0
C10090,2019-02-25,24.78488608491401,42.17732912737102,Residential,Digital,Irbid_West,0
C10076,2020-12-16,14.013848262323052,26.020772393484577,Residential,Analog,Irbid_South,0
C10047,2020-05-20,34.278946473656035,56.41841971048405,Residential,Analog,Irbid_North,0
C10018,2021-05-15,23.912440975857823,4.776426768808044,Residential,Digital,Irbid_West,1
C10097,2019-03-27,45.56747316166712,73.35120974250067,Commercial,Analog,Center,0
C10069,2021-05-15,11.990112566296794,22.98516884944519,Residential,Analog,Irbid_South,0
C10003,2018-01-01,18.35181067179016,32.52771600768524,Residential,Analog,Irbid_West,0
C10050,2021-01-15,171.35953376281174,30.70393006442176,Residential,Analog,Irbid_East,0
C10066,2022-06-09,82.11018382730202,128.16527574095304,Commercial,Analog,Irbid_East,0
C10092,2020-05-20,30.93048348025138,51.39572522037707,Residential,Analog,Irbid_North,0
C10082,2018-08-29,19.631866324157237,34.44779948623585,Residential,Analog,Irbid_East,1
C10053,2018-05-31,37.859641058365604,61.7894615875484,Residential,Smart,Center,0
C10021,2020-06-19,19.705356227902083,34.55803434185312,Residential,Analog,Center,0
C10047,2022-11-06,21.860224191428294,37.79033628714244,Residential,Analog,Irbid_North,0
C10060,2018-04-01,69.18755985849148,108.78133978773722,Commercial,Analog,Irbid_East,0
C10073,2018-11-27,28.399019327721444,47.598528991582164,Residential,Digital,Irbid_South,0
C10056,2018-06-30,22.998004703575482,39.49700705536323,Residential,Analog,Irbid_North,0
C10057,2019-07-25,43.78546621245024,70.67819931867535,Residential,Analog,Center,0
C10003,2019-02-25,13.887652002397543,25.831478003596313,Residential,Analog,Irbid_West,0
C10060,2019-07-25,86.26026051468436,134.39039077202654,Commercial,Analog,Irbid_East,0
C10085,2018-07-30,38.12598824550548,62.18898236825822,Residential,Analog,Irbid_North,0
C10049,2019-08-24,49.23815098969999,78.85722648454998,Residential,Analog,Irbid_South,0
C10042,2019-08-24,13.977545644406705,25.96631846661006,Residential,Analog,Irbid_West,0
C10071,2021-05-15,57.80364027343924,91.70546041015886,Commercial,Analog,Irbid_East,0
C10029,2021-05-15,1.6527059988917077,7.479058998337561,Commercial,Analog,Irbid_South,1
C10056,2022-09-07,21.849596926094513,37.77439538914177,Residential,Analog,Irbid_North,0
C10009,2020-07-19,37.36659190523834,61.049887857857506,Residential,Analog,Irbid_East,0
C10081,2021-07-14,50.84649969171949,81.26974953757923,Residential,Digital,Irbid_North,0
C10002,2018-03-02,49.65085983183685,79.47628974775527,Commercial,Analog,Irbid_South,0
C10026,2022-05-10,14.686487291555853,27.02973093733378,Residential,Analog,Irbid_East,0
C10089,2022-03-11,11.250651057784626,21.87597658667694,Residential,Analog,Irbid_East,0
C10088,2022-01-10,19.175949086052427,33.76392362907864,Residential,Analog,Irbid_South,0
C10070,2019-05-26,13.448069551507553,25.17210432726133,Residential,Analog,Irbid_North,0
C10058,2019-03-27,242.0349041917183,368.0523562875775,Industrial,Analog,Irbid_West,0
C10074,2019-01-26,24.19342167175605,41.29013250763407,Commercial,Analog,Irbid_North,0
C10065,2019-05-26,25.455078608073908,43.182617912110864,Residential,Digital,Center,0
C10097,2018-05-01,43.468168151956206,70.20225222793431,Commercial,Analog,Center,0
C10012,2019-07-25,,198.5692220622075,Commercial,Analog,Irbid_North,0
C10098,2022-02-09,46.596900976516594,74.89535146477489,Commercial,Analog,Irbid_South,0
C10021,2018-11-27,9.145746486729402,18.718619730094105,Residential,Analog,Center,0
C10003,2018-03-02,17.031276047668946,30.54691407150342,Residential,Analog,Irbid_West,0
C10045,2022-10-07,55.81093042705126,88.71639564057689,Commercial,Digital,Center,0
C10075,2020-11-16,10.023872327409524,20.035808491114288,Residential,Smart,Irbid_South,0
C10069,2021-11-11,9.725081488687733,19.5876222330316,Residential,Analog,Irbid_South,0
C10060,2018-11-27,63.17456870870558,99.76185306305837,Commercial,Analog,Irbid_East,0
C10062,2020-04-20,50.763943821510026,81.14591573226504,Commercial,Analog,Irbid_West,0
C10021,2018-10-28,12.2099495035655,23.314924255348252,Residential,Analog,Center,0
C10010,2020-03-21,77.68696875681931,121.53045313522897,Commercial,Analog,Irbid_East,0
C10085,2018-01-01,18.543257769864013,32.81488665479602,Residential,Analog,Irbid_North,0
C10010,2018-08-29,134.06512212869157,206.09768319303737,Commercial,Analog,Irbid_East,0
C10049,2019-02-25,26.639712939613265,44.9595694094199,Residential,Analog,Irbid_South,0
C10015,2019-12-22,35.48701937917972,58.230529068769584,Commercial,Digital,Irbid_North,1
C10077,2019-12-22,13.342334021830341,25.013501032745513,Residential,Digital,Irbid_East,0
C10024,2018-12-27,29.766347412925285,49.64952111938793,Residential,Analog,Irbid_North,0
C10076,2021-07-14,39.48153506575289,64.22230259862933,Residential,Analog,Irbid_South,0
C10089,2019-05-26,13.681909646491201,25.522864469736803,Residential,Analog,Irbid_East,0
C10082,2021-08-13,40.963339241704915,66.44500886255737,Residential,Analog,Irbid_East,1
C10040,2020-06-19,38.911739200938804,63.36760880140821,Residential,Analog,Irbid_West,0
C10046,2020-04-20,26.285699519795358,44.42854927969304,Residential,Digital,Irbid_West,0
C10013,2018-01-01,23.486522989367586,40.22978448405138,Residential,Digital,Irbid_South,0
C10066,2019-06-25,74.26646584814279,116.39969877221418,Commercial,Analog,Irbid_East,0
C10050,2018-03-02,17.83409552750052,31.751143291250777,Residential,Analog,Irbid_East,0
C10012,2020-06-19,132.3814224928735,203.57213373931023,Commercial,Analog,Irbid_North,0
C10042,2018-03-02,6.501273408306096,14.751910112459143,Residential,Analog,Irbid_West,0
C10030,2020-09-17,30.36668566212321,50.55002849318481,Residential,Analog,Irbid_East,0
C10011,2018-03-02,7.694802799611741,16.54220419941761,Residential,Digital,Irbid_South,0
C10074,2019-02-25,37.0423532013742,60.563529802061296,Commercial,Analog,Irbid_North,0
C10086,2022-06-09,47.99588541576016,76.99382812364024,Residential,Analog,Center,0
C10038,2021-07-14,44.436117218023796,71.65417582703569,Residential,Digital,Center,0
C10033,2021-09-12,108.9049911543097,168.35748673146455,Commercial,Smart,Center,0
C10074,2020-02-20,40.77548714540476,66.16323071810714,Commercial,Analog,Irbid_North,0
C10009,2019-11-22,21.462995347234656,37.194493020851986,Residential,Analog,Irbid_East,0
C10076,2021-10-12,24.969278424499976,42.45391763674996,Residential,Analog,Irbid_South,0
C10006,2019-06-25,142.36437246800241,218.5465587020036,Commercial,Digital,Irbid_South,0
C10033,2018-01-31,,109.89289527578664,Commercial,Smart,Center,0
C10032,2020-04-20,2.4601860801845845,8.690279120276877,Commercial,Analog,Irbid_West,1
C10005,2020-10-17,24.145622533981896,41.218433800972846,Residential,Digital,Irbid_West,0
C10087,2021-10-12,0.0,5.0,Residential,Analog,Center,1
C10055,2019-10-23,26.527326809198335,44.7909902137975,Residential,Analog,Irbid_West,0
C10023,2021-05-15,33.8493717002227,55.77405755033405,Residential,Digital,Irbid_West,0
C10032,2020-02-20,4.726665910564083,12.089998865846125,Commercial,Analog,Irbid_West,1
C10026,2020-02-20,10.346749140170635,20.52012371025595,Residential,Analog,Irbid_East,0
C10041,2019-05-26,64.04987197043965,101.07480795565948,Commercial,Analog,Irbid_North,0
C10037,2022-07-09,23.339484632664618,40.009226948996925,Residential,Analog,Irbid_South,0
C10072,2019-12-22,17.162218013241908,30.74332701986286,Residential,Analog,Irbid_West,0
C10079,2019-01-26,16.15288645779433,29.229329686691496,Residential,Digital,Irbid_North,0
C10086,2018-06-30,37.637083193278386,61.45562478991758,Residential,Analog,Center,0
C10078,2022-10-07,52.71122316806353,84.0668347520953,Commercial,Analog,Center,0
C10058,2020-06-19,379.66552895546266,574.498293433194,Industrial,Analog,Irbid_West,0
C10062,2021-10-12,46.03505287896156,74.05257931844234,Commercial,Analog,Irbid_West,0
C10016,2021-09-12,30.10047119729687,50.150706795945304,Residential,Digital,Irbid_North,0
C10080,2019-10-23,18.410438007234053,32.61565701085108,Residential,Digital,Irbid_East,0
C10098,2019-09-23,65.89655120996026,103.8448268149404,Commercial,Analog,Irbid_South,0
C10005,2022-07-09,36.660574560468206,59.99086184070231,Residential,Digital,Irbid_West,0
C10033,2019-02-25,69.92077000814994,109.88115501222492,Commercial,Smart,Center,0
C10038,2018-09-28,35.071903826404366,57.60785573960655,Residential,Digital,Center,0
C10005,2022-10-07,20.46893101717137,35.70339652575706,Residential,Digital,Irbid_West,0
C10002,2018-08-29,73.76807017624995,115.65210526437492,Commercial,Analog,Irbid_South,0
C10074,2022-06-09,68.13265032914535,107.19897549371802,Commercial,Analog,Irbid_North,0
C10013,2019-04-26,27.019474330347002,45.5292114955205,Residential,Digital,Irbid_South,0
C10027,2021-02-14,22.910757075207968,39.36613561281195,Residential,Digital,Irbid_North,0
C10045,2021-02-14,54.79324518215808,87.18986777323713,Commercial,Digital,Center,0
C10051,2022-02-09,15.454452935831057,28.181679403746585,Residential,Digital,Irbid_South,0
C10100,2019-03-27,25.73056827723753,43.5958524158563,Residential,Analog,Center,0
C10026,2018-04-01,14.583912214441673,26.87586832166251,Residential,Analog,Irbid_East,0
C10036,2019-03-27,14.85254198089878,27.27881297134817,Residential,Analog,Center,1
C10003,2020-06-19,27.64646929373861,46.469703940607914,Residential,Analog,Irbid_West,0
C10013,2020-12-16,15.947995745473463,28.921993618210195,Residential,Digital,Irbid_South,0
C10035,2021-04-15,24.716734509438922,42.07510176415838,Residential,Digital,Irbid_West,0
C10081,2021-08-13,43.92063202606859,70.88094803910289,Residential,Digital,Irbid_North,0
C10029,2019-11-22,51.4072372602443,82.11085589036645,Commercial,Analog,Irbid_South,1
C10093,2018-03-02,19.011148068057288,33.516722102085936,Residential,Analog,Irbid_East,0
C10087,2022-09-07,0.0,5.0,Residential,Analog,Center,1
C10003,2022-01-10,12.074175167915616,23.111262751873426,Residential,Analog,Irbid_West,0
C10097,2018-08-29,63.562713280853046,100.34406992127957,Commercial,Analog,Center,0
C10007,2019-04-26,27.105194592368747,45.65779188855312,Residential,Analog,Irbid_East,0
C10067,2022-02-09,,18.627226298841006,Residential,Analog,Center,0
C10048,2020-03-21,23.17623768088729,39.76435652133094,Residential,Digital,Irbid_West,0
C10015,2019-07-25,83.62985335753946,130.4447800363092,Commercial,Digital,Irbid_North,1
C10032,2021-06-14,8.740231512617319,18.110347268925977,Commercial,Analog,Irbid_West,1
C10088,2022-10-07,33.29629362510313,54.9444404376547,Residential,Analog,Irbid_South,0
C10094,2022-11-06,25.587404117196485,43.38110617579473,Residential,Digital,Irbid_South,0
C10007,2019-06-25,39.907712657300664,64.861568985951,Residential,Analog,Irbid_East,0
C10100,2018-03-02,23.963362109254717,40.945043163882076,Residential,Analog,Center,0
C10039,2022-02-09,,20.896369855724934,Residential,Digital,Irbid_South,0
C10022,2020-10-17,12.393797769796505,23.590696654694757,Residential,Analog,Irbid_North,0
C10089,2018-05-31,12.54190305468611,23.812854582029164,Residential,Analog,Irbid_East,0
C10024,2022-04-10,30.786600800761683,51.17990120114253,Residential,Analog,Irbid_North,0
C10081,2021-04-15,33.73913976873993,55.6087096531099,Residential,Digital,Irbid_North,0
C10071,2020-09-17,53.84716113323454,85.77074169985181,Commercial,Analog,Irbid_East,0
C10080,2018-06-30,21.57489732182528,37.36234598273792,Residential,Digital,Irbid_East,0
C10030,2021-03-16,21.2031035909228,36.8046553863842,Residential,Analog,Irbid_East,0
C10046,2019-09-23,23.728651093816442,40.592976640724665,Residential,Digital,Irbid_West,0
C10056,2018-04-01,17.941355053712257,31.912032580568386,Residential,Analog,Irbid_North,0
C10078,2018-06-30,69.68095564591347,109.52143346887021,Commercial,Analog,Center,0
C10031,2019-06-25,36.257159426085174,59.385739139127764,Residential,Analog,Irbid_West,0
C10067,2021-06-14,21.1338549140518,36.7007823710777,Residential,Analog,Center,0
C10015,2018-01-31,36.09781360005668,59.14672040008502,Commercial,Digital,Irbid_North,1
C10044,2022-01-10,15.016289644063763,27.524434466095645,Residential,Digital,Center,0
C10020,2022-01-10,10.760350185128983,21.140525277693474,Residential,Digital,Irbid_East,0
C10003,2022-07-09,30.64399959193071,50.96599938789607,Residential,Analog,Irbid_West,0
C10035,2022-06-09,33.566560579797475,55.34984086969621,Residential,Digital,Irbid_West,0
C10096,2019-06-25,32.11765336084716,53.176480041270736,Residential,Analog,Center,0
C10016,2020-03-21,18.745267724175392,33.11790158626309,Residential,Digital,Irbid_North,0
C10068,2018-01-01,17.323199277462386,30.98479891619358,Residential,Analog,Irbid_South,0
C10001,2021-09-12,29.23692133632578,48.85538200448867,Residential,Analog,Center,0
C10022,2018-01-01,7.354244915325949,16.031367372988925,Residential,Analog,Irbid_North,0
C10019,2019-04-26,28.365837065515162,47.54875559827274,Residential,Analog,Irbid_West,0
C10025,2018-04-01,16.60793128186707,29.911896922800608,Residential,Digital,Center,0
C10052,2019-02-25,13.482858384051593,25.224287576077387,Residential,Analog,Irbid_South,0
C10062,2020-08-18,59.487700041762544,94.23155006264382,Commercial,Analog,Irbid_West,0
C10020,2021-11-11,12.54764476953955,23.821467154309325,Residential,Digital,Irbid_East,0
C10086,2021-08-13,39.99740383087905,64.99610574631858,Residential,Analog,Center,0
C10046,2019-04-26,,37.73211585260106,Residential,Digital,Irbid_West,0
C10018,2018-10-28,25.479821258466426,43.21973188769964,Residential,Digital,Irbid_West,1
C10082,2018-01-01,9.896694872830862,19.845042309246292,Residential,Analog,Irbid_East,1
C10006,2018-01-01,72.5000611809841,113.75009177147615,Commercial,Digital,Irbid_South,0
C10043,2022-10-07,14.426191286874673,26.63928693031201,Residential,Analog,Irbid_West,0
C10025,2020-08-18,17.843994322201038,31.765991483301555,Residential,Digital,Center,0
C10005,2021-07-14,37.39054041782712,61.08581062674068,Residential,Digital,Irbid_West,0
C10043,2020-04-20,11.566987456841392,22.35048118526209,Residential,Analog,Irbid_West,0
C10043,2019-02-25,9.043054773353132,18.564582160029698,Residential,Analog,Irbid_West,0
C10081,2022-03-11,24.585156323578232,41.87773448536735,Residential,Digital,Irbid_North,0
C10089,2019-12-22,6.10695732735738,14.16043599103607,Residential,Analog,Irbid_East,0
C10031,2019-01-26,14.872910755307878,27.309366132961816,Residential,Analog,Irbid_West,0
C10093,2019-06-25,33.261606267216365,54.89240940082455,Residential,Analog,Irbid_East,0
C10042,2022-01-10,6.397845169997325,14.596767754995987,Residential,Analog,Irbid_West,0
C10070,2021-07-14,17.91447489361862,31.871712340427933,Residential,Analog,Irbid_North,0
C10057,2019-12-22,25.84986868102833,43.774803021542496,Residential,Analog,Center,0
C10055,2021-12-11,20.758823223520555,36.138234835280834,Residential,Analog,Irbid_West,0
C10076,2018-06-30,34.03354243027889,56.05031364541834,Residential,Analog,Irbid_South,0
C10023,2019-06-25,32.34274506942449,53.51411760413673,Residential,Digital,Irbid_West,0
C10069,2019-08-24,12.438541016476323,23.657811524714486,Residential,Analog,Irbid_South,0
C10098,2021-05-15,60.392126937588394,95.5881904063826,Commercial,Analog,Irbid_South,0
C10065,2021-11-11,18.551013319027284,32.82651997854093,Residential,Digital,Center,0
C10096,2022-02-09,17.08253457833124,30.623801867496862,Residential,Analog,Center,0
C10061,2022-05-10,28.725068517813042,48.087602776719564,Residential,Analog,Irbid_South,0
C10040,2021-04-15,29.006909403570088,48.51036410535513,Residential,Analog,Irbid_West,0
C10098,2018-06-30,68.9148014372105,108.37220215581576,Commercial,Analog,Irbid_South,0
C10093,2018-01-01,17.379289569123475,31.068934353685215,Residential,Analog,Irbid_East,0
C10005,2019-05-26,30.12511230527544,50.18766845791316,Residential,Digital,Irbid_West,0
C10009,2020-03-21,24.967040563945933,42.4505608459189,Residential,Analog,Irbid_East,0
C10034,2021-09-12,243.12934339945474,369.69401509918214,Industrial,Digital,Irbid_West,0
C10002,2021-03-16,48.9483127185513,78.42246907782695,Commercial,Analog,Irbid_South,0
C10051,2019-05-26,23.333981454319154,40.00097218147873,Residential,Digital,Irbid_South,0
C10013,2019-12-22,23.638572309541242,40.45785846431186,Residential,Digital,Irbid_South,0
C10036,2022-05-10,41.432333718305394,67.1485005774581,Residential,Analog,Center,1
C10094,2020-05-20,37.70921527259005,61.56382290888507,Residential,Digital,Irbid_South,0
C10023,2022-07-09,33.44693747738841,55.17040621608261,Residential,Digital,Irbid_West,0
C10066,2021-11-11,48.506712942606796,77.7600694139102,Commercial,Analog,Irbid_East,0
C10088,2018-09-28,39.01098486211457,63.51647729317185,Residential,Analog,Irbid_South,0
C10061,2019-06-25,39.621223215521724,64.43183482328259,Residential,Analog,Irbid_South,0
C10045,2022-11-06,62.259876515953735,98.3898147739306,Commercial,Digital,Center,0
C10072,2018-07-30,36.29060541652182,59.43590812478273,Residential,Analog,Irbid_West,0
C10020,2019-05-26,15.22360544310374,27.83540816465561,Residential,Digital,Irbid_East,0
C10031,2022-10-07,22.49218058177673,38.7382708726651,Residential,Analog,Irbid_West,0
C10074,2020-06-19,73.81973142944348,115.72959714416521,Commercial,Analog,Irbid_North,0
C10043,2019-04-26,11.463633205181821,22.195449807772732,Residential,Analog,Irbid_West,0
C10083,2020-12-16,144.60682971955254,221.9102445793288,Industrial,Digital,Irbid_North,0
C10024,2022-09-07,39.27678540632439,63.91517810948659,Residential,Analog,Irbid_North,0
C10084,2021-06-14,42.228024661904726,68.34203699285709,Residential,Analog,Irbid_North,0
C10007,2018-06-30,34.34419166189336,56.51628749284004,Residential,Analog,Irbid_East,0
C10012,2020-11-16,73.18397976118142,114.77596964177212,Commercial,Analog,Irbid_North,0
C10062,2020-06-19,62.857924485968304,99.28688672895245,Commercial,Analog,Irbid_West,0
C10007,2021-06-14,38.72516537583011,63.08774806374517,Residential,Analog,Irbid_East,0
C10079,2018-10-28,28.296656464195628,47.444984696293446,Residential,Digital,Irbid_North,0
C10062,2018-07-30,73.88786683201488,115.83180024802232,Commercial,Analog,Irbid_West,0
C10016,2022-01-10,14.746340120103866,27.1195101801558,Residential,Digital,Irbid_North,0
C10048,2019-09-23,33.30920934596556,54.96381401894834,Residential,Digital,Irbid_West,0
C10001,2019-07-25,40.86317298156712,66.29475947235068,Residential,Analog,Center,0
C10004,2022-01-10,1.2422761305422407,6.863414195813361,Residential,Analog,Center,1
C10071,2020-05-20,55.05164252500761,87.57746378751142,Commercial,Analog,Irbid_East,0
C10012,2018-08-29,108.15921487965247,167.2388223194787,Commercial,Analog,Irbid_North,0
C10004,2021-02-14,0.12470287901665354,5.1870543185249804,Residential,Analog,Center,1
C10085,2019-06-25,38.668110464885956,63.002165697328934,Residential,Analog,Irbid_North,0
C10069,2019-11-22,,18.32442360505393,Residential,Analog,Irbid_South,0
C10096,2019-09-23,32.38512360074735,53.57768540112102,Residential,Analog,Center,0
C10071,2018-07-30,65.48297293453574,103.22445940180361,Commercial,Analog,Irbid_East,0
C10087,2022-05-10,0.0,5.0,Residential,Analog,Center,1
C10010,2021-09-12,104.56245788943622,161.8436868341543,Commercial,Analog,Irbid_East,0
C10039,2019-11-22,18.827143116447765,33.24071467467165,Residential,Digital,Irbid_South,0
C10059,2019-07-25,48.80877191708491,78.21315787562736,Residential,Analog,Center,0
C10074,2019-03-27,49.124477379934795,78.68671606990219,Commercial,Analog,Irbid_North,0
C10067,2020-10-17,15.026064839152394,27.53909725872859,Residential,Analog,Center,0
C10066,2018-10-28,64.67325821358132,102.00988732037197,Commercial,Analog,Irbid_East,0
C10060,2019-03-27,68.17234478381872,107.25851717572807,Commercial,Analog,Irbid_East,0
C10054,2022-09-07,14.147586802276795,26.221380203415194,Residential,Digital,Center,0
C10013,2022-09-07,33.63613644994294,55.45420467491441,Residential,Digital,Irbid_South,0
C10040,2019-12-22,22.788531511591277,39.18279726738692,Residential,Analog,Irbid_West,0
C10017,2022-10-07,15.300141220497332,27.950211830746,Residential,Analog,Irbid_West,0
C10027,2021-10-12,23.52897575521968,40.29346363282952,Residential,Digital,Irbid_North,0
C10043,2021-03-16,7.507232911436391,16.260849367154588,Residential,Analog,Irbid_West,0
C10050,2020-04-20,25.66238164477208,43.49357246715812,Residential,Analog,Irbid_East,0
C10083,2021-01-15,133.43900331094116,205.15850496641173,Industrial,Digital,Irbid_North,0
C10069,2019-03-27,9.553026407644566,19.32953961146685,Residential,Analog,Irbid_South,0
C10062,2019-06-25,54.76712438316581,87.1506865747487,Commercial,Analog,Irbid_West,0
C10025,2022-03-11,11.98494562886897,22.977418443303456,Residential,Digital,Center,0
C10076,2020-03-21,23.679701321932388,40.519551982898584,Residential,Analog,Irbid_South,0
C10055,2020-06-19,31.778713828540283,52.66807074281043,Residential,Analog,Irbid_West,0
C10073,2021-03-16,24.349295223313465,41.5239428349702,Residential,Digital,Irbid_South,0
C10100,2020-09-17,36.01203862613817,59.01805793920725,Residential,Analog,Center,0
C10076,2020-07-19,34.81074583319328,57.21611874978992,Residential,Analog,Irbid_South,0
C10049,2022-09-07,42.80685354904215,69.21028032356323,Residential,Analog,Irbid_South,0
C10027,2020-09-17,36.85656627114471,60.28484940671706,Residential,Digital,Irbid_North,0
C10009,2021-01-15,19.534771222914657,34.302156834371985,Residential,Analog,Irbid_East,0
C10006,2019-09-23,103.79062868223804,160.68594302335705,Commercial,Digital,Irbid_South,0
C10089,2020-03-21,8.729060602657393,18.09359090398609,Residential,Analog,Irbid_East,0
C10047,2020-08-18,38.78280807655822,63.17421211483733,Residential,Analog,Irbid_North,0
C10070,2018-01-01,7.455506944374634,16.18326041656195,Residential,Analog,Irbid_North,0
C10092,2021-05-15,32.38981085503065,53.58471628254598,Residential,Analog,Irbid_North,0
C10004,2021-01-15,2.483869380672219,8.725804071008328,Residential,Analog,Center,1
C10068,2022-06-09,34.39642969434837,56.594644541522555,Residential,Analog,Irbid_South,0
C10034,2022-03-11,140.25106185587555,215.37659278381332,Industrial,Digital,Irbid_West,0
C10007,2018-01-01,16.997940935952187,30.49691140392828,Residential,Analog,Irbid_East,0
C10074,2021-01-15,40.839388346081705,66.25908251912256,Commercial,Analog,Irbid_North,0
C10057,2022-01-10,18.789018394895923,33.183527592343886,Residential,Analog,Center,0
C10071,2019-05-26,48.57333154004702,77.85999731007053,Commercial,Analog,Irbid_East,0
C10064,2018-05-01,33.64349311280676,55.465239669210135,Residential,Analog,Irbid_West,0
C10018,2020-08-18,29.488594018497395,6.273024166702237,Residential,Digital,Irbid_West,1
C10048,2021-01-15,19.176017837080604,33.764026755620904,Residential,Digital,Irbid_West,0
C10013,2021-03-16,27.27931576835533,45.91897365253299,Residential,Digital,Irbid_South,0
C10079,2020-09-17,30.714239396421398,51.0713590946321,Residential,Digital,Irbid_North,0
C10085,2020-02-20,19.8264603605284,34.7396905407926,Residential,Analog,Irbid_North,0
C10065,2018-12-27,,26.384040138945963,Residential,Digital,Center,0
C10024,2021-10-12,32.3456364008333,53.51845460124995,Residential,Analog,Irbid_North,0
C10034,2019-12-22,141.7227705380966,217.5841558071449,Industrial,Digital,Irbid_West,0
C10090,2019-07-25,40.85061231730672,66.27591847596008,Residential,Digital,Irbid_West,0
C10004,2020-10-17,2.1622684945393615,8.243402741809042,Residential,Analog,Center,1
C10027,2022-06-09,40.59883670247016,65.89825505370524,Residential,Digital,Irbid_North,0
C10095,2022-03-11,-11.328115367002965,5.0,Residential,Analog,Irbid_West,1
C10029,2021-01-15,1.7736848270796357,7.660527240619453,Commercial,Analog,Irbid_South,1
C10048,2022-08-08,41.280668745582005,66.92100311837301,Residential,Digital,Irbid_West,0
C10040,2020-11-16,28.747845722849043,48.12176858427357,Residential,Analog,Irbid_West,0
C10099,2020-04-20,44.07994343911192,71.11991515866788,Commercial,Analog,Irbid_South,0
C10035,2019-05-26,30.536120810240526,50.804181215360785,Residential,Digital,Irbid_West,0
C10029,2019-10-23,55.13002462241921,87.69503693362881,Commercial,Analog,Irbid_South,1
C10053,2021-09-12,44.156172178868836,71.23425826830325,Residential,Smart,Center,0
C10074,2022-08-08,86.98975971756205,135.48463957634308,Commercial,Analog,Irbid_North,0
C10052,2020-12-16,13.344291017858259,25.016436526787388,Residential,Analog,Irbid_South,0
C10059,2021-08-13,44.11881924715838,71.17822887073757,Residential,Analog,Center,0
C10004,2019-04-26,31.94241895817563,52.91362843726344,Residential,Analog,Center,1
C10013,2018-05-31,35.26806918976936,57.902103784654045,Residential,Digital,Irbid_South,0
C10043,2020-10-17,9.581374056557548,19.37206108483632,Residential,Analog,Irbid_West,0
C10026,2018-12-27,8.37190197469761,17.557852962046418,Residential,Analog,Irbid_East,0
C10087,2022-04-10,0.0,5.0,Residential,Analog,Center,1
C10001,2022-01-10,21.114081795510234,36.67112269326535,Residential,Analog,Center,0
C10080,2018-01-31,8.945208593234954,18.41781288985243,Residential,Digital,Irbid_East,0
C10018,2020-12-16,16.285262325197642,4.19089460264342,Residential,Digital,Irbid_West,1
C10050,2021-12-11,13.502803789516097,25.254205684274147,Residential,Analog,Irbid_East,0
C10015,2021-11-11,52.4453591189758,4.732382394219716,Commercial,Digital,Irbid_North,1
C10055,2019-12-22,15.028550987341223,27.542826481011836,Residential,Analog,Irbid_West,0
C10019,2018-12-27,16.21610516992347,29.324157754885206,Residential,Analog,Irbid_West,0
C10060,2022-05-10,70.63925907756918,110.95888861635376,Commercial,Analog,Irbid_East,0
C10074,2022-11-06,49.16155455870441,78.74233183805661,Commercial,Analog,Irbid_North,0
C10010,2020-04-20,110.3205864995577,170.48087974933657,Commercial,Analog,Irbid_East,0
C10009,2020-12-16,18.32139367553452,32.48209051330178,Residential,Analog,Irbid_East,0
C10067,2018-06-30,24.41065418514829,41.61598127772243,Residential,Analog,Center,0
C10099,2021-02-14,32.42115580377238,53.63173370565857,Commercial,Analog,Irbid_South,0
C10037,2020-11-16,17.349974690212562,31.024962035318843,Residential,Analog,Irbid_South,0
C10003,2019-07-25,30.936728564354205,51.4050928465313,Residential,Analog,Irbid_West,0
C10099,2018-11-27,31.753879276156518,52.63081891423478,Commercial,Analog,Irbid_South,0
C10082,2018-05-01,18.140722153036283,32.211083229554426,Residential,Analog,Irbid_East,1
C10043,2022-02-09,7.109041165204795,15.663561747807194,Residential,Analog,Irbid_West,0
C10042,2021-07-14,15.41261938729637,28.118929080944554,Residential,Analog,Irbid_West,0
C10020,2018-09-28,14.839133900429415,27.25870085064412,Residential,Digital,Irbid_East,0
C10042,2019-05-26,13.728429741987803,25.592644612981704,Residential,Analog,Irbid_West,0
C10043,2020-08-18,16.332217259935717,29.498325889903576,Residential,Analog,Irbid_West,0
C10049,2019-10-23,34.34425430044334,56.51638145066501,Residential,Analog,Irbid_South,0
C10039,2021-07-14,24.616483838789517,41.92472575818427,Residential,Digital,Irbid_South,0
C10062,2018-11-27,35.70093663622665,58.55140495433997,Commercial,Analog,Irbid_West,0
C10008,2021-07-14,126.68244855332922,195.02367282999384,Commercial,Analog,Irbid_South,0
C10075,2019-12-22,11.02310278876332,21.53465418314498,Residential,Smart,Irbid_South,0
C10053,2021-05-15,34.70541233303725,57.058118499555874,Residential,Smart,Center,0
C10010,2022-06-09,111.47701977066397,172.21552965599597,Commercial,Analog,Irbid_East,0
C10008,2020-06-19,116.69952420488258,180.04928630732388,Commercial,Analog,Irbid_South,0
C10046,2022-02-09,16.868299384485166,30.302449076727747,Residential,Digital,Irbid_West,0
C10043,2022-09-07,15.140765967821018,27.711148951731527,Residential,Analog,Irbid_West,0
C10006,2018-12-27,71.2226445160928,111.8339667741392,Commercial,Digital,Irbid_South,0
C10042,2018-05-31,11.941896378336983,22.912844567505473,Residential,Analog,Irbid_West,0
C10060,2021-10-12,73.05788778685677,114.58683168028514,Commercial,Analog,Irbid_East,0
C10008,2020-07-19,116.4986967670458,179.74804515056871,Commercial,Analog,Irbid_South,0
C10096,2020-09-17,32.13226412645266,53.19839618967899,Residential,Analog,Center,0
C10015,2022-02-09,49.09163952966717,5.098955391731324,Commercial,Digital,Irbid_North,1
C10049,2020-12-16,27.6783291526852,46.517493729027805,Residential,Analog,Irbid_South,0
C10090,2018-10-28,35.34322780869645,58.014841713044675,Residential,Digital,Irbid_West,0
C10097,2018-07-30,57.85498434249955,91.78247651374932,Commercial,Analog,Center,0
C10095,2020-09-17,39.08978331011012,63.63467496516518,Residential,Analog,Irbid_West,1
C10017,2021-03-16,12.216044057998657,23.324066086997984,Residential,Analog,Irbid_West,0
C10065,2018-01-31,12.486520548935239,23.72978082340286,Residential,Digital,Center,0
C10025,2020-12-16,8.903070426215612,18.354605639323417,Residential,Digital,Center,0
C10091,2022-06-09,17.987729420174084,31.981594130261126,Residential,Smart,Irbid_South,0
C10093,2020-06-19,30.75475698007735,51.132135470116026,Residential,Analog,Irbid_East,0
C10086,2018-08-29,38.94181178884389,63.41271768326584,Residential,Analog,Center,0
C10059,2020-09-17,37.7937909811748,61.690686471762206,Residential,Analog,Center,0
C10062,2021-01-15,27.169074265427415,45.753611398141125,Commercial,Analog,Irbid_West,0
C10048,2021-09-12,37.35359996199952,61.03039994299928,Residential,Digital,Irbid_West,0
C10091,2020-08-18,21.29943658376478,36.94915487564717,Residential,Smart,Irbid_South,0
C10022,2020-09-17,16.84885766960425,30.273286504406375,Residential,Analog,Irbid_North,0
C10089,2022-11-06,9.187440229247716,18.781160343871576,Residential,Analog,Irbid_East,0
C10085,2020-03-21,22.531058604829582,38.79658790724437,Residential,Analog,Irbid_North,0
C10032,2021-11-11,6.516112714798444,14.774169072197665,Commercial,Analog,Irbid_West,1
C10064,2022-10-07,26.432085987638214,44.64812898145732,Residential,Analog,Irbid_West,0
C10070,2022-07-09,16.534602953768623,29.801904430652932,Residential,Analog,Irbid_North,0
C10007,2018-08-29,39.195107326325584,63.792660989488375,Residential,Analog,Irbid_East,0
C10033,2019-05-26,117.63739861774656,181.45609792661983,Commercial,Smart,Center,0
C10020,2018-11-27,10.82532491838429,21.237987377576435,Residential,Digital,Irbid_East,0
C10100,2019-06-25,41.429146276668156,67.14371941500224,Residential,Analog,Center,0
C10042,2022-07-09,15.606681628819127,28.41002244322869,Residential,Analog,Irbid_West,0
C10100,2020-01-21,20.119202646115948,35.17880396917392,Residential,Analog,Center,0
C10004,2018-11-27,25.79903896706253,43.698558450593794,Residential,Analog,Center,1
C10003,2022-06-09,29.45690091439504,49.18535137159256,Residential,Analog,Irbid_West,0
C10054,2022-07-09,18.65762457094994,32.986436856424916,Residential,Digital,Center,0
C10058,2018-05-31,381.0504713911282,576.5757070866923,Industrial,Analog,Irbid_West,0
C10066,2019-03-27,57.51835945931926,91.27753918897889,Commercial,Analog,Irbid_East,0
C10072,2022-09-07,29.672357015545995,49.50853552331899,Residential,Analog,Irbid_West,0
C10088,2022-04-10,36.85960320882838,60.28940481324257,Residential,Analog,Irbid_South,0
C10099,2019-10-23,49.19103380996825,78.78655071495238,Commercial,Analog,Irbid_South,0
C10052,2018-05-31,24.367182479944617,41.550773719916926,Residential,Analog,Irbid_South,0
C10044,2019-11-22,20.029734305265876,35.044601457898814,Residential,Digital,Center,0
C10020,2019-12-22,10.204843441762064,20.307265162643095,Residential,Digital,Irbid_East,0
C10045,2020-07-19,93.95155658245339,145.92733487368008,Commercial,Digital,Center,0
C10076,2019-01-26,15.931110948154767,28.89666642223215,Residential,Analog,Irbid_South,0
C10028,2021-05-15,37.02082318177088,60.53123477265632,Residential,Analog,Irbid_South,0
C10009,2020-04-20,29.99244704794214,49.98867057191321,Residential,Analog,Irbid_East,0
C10003,2021-10-12,19.10610386862745,33.65915580294117,Residential,Analog,Irbid_West,0
C10040,2019-05-26,38.06806289339936,62.102094340099036,Residential,Analog,Irbid_West,0
C10070,2019-01-26,9.73704235977215,19.605563539658228,Residential,Analog,Irbid_North,0
C10039,2019-12-22,13.203589040649806,24.80538356097471,Residential,Digital,Irbid_South,0
C10074,2020-08-18,74.88638423001707,117.3295763450256,Commercial,Analog,Irbid_North,0
C10002,2021-07-14,81.25730266278534,126.88595399417801,Commercial,Analog,Irbid_South,0
C10042,2018-05-01,12.82128580772435,24.231928711586523,Residential,Analog,Irbid_West,0
C10066,2020-05-20,63.51086303563481,100.26629455345221,Commercial,Analog,Irbid_East,0
C10047,2018-11-27,25.49327333725171,43.23991000587757,Residential,Analog,Irbid_North,0
C10030,2018-12-27,16.57398085520781,29.860971282811718,Residential,Analog,Irbid_East,0
C10091,2018-10-28,15.296194504789675,27.944291757184512,Residential,Smart,Irbid_South,0
C10047,2018-07-30,44.797057593782455,72.19558639067368,Residential,Analog,Irbid_North,0
C10028,2021-02-14,22.545681754111072,38.81852263116661,Residential,Analog,Irbid_South,0
C10003,2020-08-18,27.75199858669866,46.62799788004799,Residential,Analog,Irbid_West,0
C10056,2018-08-29,25.40838993206907,43.112584898103606,Residential,Analog,Irbid_North,0
C10027,2019-11-22,25.229161836267956,42.84374275440193,Residential,Digital,Irbid_North,0
C10062,2022-09-07,58.10149606392503,92.15224409588755,Commercial,Analog,Irbid_West,0
C10044,2020-11-16,18.798937412564534,33.198406118846805,Residential,Digital,Center,0
C10075,2018-07-30,19.099279671377538,33.64891950706631,Residential,Smart,Irbid_South,0
C10013,2022-09-07,33.63613644994294,55.45420467491441,Residential,Digital,Irbid_South,0
C10090,2021-04-15,34.53942470959738,56.80913706439607,Residential,Digital,Irbid_West,0
C10054,2021-04-15,13.665836106153955,25.498754159230934,Residential,Digital,Center,0
C10031,2019-10-23,26.017188840919896,44.02578326137984,Residential,Analog,Irbid_West,0
C10089,2018-03-02,11.066127645492541,21.59919146823881,Residential,Analog,Irbid_East,0
C10094,2022-10-07,32.02156239849145,53.03234359773717,Residential,Digital,Irbid_South,0
C10006,2018-09-28,103.74990313072716,160.62485469609075,Commercial,Digital,Irbid_South,0
C10094,2021-12-11,21.923303298905264,37.884954948357894,Residential,Digital,Irbid_South,0
C10060,2018-07-30,85.16859054191052,132.75288581286577,Commercial,Analog,Irbid_East,0
C10044,2021-11-11,16.321048402494082,29.48157260374112,Residential,Digital,Center,0
C10009,2019-03-27,18.429891122439983,32.644836683659975,Residential,Analog,Irbid_East,0
C10004,2020-01-21,0.6746894544465537,6.012034181669831,Residential,Analog,Center,1
C10024,2022-06-09,40.39332127788336,65.58998191682504,Residential,Analog,Irbid_North,0
C10019,2022-07-09,36.02826972317339,59.04240458476008,Residential,Analog,Irbid_West,0
C10015,2020-04-20,57.11802379048515,4.659474171262559,Commercial,Digital,Irbid_North,1
C10006,2018-05-31,111.52721631896713,172.2908244784507,Commercial,Digital,Irbid_South,0
C10031,2022-01-10,18.230318613969647,32.34547792095447,Residential,Analog,Irbid_West,0
C10053,2021-07-14,46.89974380772669,75.34961571159005,Residential,Smart,Center,0
C10034,2018-08-29,219.01839472232115,333.52759208348175,Industrial,Digital,Irbid_West,0
C10082,2019-11-22,16.566735540982727,29.85010331147409,Residential,Analog,Irbid_East,1
C10026,2020-10-17,10.464136105487407,20.69620415823111,Residential,Analog,Irbid_East,0
C10015,2018-04-01,50.36076741202231,80.54115111803347,Commercial,Digital,Irbid_North,1
C10034,2018-07-30,244.0357588384667,371.0536382577001,Industrial,Digital,Irbid_West,0
C10051,2020-11-16,25.175095707705218,42.76264356155782,Residential,Digital,Irbid_South,0
C10066,2019-10-23,49.93717208978603,79.90575813467905,Commercial,Analog,Irbid_East,0
C10044,2018-12-27,12.574924431837207,23.862386647755812,Residential,Digital,Center,0
C10055,2022-08-08,33.49230950664989,55.23846425997483,Residential,Analog,Irbid_West,0
C10026,2021-02-14,9.356421546593639,19.03463231989046,Residential,Analog,Irbid_East,0
C10004,2020-07-19,0.030636521924845582,5.045954782887268,Residential,Analog,Center,1
C10033,2021-01-15,74.64988044863222,116.97482067294833,Commercial,Smart,Center,0
C10064,2019-09-23,34.727917835933404,57.09187675390011,Residential,Analog,Irbid_West,0
C10084,2018-05-31,39.91018445818462,64.86527668727692,Residential,Analog,Irbid_North,0
C10047,2018-05-31,34.13316463707805,56.19974695561708,Residential,Analog,Irbid_North,0
C10023,2020-05-20,28.965413350179862,48.448120025269795,Residential,Digital,Irbid_West,0
C10087,2022-06-09,0.0,5.0,Residential,Analog,Center,1
C10078,2019-01-26,35.88571098362293,58.82856647543439,Commercial,Analog,Center,0
C10012,2019-08-24,118.5706136796876,182.8559205195314,Commercial,Analog,Irbid_North,0
C10004,2018-01-01,14.901358749356664,27.352038124034998,Residential,Analog,Center,1
C10064,2022-09-07,34.57095372097049,56.85643058145574,Residential,Analog,Irbid_West,0
C10038,2022-07-09,42.93098885341894,69.39648328012841,Residential,Digital,Center,0
C10080,2021-11-11,13.535456908153984,25.303185362230977,Residential,Digital,Irbid_East,0
C10005,2021-02-14,16.97811256903919,30.467168853558785,Residential,Digital,Irbid_West,0
C10005,2022-01-10,19.576796301290656,34.365194451935984,Residential,Digital,Irbid_West,0
C10076,2021-09-12,32.50568783487651,53.75853175231477,Residential,Analog,Irbid_South,0
C10017,2020-09-17,20.028093540959574,35.04214031143936,Residential,Analog,Irbid_West,0
C10045,2018-07-30,97.93093629802313,151.89640444703468,Commercial,Digital,Center,0
C10053,2020-04-20,,55.55214077427976,Residential,Smart,Center,0
C10091,2020-01-21,8.276125127896613,17.41418769184492,Residential,Smart,Irbid_South,0
C10081,2022-07-09,46.379952037350684,74.56992805602603,Residential,Digital,Irbid_North,0
C10005,2020-06-19,35.14874218618322,57.72311327927483,Residential,Digital,Irbid_West,0
C10037,2021-01-15,12.630268950165329,23.945403425247992,Residential,Analog,Irbid_South,0
C10092,2019-11-22,22.930753842343186,39.396130763514776,Residential,Analog,Irbid_North,0
C10039,2018-07-30,28.489084250416187,47.73362637562428,Residential,Digital,Irbid_South,0
C10079,2020-01-21,15.306335569777147,27.95950335466572,Residential,Digital,Irbid_North,0
C10002,2022-03-11,40.450670753717006,65.6760061305755,Commercial,Analog,Irbid_South,0
C10024,2018-11-27,30.76109567905286,51.14164351857929,Residential,Analog,Irbid_North,0
C10004,2021-04-15,3.2472673609092206,9.870901041363831,Residential,Analog,Center,1
C10074,2021-08-13,68.31252236728757,107.46878355093136,Commercial,Analog,Irbid_North,0
C10002,2019-11-22,41.548284629597774,67.32242694439665,Commercial,Analog,Irbid_South,0
C10076,2022-05-10,32.031313808855565,53.04697071328334,Residential,Analog,Irbid_South,0
C10098,2020-08-18,73.28321098968807,114.9248164845321,Commercial,Analog,Irbid_South,0
C10008,2021-05-15,102.73868359273243,159.10802538909866,Commercial,Analog,Irbid_South,0
C10089,2021-09-12,13.157975938012267,24.7369639070184,Residential,Analog,Irbid_East,0
C10010,2018-11-27,72.07306402053828,113.10959603080742,Commercial,Analog,Irbid_East,0
C10085,2022-03-11,26.86730017733041,45.30095026599562,Residential,Analog,Irbid_North,0
C10063,2019-08-24,28.89868123633419,48.34802185450128,Residential,Smart,Center,0
C10085,2022-06-09,30.2019919954676,50.3029879932014,Residential,Analog,Irbid_North,0
C10036,2021-10-12,47.46504944850884,76.19757417276327,Residential,Analog,Center,1
C10069,2021-03-16,10.363248594241956,20.544872891362935,Residential,Analog,Irbid_South,0
C10045,2019-10-23,71.1891383757461,111.78370756361915,Commercial,Digital,Center,0
C10011,2022-02-09,5.914903155106436,13.872354732659653,Residential,Digital,Irbid_South,0
C10012,2021-12-11,82.38089844480245,128.57134766720367,Commercial,Analog,Irbid_North,0
C10065,2019-04-26,21.09258569763645,36.63887854645468,Residential,Digital,Center,0
C10082,2018-11-27,11.9641084280929,22.94616264213935,Residential,Analog,Irbid_East,1
C10064,2021-10-12,30.491703099881487,50.73755464982223,Residential,Analog,Irbid_West,0
C10024,2021-08-13,41.649018471605714,67.47352770740858,Residential,Analog,Irbid_North,0
C10021,2019-04-26,15.421273182110712,28.13190977316607,Residential,Analog,Center,0
C10078,2018-03-02,52.3426574558207,83.51398618373105,Commercial,Analog,Center,0
C10033,2018-05-01,130.17159973718088,200.25739960577133,Commercial,Smart,Center,0
C10071,2020-12-16,23.879984949900763,40.819977424851146,Commercial,Analog,Irbid_East,0
C10046,2021-05-15,30.556520756891018,50.83478113533653,Residential,Digital,Irbid_West,0
C10006,2019-02-25,51.273379125897904,81.91006868884685,Commercial,Digital,Irbid_South,0
C10047,2020-03-21,28.590084705600837,47.88512705840125,Residential,Analog,Irbid_North,0
C10024,2021-11-11,23.561562300225738,40.3423434503386,Residential,Analog,Irbid_North,0
C10046,2018-06-30,30.47264814831426,50.70897222247139,Residential,Digital,Irbid_West,0
C10050,2022-09-07,24.892680252604666,42.339020378907,Residential,Analog,Irbid_East,0
C10049,2018-10-28,32.670555220774744,54.00583283116212,Residential,Analog,Irbid_South,0
C10066,2021-09-12,70.16269634031936,110.24404451047903,Commercial,Analog,Irbid_East,0
C10094,2021-08-13,43.29274287480105,69.93911431220158,Residential,Digital,Irbid_South,0
C10075,2019-05-26,15.796200384026172,28.694300576039257,Residential,Smart,Irbid_South,0
C10057,2018-01-01,21.433239060637444,37.149858590956164,Residential,Analog,Center,0
C10098,2020-11-16,48.809467712590994,78.2142015688865,Commercial,Analog,Irbid_South,0
C10049,2020-06-19,40.60279497562648,65.90419246343973,Residential,Analog,Irbid_South,0
C10012,2019-12-22,60.98381931233435,96.47572896850153,Commercial,Analog,Irbid_North,0
C10074,2022-09-07,69.45762068262808,109.1864310239421,Commercial,Analog,Irbid_North,0
C10052,2022-01-10,16.448069160013674,29.67210374002051,Residential,Analog,Irbid_South,0
C10047,2019-06-25,39.835727181479704,64.75359077221955,Residential,Analog,Irbid_North,0
C10050,2018-05-31,27.83746258195111,46.756193872926666,Residential,Analog,Irbid_East,0
C10006,2020-02-20,76.73754383466954,120.1063157520043,Commercial,Digital,Irbid_South,0
C10085,2019-12-22,15.453884034096962,28.180826051145445,Residential,Analog,Irbid_North,0
C10059,2021-02-14,20.87530411000703,36.31295616501055,Residential,Analog,Center,0
C10048,2018-01-31,23.203366322551705,39.80504948382756,Residential,Digital,Irbid_West,0
C10088,2019-06-25,46.18197183181176,74.27295774771764,Residential,Analog,Irbid_South,0
C10098,2018-07-30,82.72470864517395,129.08706296776091,Commercial,Analog,Irbid_South,0
C10070,2022-10-07,11.54495352786723,22.317430291800846,Residential,Analog,Irbid_North,0
C10088,2018-07-30,37.210238582630055,60.81535787394508,Residential,Analog,Irbid_South,0
C10099,2021-11-11,41.86663538867888,67.79995308301832,Commercial,Analog,Irbid_South,0
C10006,2021-12-11,66.97245729898374,105.45868594847562,Commercial,Digital,Irbid_South,0
C10028,2018-06-30,36.464913284229354,59.69736992634403,Residential,Analog,Irbid_South,0
C10082,2021-03-16,29.927226008580632,49.89083901287095,Residential,Analog,Irbid_East,1
C10015,2020-07-19,73.58321434472083,3.788060336685522,Commercial,Digital,Irbid_North,1
C10051,2019-12-22,15.913330987791326,28.86999648168699,Residential,Digital,Irbid_South,0
C10068,2022-03-11,19.127030757289507,33.69054613593426,Residential,Analog,Irbid_South,0
C10045,2019-11-22,60.37749250524124,95.56623875786187,Commercial,Digital,Center,0
C10037,2022-10-07,17.196814310062692,30.795221465094038,Residential,Analog,Irbid_South,0
C10099,2021-06-14,59.41931284046745,94.12896926070117,Commercial,Analog,Irbid_South,0
C10036,2019-09-23,22.765301060905124,39.14795159135768,Residential,Analog,Center,1
C10058,2021-04-15,314.1681911089844,476.2522866634766,Industrial,Analog,Irbid_West,0
C10002,2020-01-21,44.554578591293435,71.83186788694016,Commercial,Analog,Irbid_South,0
C10087,2022-08-08,0.0,5.0,Residential,Analog,Center,1
C10032,2019-05-26,79.65464728741061,124.48197093111591,Commercial,Analog,Irbid_West,1
C10080,2021-05-15,21.007991483423375,36.51198722513506,Residential,Digital,Irbid_East,0
C10087,2019-11-22,12.995498137706118,24.493247206559175,Residential,Analog,Center,1
C10054,2018-03-02,8.1446041705609,17.21690625584135,Residential,Digital,Center,0
C10009,2019-02-25,22.039196777210346,38.05879516581552,Residential,Analog,Irbid_East,0
C10080,2022-08-08,25.9170885241884,43.8756327862826,Residential,Digital,Irbid_East,0
C10074,2020-05-20,68.48901185069514,107.7335177760427,Commercial,Analog,Irbid_North,0
C10047,2022-10-07,29.35346417360184,49.03019626040276,Residential,Analog,Irbid_North,0
C10022,2018-10-28,15.062586652574067,27.5938799788611,Residential,Analog,Irbid_North,0
C10062,2018-10-28,50.84745765530446,81.2711864829567,Commercial,Analog,Irbid_West,0
C10099,2022-07-09,62.69892689126326,99.0483903368949,Commercial,Analog,Irbid_South,0
C10084,2020-01-21,20.363639560055663,35.5454593400835,Residential,Analog,Irbid_North,0
C10011,2019-06-25,12.24160038300206,23.36240057450309,Residential,Digital,Irbid_South,0
C10087,2019-09-23,17.210666781146426,30.816000171719637,Residential,Analog,Center,1
C10047,2021-11-11,34.28953503109157,56.434302546637355,Residential,Analog,Irbid_North,0
C10045,2021-01-15,36.544383466631004,59.816575199946506,Commercial,Digital,Center,0
C10092,2019-03-27,25.479177522807518,43.21876628421128,Residential,Analog,Irbid_North,0
C10069,2019-04-26,11.709530898852108,22.564296348278162,Residential,Analog,Irbid_South,0
C10052,2022-11-06,16.055342495714186,29.08301374357128,Residential,Analog,Irbid_South,0
C10024,2020-09-17,39.724634477877395,64.58695171681609,Residential,Analog,Irbid_North,0
C10037,2021-05-15,22.28004986128617,38.42007479192925,Residential,Analog,Irbid_South,0
C10066,2022-01-10,45.501797870513,73.2526968057695,Commercial,Analog,Irbid_East,0
C10096,2021-08-13,34.63820825098762,56.957312376481426,Residential,Analog,Center,0
C10015,2020-05-20,71.0056540007532,4.673688010348805,Commercial,Digital,Irbid_North,1
C10034,2020-02-20,119.21611984417684,183.82417976626527,Industrial,Digital,Irbid_West,0
C10070,2022-01-10,7.334814517129959,16.002221775694938,Residential,Analog,Irbid_North,0
C10006,2022-08-08,120.02767985417736,185.04151978126606,Commercial,Digital,Irbid_South,0
C10020,2019-10-23,10.773102725294486,21.15965408794173,Residential,Digital,Irbid_East,0
C10077,2021-04-15,19.005802448255547,33.50870367238332,Residential,Digital,Irbid_East,0
C10041,2022-09-07,63.72823065310124,100.59234597965187,Commercial,Analog,Irbid_North,0
C10100,2021-02-14,17.868363619941835,31.802545429912755,Residential,Analog,Center,0
C10032,2020-06-19,7.115828133601375,15.673742200402062,Commercial,Analog,Irbid_West,1
C10010,2021-03-16,,131.84172430390782,Commercial,Analog,Irbid_East,0
C10044,2020-05-20,25.097018809520417,42.645528214280624,Residential,Digital,Center,0
C10029,2018-11-27,42.57629992576042,68.86444988864064,Commercial,Analog,Irbid_South,1
C10015,2019-10-23,55.88950204248896,88.83425306373343,Commercial,Digital,Irbid_North,1
C10090,2020-03-21,27.896233647011673,46.84435047051751,Residential,Digital,Irbid_West,0
C10057,2019-05-26,29.965311578199987,49.94796736729998,Residential,Analog,Center,0
C10077,2021-03-16,15.581668097222144,28.372502145833217,Residential,Digital,Irbid_East,0
C10079,2018-11-27,20.868834088272543,36.30325113240882,Residential,Digital,Irbid_North,0
C10019,2020-12-16,25.29847490607424,42.947712359111364,Residential,Analog,Irbid_West,0
C10026,2021-05-15,15.619821210528908,28.42973181579336,Residential,Analog,Irbid_East,0
C10066,2021-02-14,30.78451399835693,51.17677099753539,Commercial,Analog,Irbid_East,0
C10078,2021-05-15,59.827991312372994,94.74198696855949,Commercial,Analog,Center,0
C10099,2018-05-01,54.451515608179406,86.6772734122691,Commercial,Analog,Irbid_South,0
C10055,2020-01-21,15.180427727547462,27.770641591321194,Residential,Analog,Irbid_West,0
C10041,2018-05-01,70.33819056350116,110.50728584525174,Commercial,Analog,Irbid_North,0
C10090,2018-12-27,25.614736737711855,43.422105106567784,Residential,Digital,Irbid_West,0
C10090,2020-04-20,39.43241790925129,64.14862686387694,Residential,Digital,Irbid_West,0
C10100,2020-03-21,27.827544180438135,46.7413162706572,Residential,Analog,Center,0
C10041,2022-03-11,44.99712990657106,72.4956948598566,Commercial,Analog,Irbid_North,0
C10097,2019-10-23,43.811766808661204,70.7176502129918,Commercial,Analog,Center,0
C10095,2018-05-31,39.22681139491164,63.84021709236747,Residential,Analog,Irbid_West,1
C10097,2022-06-09,65.18678843290475,102.78018264935713,Commercial,Analog,Center,0
C10035,2018-12-27,19.322690708556006,33.98403606283401,Residential,Digital,Irbid_West,0
C10030,2020-12-16,14.389677023128339,26.584515534692507,Residential,Analog,Irbid_East,0
C10056,2021-05-15,21.88355808413999,37.82533712620999,Residential,Analog,Irbid_North,0
C10088,2022-03-11,33.59095319285632,55.38642978928448,Residential,Analog,Irbid_South,0
C10027,2020-08-18,39.45738913044351,64.18608369566526,Residential,Digital,Irbid_North,0
C10029,2021-07-14,4.989287327813803,12.483930991720705,Commercial,Analog,Irbid_South,1
C10079,2022-11-06,26.981450035791273,45.47217505368691,Residential,Digital,Irbid_North,0
C10069,2020-06-19,13.885425512359804,25.828138268539707,Residential,Analog,Irbid_South,0
C10009,2018-10-28,27.473133438747386,46.20970015812108,Residential,Analog,Irbid_East,0
C10085,2022-05-10,30.008139298297944,50.012208947446915,Residential,Analog,Irbid_North,0
C10017,2021-10-12,,27.911101149881,Residential,Analog,Irbid_West,0
C10054,2020-10-17,11.383123672615115,22.074685508922673,Residential,Digital,Center,0
C10060,2018-01-31,50.19260482995733,80.288907244936,Commercial,Analog,Irbid_East,0
C10024,2021-01-15,19.865886388955243,34.79882958343286,Residential,Analog,Irbid_North,0
C10001,2020-01-21,21.13019562051803,36.69529343077704,Residential,Analog,Center,0
C10019,2020-09-17,28.466088828686196,47.699133243029294,Residential,Analog,Irbid_West,0
C10052,2022-06-09,27.61900532617979,46.42850798926968,Residential,Analog,Irbid_South,0
C10026,2022-04-10,12.674324784436983,24.011487176655475,Residential,Analog,Irbid_East,0
C10087,2019-02-25,11.332275739924732,21.9984136098871,Residential,Analog,Center,1
C10076,2020-02-20,15.140060451949465,27.710090677924196,Residential,Analog,Irbid_South,0
C10008,2019-01-26,61.2593498091291,96.88902471369364,Commercial,Analog,Irbid_South,0
C10062,2019-12-22,31.81575299079136,52.723629486187036,Commercial,Analog,Irbid_West,0
C10048,2021-12-11,22.254273258839454,38.381409888259185,Residential,Digital,Irbid_West,0
C10069,2019-06-25,14.377756878147547,26.56663531722132,Residential,Analog,Irbid_South,0
C10067,2018-01-31,13.695278941396928,25.542918412095393,Residential,Analog,Center,0
C10053,2021-06-14,42.494164539255436,68.74124680888315,Residential,Smart,Center,0
C10056,2022-05-10,22.38312704886066,38.574690573290994,Residential,Analog,Irbid_North,0
C10076,2018-01-01,19.517454622636286,34.27618193395443,Residential,Analog,Irbid_South,0
C10052,2019-10-23,22.577024601214447,38.86553690182167,Residential,Analog,Irbid_South,0
C10098,2018-08-29,75.90849832469391,118.86274748704086,Commercial,Analog,Irbid_South,0
C10019,2019-10-23,27.788794626152296,46.68319193922844,Residential,Analog,Irbid_West,0
C10052,2020-06-19,28.8108404830337,48.21626072455055,Residential,Analog,Irbid_South,0
C10095,2020-01-21,23.631583515797526,40.44737527369629,Residential,Analog,Irbid_West,1
C10071,2018-05-01,54.113995509175005,86.17099326376251,Commercial,Analog,Irbid_East,0
C10004,2019-02-25,23.853640849249103,40.780461273873655,Residential,Analog,Center,1
C10011,2019-03-27,5.7736649078399855,13.660497361759978,Residential,Digital,Irbid_South,0
C10011,2021-07-14,14.20296765744644,26.30445148616966,Residential,Digital,Irbid_South,0
C10073,2020-07-19,44.940790749834036,72.41118612475105,Residential,Digital,Irbid_South,0
C10099,2018-10-28,41.26572173149394,66.8985825972409,Commercial,Analog,Irbid_South,0
C10086,2019-09-23,39.48755912624018,64.23133868936027,Residential,Analog,Center,0
C10006,2020-06-19,117.02536665395544,180.53804998093318,Commercial,Digital,Irbid_South,0
C10076,2018-05-01,33.3096301888803,54.964445283320444,Residential,Analog,Irbid_South,0
C10088,2020-09-17,40.09593821330651,65.14390731995977,Residential,Analog,Irbid_South,0
C10096,2018-12-27,17.208501563391025,30.812752345086537,Residential,Analog,Center,0
C10057,2019-03-27,24.87612098436862,42.31418147655293,Residential,Analog,Center,0
C10009,2018-04-01,35.41810780571774,58.12716170857661,Residential,Analog,Irbid_East,0
C10012,2022-11-06,,115.85789534968657,Commercial,Analog,Irbid_North,0
C10043,2018-03-02,10.28106452369064,20.42159678553596,Residential,Analog,Irbid_West,0
C10035,2019-07-25,35.2656484144335,57.89847262165025,Residential,Digital,Irbid_West,0
C10067,2020-05-20,18.397342942434985,32.596014413652476,Residential,Analog,Center,0
C10001,2020-08-18,37.34582592161273,61.01873888241909,Residential,Analog,Center,0
C10012,2018-05-01,128.0784895716439,197.11773435746585,Commercial,Analog,Irbid_North,0
C10080,2020-02-20,12.392643659692942,23.58896548953941,Residential,Digital,Irbid_East,0
C10079,2020-02-20,25.349329025552002,43.023993538328,Residential,Digital,Irbid_North,0
C10025,2018-05-01,19.332310372321743,33.998465558482614,Residential,Digital,Center,0
C10041,2022-02-09,41.97365666964354,67.96048500446531,Commercial,Analog,Irbid_North,0
C10014,2022-07-09,2.059337883053076,8.089006824579615,Residential,Digital,Center,1
C10099,2020-10-17,51.103162993634676,81.65474449045202,Commercial,Analog,Irbid_South,0
C10029,2020-01-21,39.83976719038931,64.75965078558397,Commercial,Analog,Irbid_South,1
C10044,2021-02-14,11.861214030907465,22.7918210463612,Residential,Digital,Center,0
C10069,2018-06-30,14.569816616134027,26.85472492420104,Residential,Analog,Irbid_South,0
C10061,2019-10-23,27.90495330522112,46.857429957831684,Residential,Analog,Irbid_South,0
C10038,2022-09-07,361.99162258151694,59.298743387227546,Residential,Digital,Center,0
C10024,2019-09-23,37.99763545439759,61.99645318159638,Residential,Analog,Irbid_North,0
C10093,2021-04-15,21.45362543054518,37.180438145817774,Residential,Analog,Irbid_East,0
C10003,2022-02-09,14.760019647126992,27.140029470690486,Residential,Analog,Irbid_West,0
C10010,2018-01-01,56.29815786190841,89.44723679286261,Commercial,Analog,Irbid_East,0
C10079,2018-01-31,16.59308380520303,29.889625707804544,Residential,Digital,Irbid_North,0
C10076,2021-02-14,21.469876508512947,37.204814762769416,Residential,Analog,Irbid_South,0
C10056,2020-09-17,21.33868597990015,37.00802896985022,Residential,Analog,Irbid_North,0
C10047,2019-03-27,25.9175822092891,43.876373313933655,Residential,Analog,Irbid_North,0
C10012,2019-02-25,59.868071474866284,94.80210721229943,Commercial,Analog,Irbid_North,0
C10059,2019-02-25,20.93776704964257,36.40665057446385,Residential,Analog,Center,0
C10077,2019-07-25,27.26749691174085,45.901245367611274,Residential,Digital,Irbid_East,0
C10031,2019-03-27,19.793473837835123,34.690210756752684,Residential,Analog,Irbid_West,0
C10044,2020-07-19,27.893421344584013,46.84013201687602,Residential,Digital,Center,0
C10036,2018-01-01,12.505489595556668,23.758234393335,Residential,Analog,Center,1
C10088,2018-10-28,33.13913290411372,54.708699356170584,Residential,Analog,Irbid_South,0
C10086,2018-04-01,32.02273303731869,53.03409955597803,Residential,Analog,Center,0
C10036,2018-01-31,,19.054838667007804,Residential,Analog,Center,1
C10090,2021-02-14,29.642605484859974,49.46390822728996,Residential,Digital,Irbid_West,0
C10070,2020-05-20,14.991173639960957,27.486760459941436,Residential,Analog,Irbid_North,0
C10026,2021-12-11,8.728669795505823,18.093004693258735,Residential,Analog,Irbid_East,0
C10081,2020-08-18,50.76479266507036,81.14718899760554,Residential,Digital,Irbid_North,0
C10086,2019-07-25,40.52964425270283,65.79446637905424,Residential,Analog,Center,0
C10006,2022-07-09,126.98163612573909,195.47245418860862,Commercial,Digital,Irbid_South,0
C10043,2020-05-20,13.66540136959712,25.49810205439568,Residential,Analog,Irbid_West,0
C10046,2022-07-09,33.145883343379865,54.7188250150698,Residential,Digital,Irbid_West,0
C10065,2019-10-23,20.39632744305396,35.59449116458094,Residential,Digital,Center,0
C10090,2019-12-22,22.623250246380774,38.93487536957116,Residential,Digital,Irbid_West,0
C10072,2022-07-09,37.09659814879803,60.64489722319705,Residential,Analog,Irbid_West,0
C10040,2020-09-17,33.73080170400494,55.59620255600741,Residential,Analog,Irbid_West,0
C10018,2020-07-19,32.98406041341172,4.499115860717673,Residential,Digital,Irbid_West,1
C10039,2021-05-15,22.65186654034699,38.97779981052049,Residential,Digital,Irbid_South,0
C10061,2020-06-19,40.589419116831166,65.88412867524676,Residential,Analog,Irbid_South,0
C10082,2018-01-31,7.948899857697352,16.923349786546027,Residential,Analog,Irbid_East,1
C10030,2018-11-27,21.016369266790733,36.5245539001861,Residential,Analog,Irbid_East,0
C10042,2022-10-07,13.696544808851424,25.544817213277135,Residential,Analog,Irbid_West,0
C10030,2020-08-18,34.21776617037534,56.32664925556301,Residential,Analog,Irbid_East,0
C10020,2022-08-08,,31.50015544657647,Residential,Digital,Irbid_East,0
C10032,2019-06-25,88.46423906570051,137.69635859855077,Commercial,Analog,Irbid_West,1
C10034,2020-12-16,112.53002852960603,173.79504279440903,Industrial,Digital,Irbid_West,0
C10034,2020-01-21,138.87506957075476,213.31260435613214,Industrial,Digital,Irbid_West,0
C10082,2022-07-09,34.683914749483264,57.0258721242249,Residential,Analog,Irbid_East,1
C10025,2021-06-14,,34.91639761729885,Residential,Digital,Center,0
C10006,2020-04-20,103.56171333594158,160.34257000391236,Commercial,Digital,Irbid_South,0
C10011,2021-12-11,5.47260504671784,13.20890757007676,Residential,Digital,Irbid_South,0
C10080,2018-03-02,13.653250736834961,25.47987610525244,Residential,Digital,Irbid_East,0
C10019,2021-07-14,36.810116217489316,60.21517432623398,Residential,Analog,Irbid_West,0
C10048,2019-04-26,30.533652344200764,50.80047851630115,Residential,Digital,Irbid_West,0
C10070,2019-11-22,12.330778969517468,23.4961684542762,Residential,Analog,Irbid_North,0
C10085,2018-04-01,24.58463294643708,41.87694941965562,Residential,Analog,Irbid_North,0
C10098,2021-04-15,60.218408881344786,95.32761332201719,Commercial,Analog,Irbid_South,0
C10094,2020-01-21,19.893145839129087,34.83971875869363,Residential,Digital,Irbid_South,0
C10085,2020-08-18,39.66509484998764,64.49764227498146,Residential,Analog,Irbid_North,0
C10021,2022-11-06,10.526863997788347,20.79029599668252,Residential,Analog,Center,0
C10076,2018-08-29,37.12352059019039,60.68528088528558,Residential,Analog,Irbid_South,0
C10090,2021-09-12,38.75839608568732,63.137594128530985,Residential,Digital,Irbid_West,0
C10046,2022-05-10,26.824318962718014,45.23647844407702,Residential,Digital,Irbid_West,0
C10026,2019-07-25,20.155756973246927,35.23363545987039,Residential,Analog,Irbid_East,0
C10023,2022-10-07,23.69131623521714,40.53697435282571,Residential,Digital,Irbid_West,0
C10074,2021-07-14,69.40737491021635,109.11106236532453,Commercial,Analog,Irbid_North,0
C10018,2018-04-01,19.851681052026816,34.77752157804022,Residential,Digital,Irbid_West,1
C10074,2021-05-15,72.17301263094035,113.25951894641052,Commercial,Analog,Irbid_North,0
C10072,2021-11-11,18.515648815355675,32.77347322303351,Residential,Analog,Irbid_West,0
C10041,2020-08-18,67.02439039552627,105.5365855932894,Commercial,Analog,Irbid_North,0
C10016,2018-12-27,17.871610398884286,31.80741559832643,Residential,Digital,Irbid_North,0
C10069,2020-04-20,9.967832548006754,19.95174882201013,Residential,Analog,Irbid_South,0
C10028,2022-07-09,46.19242152675486,74.2886322901323,Residential,Analog,Irbid_South,0
C10030,2018-06-30,37.74788460103148,61.62182690154722,Residential,Analog,Irbid_East,0
C10072,2022-10-07,25.161296147185656,42.741944220778485,Residential,Analog,Irbid_West,0
C10029,2022-08-08,5.354458040003572,13.031687060005359,Commercial,Analog,Irbid_South,1
C10028,2018-09-28,32.39331464174676,53.58997196262014,Residential,Analog,Irbid_South,0
C10100,2020-02-20,27.408537411902397,46.112806117853594,Residential,Analog,Center,0
C10008,2018-10-28,94.7004547462138,147.0506821193207,Commercial,Analog,Irbid_South,0
C10031,2018-08-29,40.45526176882191,65.68289265323287,Residential,Analog,Irbid_West,0
C10065,2018-06-30,31.098468577652653,51.64770286647898,Residential,Digital,Center,0
C10097,2022-09-07,69.33745143179979,109.00617714769969,Commercial,Analog,Center,0
C10092,2021-02-14,17.996595986490394,31.994893979735593,Residential,Analog,Irbid_North,0
C10026,2019-01-26,10.425744641409826,20.63861696211474,Residential,Analog,Irbid_East,0
C10084,2018-05-01,41.78601216324074,67.67901824486111,Residential,Analog,Irbid_North,0
C10038,2018-03-02,27.40992381038211,46.114885715573166,Residential,Digital,Center,0
C10056,2019-08-24,22.945847599751694,39.418771399627545,Residential,Analog,Irbid_North,0
C10064,2018-09-28,34.43745384617617,56.65618076926425,Residential,Analog,Irbid_West,0
C10091,2018-06-30,20.639716202181436,35.959574303272156,Residential,Smart,Irbid_South,0
C10063,2018-03-02,14.127876258780027,26.19181438817004,Residential,Smart,Center,0
C10087,2019-07-25,20.250446275298682,35.37566941294802,Residential,Analog,Center,1
C10090,2021-03-16,29.095517497689677,48.64327624653451,Residential,Digital,Irbid_West,0
C10034,2019-03-27,143.67779972674438,220.51669959011656,Industrial,Digital,Irbid_West,0
C10055,2018-07-30,35.06443278102806,57.59664917154209,Residential,Analog,Irbid_West,0
C10038,2018-05-01,32.86371784848922,54.29557677273384,Residential,Digital,Center,0
C10019,2020-02-20,18.225237495374373,32.33785624306156,Residential,Analog,Irbid_West,0
C10084,2018-11-27,29.240743544305978,48.861115316458964,Residential,Analog,Irbid_North,0
C10014,2021-02-14,22.587140237036078,38.880710355554115,Residential,Digital,Center,1
C10069,2021-09-12,11.432343854775525,22.148515782163287,Residential,Analog,Irbid_South,0
C10074,2019-08-24,70.37681457174551,110.56522185761827,Commercial,Analog,Irbid_North,0
C10029,2019-05-26,63.024500416348005,99.536750624522,Commercial,Analog,Irbid_South,1
C10044,2019-04-26,20.970747935401914,36.45612190310287,Residential,Digital,Center,0
C10003,2019-04-26,22.71662177842535,39.07493266763802,Residential,Analog,Irbid_West,0
C10056,2018-09-28,20.67105041832492,36.00657562748738,Residential,Analog,Irbid_North,0
C10092,2018-08-29,32.684130981701706,54.026196472552556,Residential,Analog,Irbid_North,0
C10090,2020-07-19,41.15031806130585,66.72547709195878,Residential,Digital,Irbid_West,0
C10020,2021-04-15,10.208504945387466,20.312757418081198,Residential,Digital,Irbid_East,0
C10059,2020-05-20,34.63649540518842,56.95474310778263,Residential,Analog,Center,0
C10015,2021-12-11,46.731091568582684,5.0987998023462,Commercial,Digital,Irbid_North,1
C10083,2018-12-27,103.02030572269251,159.53045858403877,Industrial,Digital,Irbid_North,0
C10041,2021-01-15,25.089245214742355,42.63386782211353,Commercial,Analog,Irbid_North,0
C10009,2020-08-18,38.20764110859527,62.3114616628929,Residential,Analog,Irbid_East,0
C10073,2022-01-10,21.31459060632555,36.97188590948832,Residential,Digital,Irbid_South,0
C10014,2021-01-15,1.2214567480574678,6.8321851220862015,Residential,Digital,Center,1
C10019,2020-07-19,31.18569050394192,51.778535755912884,Residential,Analog,Irbid_West,0
C10059,2018-07-30,41.91444350107679,67.87166525161518,Residential,Analog,Center,0
C10040,2018-01-31,23.24025609401233,39.8603841410185,Residential,Analog,Irbid_West,0
C10075,2020-06-19,15.473479536325982,28.210219304488973,Residential,Smart,Irbid_South,0
C10079,2021-06-14,34.74635810968697,57.119537164530456,Residential,Digital,Irbid_North,0
C10022,2018-05-01,19.437204877005183,34.15580731550777,Residential,Analog,Irbid_North,0
C10017,2020-06-19,21.359093266018668,37.038639899028,Residential,Analog,Irbid_West,0
C10056,2018-05-31,23.545255745073383,40.31788361761008,Residential,Analog,Irbid_North,0
C10029,2022-11-06,3.2096591660752942,9.814488749112941,Commercial,Analog,Irbid_South,1
C10043,2018-11-27,10.69589325611325,21.043839884169873,Residential,Analog,Irbid_West,0
C10006,2022-05-10,105.07723229089484,162.61584843634228,Commercial,Digital,Irbid_South,0
C10077,2022-09-07,23.7719244681922,40.6578867022883,Residential,Digital,Irbid_East,0
C10098,2018-05-31,69.89142251138895,109.83713376708343,Commercial,Analog,Irbid_South,0
C10094,2019-05-26,35.2599856147901,57.889978422185145,Residential,Digital,Irbid_South,0
C10025,2022-01-10,9.805562822091971,19.708344233137957,Residential,Digital,Center,0
C10073,2018-07-30,40.12636646860595,65.18954970290892,Residential,Digital,Irbid_South,0
C10021,2020-04-20,13.125783348774256,24.688675023161384,Residential,Analog,Center,0
C10077,2018-08-29,29.40204786671558,49.10307180007337,Residential,Digital,Irbid_East,0
C10049,2018-03-02,30.000771076047428,50.00115661407114,Residential,Analog,Irbid_South,0
C10096,2021-04-15,22.23803261802538,38.357048927038065,Residential,Analog,Center,0
C10095,2020-10-17,31.23874096882456,51.85811145323684,Residential,Analog,Irbid_West,1
C10001,2022-04-10,29.77662913829419,49.66494370744128,Residential,Analog,Center,0
C10065,2019-12-22,10.617258711832713,20.92588806774907,Residential,Digital,Center,0
C10047,2021-06-14,45.197175254775885,72.79576288216383,Residential,Analog,Irbid_North,0
C10068,2018-11-27,21.596710970166114,37.39506645524917,Residential,Analog,Irbid_South,0
C10096,2018-01-01,14.295072183967648,26.44260827595147,Residential,Analog,Center,0
C10068,2022-07-09,37.353350629165426,61.03002594374814,Residential,Analog,Irbid_South,0
C10027,2020-05-20,34.92835244227611,57.39252866341416,Residential,Digital,Irbid_North,0
C10025,2021-03-16,10.098323451113057,20.147485176669583,Residential,Digital,Center,0
C10025,2020-05-20,20.06901766485541,35.10352649728311,Residential,Digital,Center,0
C10094,2021-04-15,30.364770882873497,50.547156324310244,Residential,Digital,Irbid_South,0
C10043,2022-11-06,9.830973466566792,19.74646019985019,Residential,Analog,Irbid_West,0
C10035,2021-02-14,18.554240187582206,32.83136028137331,Residential,Digital,Irbid_West,0
C10059,2021-09-12,35.63476111103049,58.45214166654574,Residential,Analog,Center,0
C10100,2020-10-17,31.26890098854046,51.90335148281069,Residential,Analog,Center,0
C10045,2019-02-25,55.91969185496375,88.87953778244562,Commercial,Digital,Center,0
C10008,2019-04-26,86.32389973658059,134.48584960487088,Commercial,Analog,Irbid_South,0
C10050,2022-03-11,16.8541306870608,30.281196030591197,Residential,Analog,Irbid_East,0
C10067,2018-07-30,22.220159462403657,38.330239193605486,Residential,Analog,Center,0
C10027,2020-04-20,35.76223945844658,58.64335918766987,Residential,Digital,Irbid_North,0
C10075,2019-09-23,15.715983703249037,28.573975554873556,Residential,Smart,Irbid_South,0
C10027,2020-06-19,42.85152236622736,69.27728354934104,Residential,Digital,Irbid_North,0
C10056,2019-09-23,21.476975626750697,37.215463440126044,Residential,Analog,Irbid_North,0
C10017,2019-01-26,10.400730982642324,20.601096473963487,Residential,Analog,Irbid_West,0
C10021,2021-02-14,,17.914575567491546,Residential,Analog,Center,0
C10040,2018-03-02,27.02318244481333,45.534773667219994,Residential,Analog,Irbid_West,0
C10100,2019-12-22,23.420381923853355,40.13057288578003,Residential,Analog,Center,0
C10062,2018-05-01,58.686951180294336,93.03042677044151,Commercial,Analog,Irbid_West,0
C10087,2018-11-27,13.423090262546511,25.134635393819767,Residential,Analog,Center,1
C10038,2018-11-27,28.551789454311518,47.827684181467276,Residential,Digital,Center,0
C10081,2020-12-16,17.34894355492194,31.02341533238291,Residential,Digital,Irbid_North,0
C10025,2022-09-07,16.595555428314654,29.89333314247198,Residential,Digital,Center,0
C10008,2020-05-20,122.00988871838757,188.01483307758136,Commercial,Analog,Irbid_South,0
C10040,2020-05-20,37.94011416820467,61.91017125230701,Residential,Analog,Irbid_West,0
C10069,2018-11-27,7.576137646052662,16.364206469078994,Residential,Analog,Irbid_South,0
C10041,2019-10-23,62.28894837841395,98.43342256762092,Commercial,Analog,Irbid_North,0
C10095,2022-07-09,44.046543073517455,71.06981461027618,Residential,Analog,Irbid_West,1
C10051,2022-07-09,33.635017902502234,55.452526853753355,Residential,Digital,Irbid_South,0
C10026,2022-03-11,11.638190639690434,22.45728595953565,Residential,Analog,Irbid_East,0
C10090,2020-09-17,37.42240115681528,61.133601735222925,Residential,Digital,Irbid_West,0
C10020,2018-06-30,17.391347214012537,31.087020821018804,Residential,Digital,Irbid_East,0
C10064,2020-12-16,26.661034894563755,44.99155234184563,Residential,Analog,Irbid_West,0
C10035,2022-04-10,23.630191100927995,40.445286651391996,Residential,Digital,Irbid_West,0
C10022,2022-05-10,17.64870412462974,31.47305618694461,Residential,Analog,Irbid_North,0
C10034,2020-11-16,176.69353345971265,270.040300189569,Industrial,Digital,Irbid_West,0
C10056,2021-03-16,12.76179054642724,24.14268581964086,Residential,Analog,Irbid_North,0
C10092,2022-04-10,26.501595021845436,44.752392532768155,Residential,Analog,Irbid_North,0
C10052,2018-10-28,22.690209135646754,39.03531370347013,Residential,Analog,Irbid_South,0
C10024,2018-01-31,20.437807454541407,35.65671118181211,Residential,Analog,Irbid_North,0
C10056,2019-06-25,24.13656172346704,41.20484258520056,Residential,Analog,Irbid_North,0
C10007,2022-05-10,35.384795053599845,58.07719258039977,Residential,Analog,Irbid_East,0
C10016,2021-05-15,31.483908772928743,52.225863159393114,Residential,Digital,Irbid_North,0
C10014,2019-09-23,18.15982485999355,32.23973728999032,Residential,Digital,Center,1
C10044,2018-03-02,16.16810974417442,29.25216461626163,Residential,Digital,Center,0
C10057,2018-05-31,34.35144500340387,56.5271675051058,Residential,Analog,Center,0
C10005,2019-04-26,27.014203105128356,45.52130465769253,Residential,Digital,Irbid_West,0
C10100,2018-08-29,37.94690509238088,61.92035763857132,Residential,Analog,Center,0
C10038,2019-03-27,23.335873119268133,40.0038096789022,Residential,Digital,Center,0
C10011,2021-11-11,7.552032076689307,16.32804811503396,Residential,Digital,Irbid_South,0
C10030,2020-03-21,24.531403410592603,41.797105115888904,Residential,Analog,Irbid_East,0
C10070,2018-08-29,16.964495690256395,30.44674353538459,Residential,Analog,Irbid_North,0
C10058,2019-10-23,272.3673140603426,413.55097109051394,Industrial,Analog,Irbid_West,0
C10051,2021-08-13,31.13942159485012,51.70913239227518,Residential,Digital,Irbid_South,0
C10045,2021-09-12,92.76022688292755,144.14034032439133,Commercial,Digital,Center,0
C10001,2019-12-22,20.833451805995455,36.250177708993185,Residential,Analog,Center,0
C10019,2018-08-29,32.37982801737508,53.56974202606263,Residential,Analog,Irbid_West,0
C10049,2019-05-26,41.49091609494096,67.23637414241144,Residential,Analog,Irbid_South,0
C10045,2022-01-10,46.23591229434052,74.35386844151078,Commercial,Digital,Center,0
C10002,2022-04-10,54.91102094240631,87.36653141360947,Commercial,Analog,Irbid_South,0
C10039,2020-07-19,29.581076829184802,49.3716152437772,Residential,Digital,Irbid_South,0
C10048,2018-08-29,38.3527610777837,62.529141616675545,Residential,Digital,Irbid_West,0
C10001,2022-08-08,32.89984826779329,54.34977240168993,Residential,Analog,Center,0
C10022,2022-01-10,10.846537514777687,21.26980627216653,Residential,Analog,Irbid_North,0
C10012,2020-11-16,73.18397976118142,114.77596964177212,Commercial,Analog,Irbid_North,0
C10082,2019-12-22,11.738958230349112,22.60843734552367,Residential,Analog,Irbid_East,1
C10021,2020-03-21,11.670604485054438,22.505906727581657,Residential,Analog,Center,0
C10034,2019-07-25,260.48196350319125,395.72294525478685,Industrial,Digital,Irbid_West,0
C10005,2020-12-16,22.052077285049293,38.07811592757394,Residential,Digital,Irbid_West,0
C10046,2019-06-25,33.012414980794816,54.518622471192224,Residential,Digital,Irbid_West,0
C10050,2020-06-19,31.99790841947674,52.99686262921511,Residential,Analog,Irbid_East,0
C10031,2020-09-17,32.282992220714014,53.42448833107102,Residential,Analog,Irbid_West,0
C10012,2019-10-23,95.64147297312654,148.4622094596898,Commercial,Analog,Irbid_North,0
C10084,2019-07-25,43.18512085907229,69.77768128860843,Residential,Analog,Irbid_North,0
C10073,2022-08-08,42.90631772473455,69.35947658710182,Residential,Digital,Irbid_South,0
C10049,2021-10-12,38.12705271132639,62.190579066989585,Residential,Analog,Irbid_South,0
C10019,2022-09-07,35.133201405677,57.6998021085155,Residential,Analog,Irbid_West,0
C10064,2022-04-10,31.7555758854959,52.63336382824385,Residential,Analog,Irbid_West,0
C10064,2022-01-10,14.248774398322889,26.373161597484334,Residential,Analog,Irbid_West,0
C10100,2022-07-09,47.45218993291883,76.17828489937824,Residential,Analog,Center,0
C10059,2019-05-26,44.6872640285186,72.0308960427779,Residential,Analog,Center,0
C10082,2019-10-23,13.408913018578652,25.113369527867977,Residential,Analog,Irbid_East,1
C10023,2020-02-20,16.820313103383967,30.23046965507595,Residential,Digital,Irbid_West,0
C10093,2020-05-20,24.403586240935773,41.60537936140366,Residential,Analog,Irbid_East,0
C10061,2020-10-17,21.904955670049343,37.85743350507401,Residential,Analog,Irbid_South,0
C10053,2018-07-30,43.962860716791546,70.94429107518732,Residential,Smart,Center,0
C10040,2021-08-13,41.7610286662276,67.6415429993414,Residential,Analog,Irbid_West,0
C10087,2018-07-30,21.217412178371628,36.82611826755744,Residential,Analog,Center,1
C10098,2019-07-25,81.33016145136389,126.99524217704584,Commercial,Analog,Irbid_South,0
C10050,2022-10-07,,33.56949020123854,Residential,Analog,Irbid_East,0
C10069,2018-03-02,10.29042410858846,20.43563616288269,Residential,Analog,Irbid_South,0
C10045,2020-02-20,65.05567981467365,102.58351972201048,Commercial,Digital,Center,0
C10056,2020-02-20,12.09146847439738,23.13720271159607,Residential,Analog,Irbid_North,0
C10084,2022-09-07,40.17760655613961,65.26640983420941,Residential,Analog,Irbid_North,0
C10047,2022-04-10,32.30295378276667,53.454430674150004,Residential,Analog,Irbid_North,0
C10084,2022-11-06,25.991195232473856,43.986792848710785,Residential,Analog,Irbid_North,0
C10083,2022-09-07,183.54067986917468,280.311019803762,Industrial,Digital,Irbid_North,0
C10002,2019-09-23,72.38870099172048,113.58305148758072,Commercial,Analog,Irbid_South,0
C10033,2022-04-10,94.73389809662667,147.10084714494002,Commercial,Smart,Center,0
C10029,2020-10-17,4.305428704991791,11.458143057487687,Commercial,Analog,Irbid_South,1
C10061,2022-08-08,34.30805987563204,56.46208981344806,Residential,Analog,Irbid_South,0
C10048,2020-07-19,40.23053770446165,65.34580655669248,Residential,Digital,Irbid_West,0
C10062,2021-02-14,33.71489304619251,55.57233956928876,Commercial,Analog,Irbid_West,0
C10033,2020-02-20,80.98494270150697,126.47741405226046,Commercial,Smart,Center,0
C10078,2021-09-12,64.3655884560351,101.54838268405265,Commercial,Analog,Center,0
C10051,2019-06-25,29.13174245495232,48.69761368242848,Residential,Digital,Irbid_South,0
C10071,2021-09-12,49.09110872858819,78.63666309288229,Commercial,Analog,Irbid_East,0
C10027,2022-02-09,23.17477626777989,39.762164401669835,Residential,Digital,Irbid_North,0
C10056,2018-11-27,15.859457097376243,28.789185646064364,Residential,Analog,Irbid_North,0
C10050,2018-11-27,17.544015757825324,31.316023636737988,Residential,Analog,Irbid_East,0
C10056,2019-03-27,19.35088803182069,34.02633204773104,Residential,Analog,Irbid_North,0
C10099,2021-09-12,53.99073187998001,85.98609781997001,Commercial,Analog,Irbid_South,0
C10078,2022-03-11,44.033799446101035,71.05069916915156,Commercial,Analog,Center,0
C10012,2018-05-31,114.41902497692269,176.62853746538403,Commercial,Analog,Irbid_North,0
C10037,2020-10-17,17.56411955915263,31.346179338728945,Residential,Analog,Irbid_South,0
C10064,2020-05-20,34.889380962720104,57.33407144408015,Residential,Analog,Irbid_West,0
C10086,2022-03-11,22.415034102649564,38.62255115397434,Residential,Analog,Center,0
C10017,2022-09-07,22.083474111815523,38.125211167723286,Residential,Analog,Irbid_West,0
C10010,2019-05-26,112.65019592418966,173.97529388628448,Commercial,Analog,Irbid_East,0
C10082,2018-03-02,12.3822562834937,23.573384425240548,Residential,Analog,Irbid_East,1
C10058,2022-03-11,235.08742888297925,357.6311433244689,Industrial,Analog,Irbid_West,0
C10021,2018-07-30,18.955900695907342,33.43385104386101,Residential,Analog,Center,0
C10049,2022-01-10,19.373395853744164,34.06009378061624,Residential,Analog,Irbid_South,0
C10087,2020-03-21,13.050709791675644,24.576064687513465,Residential,Analog,Center,1
C10026,2018-10-28,13.732953174808735,25.599429762213102,Residential,Analog,Irbid_East,0
C10097,2019-09-23,66.27360598004411,104.41040897006616,Commercial,Analog,Center,0
C10063,2021-08-13,25.63757217161175,43.45635825741763,Residential,Smart,Center,0
C10083,2019-08-24,240.9088864083268,366.3633296124902,Industrial,Digital,Irbid_North,0
C10069,2021-06-14,11.914825671619239,22.872238507428857,Residential,Analog,Irbid_South,0
C10005,2020-02-20,18.97048480284522,33.45572720426783,Residential,Digital,Irbid_West,0
C10046,2021-10-12,24.1066244790557,41.15993671858355,Residential,Digital,Irbid_West,0
C10086,2022-01-10,20.683859939146178,36.02578990871927,Residential,Analog,Center,0
C10036,2018-11-27,15.830986843362897,28.746480265044347,Residential,Analog,Center,1
C10084,2018-10-28,31.964679444794402,52.947019167191606,Residential,Analog,Irbid_North,0
C10032,2022-01-10,4.120746170064865,11.181119255097297,Commercial,Analog,Irbid_West,1
C10078,2018-04-01,53.14010486746469,84.71015730119704,Commercial,Analog,Center,0
C10070,2021-06-14,16.05598222798242,29.08397334197363,Residential,Analog,Irbid_North,0
C10068,2019-02-25,17.36656143000933,31.049842145013997,Residential,Analog,Irbid_South,0
C10088,2018-11-27,29.222715116199733,48.8340726742996,Residential,Analog,Irbid_South,0
C10061,2021-10-12,26.778996042335365,45.16849406350305,Residential,Analog,Irbid_South,0
C10068,2021-10-12,30.64957401361389,50.97436102042084,Residential,Analog,Irbid_South,0
C10055,2021-10-12,222.47269256883408,38.370903885325106,Residential,Analog,Irbid_West,0
C10030,2021-08-13,36.47220942725448,59.70831414088171,Residential,Analog,Irbid_East,0
C10021,2021-01-15,9.326822524409673,18.99023378661451,Residential,Analog,Center,0
C10086,2020-04-20,25.058550046254393,42.58782506938159,Residential,Analog,Center,0
C10052,2018-06-30,25.399151651398665,43.098727477097995,Residential,Analog,Irbid_South,0
C10066,2022-02-09,34.7276325511202,57.091448826680306,Commercial,Analog,Irbid_East,0
C10085,2018-05-01,33.076002678664516,54.61400401799678,Residential,Analog,Irbid_North,0
C10100,2021-07-14,,67.77679595096761,Residential,Analog,Center,0
C10037,2020-02-20,13.454302920837192,25.181454381255787,Residential,Analog,Irbid_South,0
C10091,2020-02-20,8.696058895780311,18.044088343670467,Residential,Smart,Irbid_South,0
C10016,2018-08-29,40.72510739358832,66.08766109038248,Residential,Digital,Irbid_North,0
C10064,2018-01-01,196.05282788835197,34.407924183252796,Residential,Analog,Irbid_West,0
C10022,2021-07-14,20.094215655826638,35.14132348373995,Residential,Analog,Irbid_North,0
C10095,2019-06-25,47.71263409412181,76.56895114118271,Residential,Analog,Irbid_West,1
C10028,2018-07-30,43.85595719728106,70.7839357959216,Residential,Analog,Irbid_South,0
C10026,2019-10-23,13.719813575349832,25.579720363024748,Residential,Analog,Irbid_East,0
C10014,2022-07-09,2.059337883053076,8.089006824579615,Residential,Digital,Center,1
C10006,2022-10-07,94.94621130013843,147.41931695020764,Commercial,Digital,Irbid_South,0
C10003,2019-06-25,26.48247572564258,44.723713588463866,Residential,Analog,Irbid_West,0
C10005,2022-11-06,25.930212604380618,43.89531890657093,Residential,Digital,Irbid_West,0
C10026,2022-08-08,17.254791328010498,30.882186992015747,Residential,Analog,Irbid_East,0
C10017,2021-07-14,21.08156711603748,36.62235067405622,Residential,Analog,Irbid_West,0
C10007,2019-10-23,25.689625142421832,43.53443771363275,Residential,Analog,Irbid_East,0
C10084,2021-02-14,17.29253657191685,30.938804857875272,Residential,Analog,Irbid_North,0
C10013,2021-05-15,33.015172153556186,54.522758230334276,Residential,Digital,Irbid_South,0
C10062,2020-01-21,30.544055575725153,50.81608336358773,Commercial,Analog,Irbid_West,0
C10066,2021-01-15,38.571137248719396,62.85670587307909,Commercial,Analog,Irbid_East,0
C10054,2018-09-28,15.594919503630033,28.39237925544505,Residential,Digital,Center,0
C10082,2021-02-14,4.050934616772135,11.076401925158203,Residential,Analog,Irbid_East,1
C10083,2019-02-25,152.8791214726698,234.3186822090047,Industrial,Digital,Irbid_North,0
C10024,2019-10-23,36.129832852361595,59.19474927854239,Residential,Analog,Irbid_North,0
C10056,2022-10-07,18.82715774456149,33.240736616842234,Residential,Analog,Irbid_North,0
C10087,2021-02-14,0.0,5.0,Residential,Analog,Center,1
C10033,2018-12-27,72.05029339944032,113.07544009916049,Commercial,Smart,Center,0
C10055,2021-03-16,22.654269733949203,38.9814046009238,Residential,Analog,Irbid_West,0
C10073,2018-01-01,25.241887621175046,42.86283143176257,Residential,Digital,Irbid_South,0
C10081,2019-12-22,21.98786094104523,37.98179141156785,Residential,Digital,Irbid_North,0
C10095,2018-06-30,41.16524943425567,66.74787415138351,Residential,Analog,Irbid_West,1
C10049,2018-07-30,49.082700538315,78.6240508074725,Residential,Analog,Irbid_South,0
C10071,2019-08-24,62.52804607056079,98.7920691058412,Commercial,Analog,Irbid_East,0
C10061,2019-08-24,33.001201376586124,54.501802064879186,Residential,Analog,Irbid_South,0
C10001,2022-10-07,31.368883531175197,52.05332529676279,Residential,Analog,Center,0
C10002,2019-04-26,59.05600094718046,93.58400142077069,Commercial,Analog,Irbid_South,0
C10014,2019-04-26,13.920267266235872,25.88040089935381,Residential,Digital,Center,1
C10041,2019-04-26,57.27041482404931,90.90562223607397,Commercial,Analog,Irbid_North,0
C10051,2021-11-11,,32.31728747169677,Residential,Digital,Irbid_South,0
C10085,2021-07-14,35.39382937841514,58.09074406762271,Residential,Analog,Irbid_North,0
C10014,2018-05-31,22.984836305145258,39.47725445771789,Residential,Digital,Center,1
C10067,2020-04-20,17.973198789153024,31.959798183729536,Residential,Analog,Center,0
C10051,2021-09-12,26.132216530642957,44.19832479596444,Residential,Digital,Irbid_South,0
C10037,2022-09-07,21.257643147493766,36.88646472124065,Residential,Analog,Irbid_South,0
C10048,2019-11-22,28.946416582357905,48.41962487353686,Residential,Digital,Irbid_West,0
C10052,2021-09-12,21.664457251855566,37.49668587778335,Residential,Analog,Irbid_South,0
C10060,2021-04-15,55.42292542742573,88.1343881411386,Commercial,Analog,Irbid_East,0
C10097,2018-06-30,67.76450116221218,106.64675174331828,Commercial,Analog,Center,0
C10058,2018-05-01,334.59150686915405,506.88726030373107,Industrial,Analog,Irbid_West,0
C10078,2022-06-09,75.5343551674616,118.3015327511924,Commercial,Analog,Center,0
C10016,2018-10-28,25.862681600455897,43.79402240068384,Residential,Digital,Irbid_North,0
C10037,2018-12-27,12.797888391426278,24.19683258713942,Residential,Analog,Irbid_South,0
C10086,2021-07-14,42.147783631622396,68.2216754474336,Residential,Analog,Center,0
C10039,2020-05-20,20.294273509546564,35.44141026431984,Residential,Digital,Irbid_South,0
C10095,2020-12-16,-23.024670226819907,5.0,Residential,Analog,Irbid_West,1
C10021,2022-09-07,16.92337592524096,30.385063887861442,Residential,Analog,Center,0
C10042,2020-11-16,10.630269341127471,20.945404011691206,Residential,Analog,Irbid_West,0
C10096,2021-06-14,30.08531270874922,50.12796906312383,Residential,Analog,Center,0
C10061,2021-12-11,20.277300572429954,35.41595085864493,Residential,Analog,Irbid_South,0
C10020,2021-02-14,7.70841335282695,16.562620029240424,Residential,Digital,Irbid_East,0
C10076,2022-10-07,26.758440830858255,45.13766124628738,Residential,Analog,Irbid_South,0
C10083,2020-05-20,225.80368721965286,343.7055308294793,Industrial,Digital,Irbid_North,0
C10008,2019-10-23,105.94987099505768,163.92480649258653,Commercial,Analog,Irbid_South,0
C10024,2019-07-25,41.123296897627704,66.68494534644155,Residential,Analog,Irbid_North,0
C10052,2021-04-15,22.013662607352664,38.02049391102899,Residential,Analog,Irbid_South,0
C10072,2022-08-08,34.803441356312725,57.20516203446908,Residential,Analog,Irbid_West,0
C10097,2019-06-25,52.27744794640349,83.41617191960523,Commercial,Analog,Center,0
C10018,2020-10-17,25.12396049987013,4.76852546728732,Residential,Digital,Irbid_West,1
C10054,2018-05-31,14.558512181084202,26.837768271626302,Residential,Digital,Center,0
C10096,2020-02-20,15.696138165046758,28.544207247570135,Residential,Analog,Center,0
C10052,2021-11-11,19.472128777344672,34.20819316601701,Residential,Analog,Irbid_South,0
C10024,2020-11-16,28.517195869293648,47.77579380394047,Residential,Analog,Irbid_North,0
C10040,2020-08-18,41.77353610575697,67.66030415863545,Residential,Analog,Irbid_West,0
C10072,2019-07-25,33.84522017744238,55.76783026616357,Residential,Analog,Irbid_West,0
C10051,2020-10-17,21.83095008722196,37.74642513083294,Residential,Digital,Irbid_South,0
C10048,2019-10-23,28.29245311592425,47.43867967388638,Residential,Digital,Irbid_West,0
C10063,2019-07-25,26.039966500816103,44.05994975122415,Residential,Smart,Center,0
C10071,2021-08-13,59.99790308836862,94.99685463255294,Commercial,Analog,Irbid_East,0
C10026,2018-03-02,8.428106327158716,17.642159490738074,Residential,Analog,Irbid_East,0
C10081,2019-07-25,52.9284316104174,84.3926474156261,Residential,Digital,Irbid_North,0
C10089,2022-04-10,10.914767431538937,21.372151147308408,Residential,Analog,Irbid_East,0
C10034,2020-07-19,278.709598473023,423.0643977095345,Industrial,Digital,Irbid_West,0
C10077,2020-06-19,28.061119304536415,47.09167895680462,Residential,Digital,Irbid_East,0
C10053,2018-12-27,24.045137180197685,41.06770577029653,Residential,Smart,Center,0
C10084,2019-09-23,36.56876171519656,59.85314257279484,Residential,Analog,Irbid_North,0
C10082,2020-01-21,9.44629356334533,19.169440345017996,Residential,Analog,Irbid_East,1
C10077,2019-04-26,,38.35232642101091,Residential,Digital,Irbid_East,0
C10059,2022-11-06,20.25117317028837,35.37675975543256,Residential,Analog,Center,0
C10001,2018-06-30,37.00829315994458,60.51243973991687,Residential,Analog,Center,0
C10042,2020-03-21,8.160915817292492,17.24137372593874,Residential,Analog,Irbid_West,0
C10012,2019-06-25,110.78143505385557,171.17215258078335,Commercial,Analog,Irbid_North,0
C10033,2019-11-22,78.50814196199198,122.76221294298797,Commercial,Smart,Center,0
C10064,2019-04-26,29.65169547205176,49.47754320807764,Residential,Analog,Irbid_West,0
C10093,2022-09-07,27.235676268173094,45.85351440225964,Residential,Analog,Irbid_East,0
C10057,2021-04-15,28.540116020511363,47.810174030767044,Residential,Analog,Center,0
C10078,2020-04-20,60.27032910069611,95.40549365104417,Commercial,Analog,Center,0
C10099,2022-06-09,63.72814437253144,100.59221655879716,Commercial,Analog,Irbid_South,0
C10044,2020-03-21,18.90823392388279,33.362350885824185,Residential,Digital,Center,0
C10090,2021-06-14,47.1841736621549,75.77626049323234,Residential,Digital,Irbid_West,0
C10093,2022-05-10,31.61426401602366,52.42139602403549,Residential,Analog,Irbid_East,0
C10018,2021-08-13,29.65918035296369,4.468299177241073,Residential,Digital,Irbid_West,1
C10086,2022-10-07,35.8038751667104,58.7058127500656,Residential,Analog,Center,0
C10038,2019-10-23,29.199863197140598,48.799794795710895,Residential,Digital,Center,0
C10025,2020-10-17,14.837555596970216,27.25633339545532,Residential,Digital,Center,0
C10096,2022-08-08,31.04064663651483,51.56096995477225,Residential,Analog,Center,0
C10032,2020-05-20,9.442555202177072,19.163832803265606,Commercial,Analog,Irbid_West,1
C10059,2022-01-10,24.921497548894518,42.382246323341775,Residential,Analog,Center,0
C10034,2021-05-15,204.9768894984622,312.4653342476933,Industrial,Digital,Irbid_West,0
C10080,2020-01-21,12.944046449842237,24.416069674763357,Residential,Digital,Irbid_East,0
C10091,2021-04-15,14.788559743107392,27.182839614661088,Residential,Smart,Irbid_South,0
C10045,2019-06-25,97.31710831571692,150.97566247357537,Commercial,Digital,Center,0
C10042,2018-07-30,13.753437867112265,25.630156800668395,Residential,Analog,Irbid_West,0
C10050,2021-09-12,22.347100540808544,38.52065081121282,Residential,Analog,Irbid_East,0
C10019,2022-02-09,16.230649282577957,29.345973923866936,Residential,Analog,Irbid_West,0
C10025,2019-09-23,17.971348409735857,31.957022614603787,Residential,Digital,Center,0
C10054,2021-02-14,9.364232234660436,19.046348351990655,Residential,Digital,Center,0
C10006,2021-01-15,60.96781909312155,96.45172863968233,Commercial,Digital,Irbid_South,0
C10057,2019-09-23,36.02990633969395,59.04485950954093,Residential,Analog,Center,0
C10056,2020-08-18,23.403764847345528,40.10564727101829,Residential,Analog,Irbid_North,0
C10004,2021-06-14,5.354528525614951,13.031792788422425,Residential,Analog,Center,1
C10094,2021-03-16,23.982326571234886,40.973489856852325,Residential,Digital,Irbid_South,0
C10001,2021-12-11,21.948458771307962,37.92268815696194,Residential,Analog,Center,0
C10010,2020-09-17,99.34750121349309,154.02125182023963,Commercial,Analog,Irbid_East,0
C10021,2020-12-16,8.983473997558564,18.475210996337847,Residential,Analog,Center,0
C10077,2021-11-11,16.60211522404104,29.903172836061557,Residential,Digital,Irbid_East,0
C10098,2022-08-08,69.06334292916435,108.59501439374652,Commercial,Analog,Irbid_South,0
C10091,2021-09-12,17.938095855414602,31.907143783121903,Residential,Smart,Irbid_South,0
C10039,2018-03-02,16.5731388289792,29.859708243468802,Residential,Digital,Irbid_South,0
C10069,2019-01-26,8.92381961601832,18.38572942402748,Residential,Analog,Irbid_South,0
C10005,2020-03-21,22.853092972395157,39.27963945859273,Residential,Digital,Irbid_West,0
C10019,2019-12-22,17.806408682795947,31.70961302419392,Residential,Analog,Irbid_West,0
C10039,2020-01-21,12.29072155517336,23.436082332760037,Residential,Digital,Irbid_South,0
C10080,2019-12-22,11.464924180337292,22.197386270505937,Residential,Digital,Irbid_East,0
C10033,2019-03-27,96.43449070639416,149.65173605959123,Commercial,Smart,Center,0
C10007,2020-02-20,25.854025281452355,43.781037922178534,Residential,Analog,Irbid_East,0
C10029,2019-09-23,72.88139902521985,114.32209853782977,Commercial,Analog,Irbid_South,1
C10028,2018-08-29,43.13183974475826,69.6977596171374,Residential,Analog,Irbid_South,0
C10055,2020-04-20,21.464233234031656,37.196349851047486,Residential,Analog,Irbid_West,0
C10046,2019-02-25,17.36526186026631,31.047892790399462,Residential,Digital,Irbid_West,0
C10062,2021-12-11,34.17706741648499,56.26560112472748,Commercial,Analog,Irbid_West,0
C10089,2019-06-25,16.027564892737484,29.041347339106224,Residential,Analog,Irbid_East,0
C10027,2018-04-01,35.886687453589495,58.83003118038424,Residential,Digital,Irbid_North,0
C10047,2018-01-01,12.315898847161748,23.47384827074262,Residential,Analog,Irbid_North,0
C10069,2022-01-10,7.2675750803326205,15.901362620498931,Residential,Analog,Irbid_South,0
C10004,2020-05-20,2.7815904811869863,9.17238572178048,Residential,Analog,Center,1
C10016,2018-09-28,34.59782131615235,56.89673197422852,Residential,Digital,Irbid_North,0
C10022,2020-05-20,16.787447776591446,30.181171664887167,Residential,Analog,Irbid_North,0
C10077,2019-01-26,16.523581724591047,29.78537258688657,Residential,Digital,Irbid_East,0
C10066,2020-11-16,47.46322654808266,76.19483982212398,Commercial,Analog,Irbid_East,0
C10031,2021-06-14,35.758050576380235,58.63707586457035,Residential,Analog,Irbid_West,0
C10042,2021-01-15,7.630971243899655,16.446456865849484,Residential,Analog,Irbid_West,0
C10083,2020-11-16,159.24491422427795,243.8673713364169,Industrial,Digital,Irbid_North,0
C10062,2022-07-09,58.04850243696454,92.0727536554468,Commercial,Analog,Irbid_West,0
C10016,2022-10-07,32.87975488330474,54.31963232495711,Residential,Digital,Irbid_North,0
C10030,2022-05-10,33.23552049924664,54.85328074886996,Residential,Analog,Irbid_East,0
C10035,2021-12-11,19.83793502715648,34.75690254073472,Residential,Digital,Irbid_West,0
C10046,2018-03-02,18.016981283099348,32.025471924649025,Residential,Digital,Irbid_West,0
C10006,2020-07-19,139.93328309438857,214.89992464158286,Commercial,Digital,Irbid_South,0
C10057,2021-11-11,28.522404149671395,47.783606224507096,Residential,Analog,Center,0
C10075,2021-03-16,10.498481278283288,20.747721917424933,Residential,Smart,Irbid_South,0
C10051,2022-05-10,24.3421856337316,41.5132784505974,Residential,Digital,Irbid_South,0
C10041,2022-11-06,39.96478224430161,64.94717336645242,Commercial,Analog,Irbid_North,0
C10030,2020-10-17,30.886989256658122,51.33048388498718,Residential,Analog,Irbid_East,0
C10071,2022-05-10,49.883887213972415,79.82583082095863,Commercial,Analog,Irbid_East,0
C10058,2019-05-26,319.9595637209201,484.9393455813801,Industrial,Analog,Irbid_West,0
C10064,2018-12-27,24.649026574484022,41.97353986172603,Residential,Analog,Irbid_West,0
C10059,2021-07-14,40.509149450201384,65.76372417530207,Residential,Analog,Center,0
C10082,2022-10-07,7.12178377465374,15.68267566198061,Residential,Analog,Irbid_East,1
C10098,2019-02-25,43.352197994444,70.028296991666,Commercial,Analog,Irbid_South,0
C10078,2018-08-29,73.03483171006495,114.55224756509742,Commercial,Analog,Center,0
C10065,2021-06-14,31.8911516670641,52.836727500596155,Residential,Digital,Center,0
C10029,2020-06-19,1.375106008285656,7.062659012428484,Commercial,Analog,Irbid_South,1
C10078,2018-05-31,63.49626528416185,100.24439792624278,Commercial,Analog,Center,0
C10042,2019-06-25,14.78725372172868,27.18088058259302,Residential,Analog,Irbid_West,0
C10023,2021-10-12,20.43576162385695,35.65364243578543,Residential,Digital,Irbid_West,0
C10003,2022-05-10,22.54573914025304,38.818608710379564,Residential,Analog,Irbid_West,0
C10015,2019-06-25,77.11424255279717,120.67136382919574,Commercial,Digital,Irbid_North,1
C10075,2019-11-22,10.656024130724894,20.98403619608734,Residential,Smart,Irbid_South,0
C10050,2019-05-26,26.260037430885415,44.39005614632812,Residential,Analog,Irbid_East,0
C10098,2020-02-20,43.722573461524675,70.583860192287,Commercial,Analog,Irbid_South,0
C10059,2018-11-27,24.35930459128373,41.5389568869256,Residential,Analog,Center,0
C10033,2020-08-18,137.60621048527298,211.40931572790947,Commercial,Smart,Center,0
C10098,2018-09-28,54.95505600482672,87.43258400724008,Commercial,Analog,Irbid_South,0
C10058,2018-06-30,374.5270206746738,566.7905310120107,Industrial,Analog,Irbid_West,0
C10034,2022-08-08,268.2513875830969,407.3770813746454,Industrial,Digital,Irbid_West,0
C10067,2018-01-01,,21.598880784415787,Residential,Analog,Center,0
C10075,2018-04-01,14.061494919033942,26.092242378550914,Residential,Smart,Irbid_South,0
C10001,2019-06-25,38.359521904775484,62.53928285716323,Residential,Analog,Center,0
C10001,2018-01-01,15.63737510074603,28.456062651119048,Residential,Analog,Center,0
C10037,2019-02-25,15.527364358502638,28.291046537753957,Residential,Analog,Irbid_South,0
C10023,2020-12-16,18.746216241314087,33.11932436197113,Residential,Digital,Irbid_West,0
C10076,2018-09-28,32.78855424476254,54.182831367143805,Residential,Analog,Irbid_South,0
C10055,2018-08-29,36.50692496464966,59.76038744697449,Residential,Analog,Irbid_West,0
C10048,2018-06-30,42.25533224651195,68.38299836976792,Residential,Digital,Irbid_West,0
C10072,2020-06-19,37.725860244321794,61.58879036648269,Residential,Analog,Irbid_West,0
C10007,2020-12-16,18.21902569758146,32.328538546372194,Residential,Analog,Irbid_East,0
C10100,2021-04-15,30.06823100091556,50.10234650137334,Residential,Analog,Center,0
C10057,2022-06-09,36.516178627158325,59.77426794073749,Residential,Analog,Center,0
C10031,2018-12-27,13.321767958850515,24.982651938275772,Residential,Analog,Irbid_West,0
C10062,2020-05-20,47.78500559357393,76.67750839036088,Commercial,Analog,Irbid_West,0
C10074,2018-11-27,48.00822239130863,77.01233358696294,Commercial,Analog,Irbid_North,0
C10014,2020-12-16,23.586300459883546,40.37945068982532,Residential,Digital,Center,1
C10027,2018-12-27,19.968197546291336,34.952296319437,Residential,Digital,Irbid_North,0
C10070,2022-04-10,12.714616897322042,24.07192534598306,Residential,Analog,Irbid_North,0
C10031,2018-01-01,18.14786788667421,32.221801830011316,Residential,Analog,Irbid_West,0
C10039,2018-01-01,11.815739830206937,22.723609745310405,Residential,Digital,Irbid_South,0
C10078,2020-01-21,35.72774342314694,58.59161513472041,Commercial,Analog,Center,0
C10080,2022-03-11,14.956835758498322,27.435253637747483,Residential,Digital,Irbid_East,0
C10092,2018-06-30,34.21629860970169,56.324447914552536,Residential,Analog,Irbid_North,0
C10087,2020-02-20,10.366696294170035,20.550044441255054,Residential,Analog,Center,1
C10080,2020-10-17,16.548472691419054,29.822709037128583,Residential,Digital,Irbid_East,0
C10088,2018-05-01,36.747934762512905,60.12190214376936,Residential,Analog,Irbid_South,0
C10066,2021-05-15,66.83975968846622,105.25963953269932,Commercial,Analog,Irbid_East,0
C10059,2021-12-11,27.299219435947126,45.94882915392069,Residential,Analog,Center,0
C10057,2019-11-22,21.319541225507447,36.97931183826117,Residential,Analog,Center,0
C10071,2020-11-16,35.804258730577395,58.70638809586609,Commercial,Analog,Irbid_East,0
C10073,2019-08-24,43.47849121093689,70.21773681640533,Residential,Digital,Irbid_South,0
C10010,2019-02-25,78.2290974248975,122.34364613734625,Commercial,Analog,Irbid_East,0
C10020,2019-07-25,18.45200279851818,32.67800419777727,Residential,Digital,Irbid_East,0
C10021,2019-01-26,,18.225213345827857,Residential,Analog,Center,0
C10054,2019-05-26,18.69145177760499,33.03717766640749,Residential,Digital,Center,0
C10023,2018-05-31,27.80062830410349,46.70094245615523,Residential,Digital,Irbid_West,0
C10060,2021-09-12,75.71941401792442,118.57912102688664,Commercial,Analog,Irbid_East,0
C10058,2018-03-02,285.47825449872846,433.2173817480927,Industrial,Analog,Irbid_West,0
C10012,2021-04-15,92.05892534637239,143.08838801955858,Commercial,Analog,Irbid_North,0
C10046,2018-01-01,14.702995387843899,27.054493081765848,Residential,Digital,Irbid_West,0
C10073,2019-03-27,28.030863268492023,47.04629490273803,Residential,Digital,Irbid_South,0
C10031,2021-11-11,19.553767931875402,34.330651897813105,Residential,Analog,Irbid_West,0
C10075,2018-09-28,14.971830192385232,27.457745288577847,Residential,Smart,Irbid_South,0
C10066,2021-08-13,83.45029183962697,130.17543775944046,Commercial,Analog,Irbid_East,0
C10025,2019-03-27,10.843073026526387,21.264609539789582,Residential,Digital,Center,0
C10085,2020-06-19,37.36565757574764,61.048486363621464,Residential,Analog,Irbid_North,0
C10051,2018-12-27,19.611788624973727,34.41768293746059,Residential,Digital,Irbid_South,0
C10091,2020-09-17,18.03999066907797,32.059986003616956,Residential,Smart,Irbid_South,0
C10015,2020-02-20,39.07509937240536,63.61264905860804,Commercial,Digital,Irbid_North,1
C10078,2018-10-28,54.9677076132014,87.45156141980209,Commercial,Analog,Center,0
C10028,2019-12-22,20.129238874205093,35.193858311307636,Residential,Analog,Irbid_South,0
C10036,2021-04-15,37.24772109357002,60.87158164035503,Residential,Analog,Center,1
C10069,2018-04-01,12.326184100541614,23.489276150812422,Residential,Analog,Irbid_South,0
C10059,2021-04-15,38.98321840805361,63.47482761208042,Residential,Analog,Center,0
C10025,2022-02-09,9.454161130646026,19.18124169596904,Residential,Digital,Center,0
C10064,2020-03-21,20.724461114935977,36.086691672403965,Residential,Analog,Irbid_West,0
C10013,2018-09-28,34.799418311549026,57.199127467323535,Residential,Digital,Irbid_South,0
C10066,2020-02-20,36.40238909887666,59.603583648314995,Commercial,Analog,Irbid_East,0
C10060,2020-11-16,50.18979705965338,80.28469558948007,Commercial,Analog,Irbid_East,0
C10044,2021-04-15,20.55915075330728,35.83872612996092,Residential,Digital,Center,0
C10033,2019-04-26,87.00004664551673,135.5000699682751,Commercial,Smart,Center,0
C10054,2020-07-19,16.723975706983136,30.085963560474703,Residential,Digital,Center,0
C10019,2020-06-19,31.28210831645964,51.92316247468946,Residential,Analog,Irbid_West,0
C10083,2018-01-31,125.13358206660716,192.70037309991073,Industrial,Digital,Irbid_North,0
C10091,2019-04-26,14.016795002437243,26.025192503655866,Residential,Smart,Irbid_South,0
C10040,2022-06-09,45.164566917283786,72.74685037592567,Residential,Analog,Irbid_West,0
C10020,2021-09-12,14.586907638266272,26.88036145739941,Residential,Digital,Irbid_East,0
C10034,2020-03-21,97.8394807772211,151.75922116583166,Industrial,Digital,Irbid_West,0
C10004,2019-01-26,14.87571551181928,27.31357326772892,Residential,Analog,Center,1
C10026,2019-03-27,10.633400004964438,20.950100007446657,Residential,Analog,Irbid_East,0
C10010,2021-02-14,64.4075582470263,101.61133737053945,Commercial,Analog,Irbid_East,0
C10036,2019-11-22,8.27090787774709,17.406361816620635,Residential,Analog,Center,1
C10024,2022-01-10,26.8910842921737,45.33662643826055,Residential,Analog,Irbid_North,0
C10013,2022-03-11,22.882743119466053,39.32411467919908,Residential,Digital,Irbid_South,0
C10061,2022-07-09,29.866161988682247,49.79924298302337,Residential,Analog,Irbid_South,0
C10040,2022-07-09,46.639644702839206,74.95946705425881,Residential,Analog,Irbid_West,0
C10003,2021-10-12,19.10610386862745,33.65915580294117,Residential,Analog,Irbid_West,0
C10031,2021-10-12,26.125111451795387,44.18766717769308,Residential,Analog,Irbid_West,0
C10003,2018-11-27,18.287163160246934,32.4307447403704,Residential,Analog,Irbid_West,0
C10003,2022-10-07,26.012838494904727,44.01925774235709,Residential,Analog,Irbid_West,0
C10091,2018-11-27,10.568969363093819,20.853454044640728,Residential,Smart,Irbid_South,0
C10024,2021-05-15,46.039643568827174,74.05946535324077,Residential,Analog,Irbid_North,0
C10085,2020-10-17,30.87972281641242,51.31958422461863,Residential,Analog,Irbid_North,0
C10044,2018-01-01,14.894894840231363,27.342342260347046,Residential,Digital,Center,0
C10083,2018-05-31,238.00075490056557,362.00113235084837,Industrial,Digital,Irbid_North,0
C10058,2018-08-29,366.69397484302806,555.040962264542,Industrial,Analog,Irbid_West,0
C10045,2018-12-27,59.09399828750061,93.64099743125092,Commercial,Digital,Center,0
C10064,2019-01-26,13.88869460185299,25.833041902779485,Residential,Analog,Irbid_West,0
C10035,2020-09-17,28.175333723894934,47.2630005858424,Residential,Digital,Irbid_West,0
C10011,2022-10-07,8.516490175582515,17.77473526337377,Residential,Digital,Irbid_South,0
C10032,2020-12-16,3.178123264786414,9.767184897179622,Commercial,Analog,Irbid_West,1
C10075,2019-02-25,8.5634509611689,17.845176441753352,Residential,Smart,Irbid_South,0
C10044,2020-02-20,13.571341845412354,25.35701276811853,Residential,Digital,Center,0
C10038,2018-01-31,21.4161073112404,37.1241609668606,Residential,Digital,Center,0
C10096,2020-12-16,16.053766361584728,29.080649542377092,Residential,Analog,Center,0
C10040,2021-03-16,24.90294043011245,42.35441064516868,Residential,Analog,Irbid_West,0
C10025,2018-07-30,17.885538036788358,31.828307055182535,Residential,Digital,Center,0
C10006,2021-06-14,136.13696709390757,209.20545064086136,Commercial,Digital,Irbid_South,0
C10062,2019-08-24,48.05800534975888,77.08700802463832,Commercial,Analog,Irbid_West,0
C10043,2018-07-30,16.934328103656885,30.40149215548533,Residential,Analog,Irbid_West,0
C10013,2018-07-30,41.12517718868797,66.68776578303195,Residential,Digital,Irbid_South,0
C10080,2020-04-20,17.103798837612896,30.655698256419342,Residential,Digital,Irbid_East,0
C10017,2019-04-26,15.155943260121004,27.733914890181506,Residential,Analog,Irbid_West,0
C10050,2018-05-01,28.480671447254043,47.721007170881066,Residential,Analog,Irbid_East,0
C10080,2019-03-27,11.650708979451853,22.47606346917778,Residential,Digital,Irbid_East,0
C10033,2018-08-29,129.14132407016888,198.71198610525332,Commercial,Smart,Center,0
C10094,2020-12-16,29.0847479663637,48.627121949545554,Residential,Digital,Irbid_South,0
C10098,2018-01-01,33.57560239293097,55.363403589396455,Commercial,Analog,Irbid_South,0
C10022,2021-03-16,11.971260938518956,22.956891407778436,Residential,Analog,Irbid_North,0
C10071,2019-03-27,43.49610159250348,70.24415238875523,Commercial,Analog,Irbid_East,0
C10093,2021-09-12,29.257148224853054,48.88572233727958,Residential,Analog,Irbid_East,0
C10012,2018-01-01,68.82152312870542,108.23228469305813,Commercial,Analog,Irbid_North,0
C10030,2022-02-09,17.480579398564878,31.220869097847316,Residential,Analog,Irbid_East,0
C10058,2021-08-13,413.6237628542232,625.4356442813348,Industrial,Analog,Irbid_West,0
C10075,2021-06-14,16.06529259886504,29.097938898297556,Residential,Smart,Irbid_South,0
C10009,2019-01-26,18.277374612892583,32.41606191933887,Residential,Analog,Irbid_East,0
C10083,2022-11-06,147.04894768406058,225.57342152609087,Industrial,Digital,Irbid_North,0
C10071,2022-06-09,50.337625350838124,80.50643802625719,Commercial,Analog,Irbid_East,0
C10090,2022-01-10,22.641506641235626,38.96225996185344,Residential,Digital,Irbid_West,0
C10066,2018-07-30,91.90317893603891,142.85476840405838,Commercial,Analog,Irbid_East,0
C10093,2022-11-06,24.382002736406076,41.57300410460911,Residential,Analog,Irbid_East,0
C10086,2020-06-19,34.88746710392341,57.33120065588512,Residential,Analog,Center,0
C10019,2018-05-31,32.908987683141994,54.363481524712995,Residential,Analog,Irbid_West,0
C10096,2019-08-24,34.39108653275469,56.58662979913204,Residential,Analog,Center,0
C10012,2020-10-17,111.27866794394023,171.91800191591034,Commercial,Analog,Irbid_North,0
C10022,2019-06-25,18.80610076622184,33.209151149332754,Residential,Analog,Irbid_North,0
C10072,2018-11-27,17.02769038144333,30.541535572164992,Residential,Analog,Irbid_West,0
C10028,2018-01-31,26.762466014904454,45.143699022356685,Residential,Analog,Irbid_South,0
C10043,2021-05-15,13.956151059378424,25.934226589067634,Residential,Analog,Irbid_West,0
C10071,2020-06-19,58.42291420083292,92.63437130124939,Commercial,Analog,Irbid_East,0
C10069,2018-12-27,7.92924641606233,16.893869624093497,Residential,Analog,Irbid_South,0
C10002,2018-07-30,84.85981210555147,132.28971815832722,Commercial,Analog,Irbid_South,0
C10063,2018-11-27,20.404263413401875,35.60639512010281,Residential,Smart,Center,0
C10052,2019-03-27,22.658750113026557,38.988125169539835,Residential,Analog,Irbid_South,0
C10038,2022-01-10,28.226765381691187,47.34014807253678,Residential,Digital,Center,0
C10072,2018-01-01,15.47211993088164,28.20817989632246,Residential,Analog,Irbid_West,0
C10080,2020-07-19,27.565342326922885,46.348013490384325,Residential,Digital,Irbid_East,0
C10014,2021-04-15,12.847762600097472,24.27164390014621,Residential,Digital,Center,1
C10021,2020-02-20,9.706920450642109,19.560380675963163,Residential,Analog,Center,0
C10028,2022-09-07,41.86606328808821,67.79909493213232,Residential,Analog,Irbid_South,0
C10085,2019-10-23,33.0815309645441,54.62229644681615,Residential,Analog,Irbid_North,0
C10048,2021-11-11,25.822203052259383,43.733304578389074,Residential,Digital,Irbid_West,0
C10074,2021-02-14,41.423090363551346,67.13463554532701,Commercial,Analog,Irbid_North,0
C10040,2020-03-21,21.42681000966835,37.14021501450253,Residential,Analog,Irbid_West,0
C10052,2021-06-14,30.766384086550453,51.149576129825675,Residential,Analog,Irbid_South,0
C10075,2018-10-28,13.357252845316026,25.03587926797404,Residential,Smart,Irbid_South,0
C10042,2022-04-10,11.130474581945569,21.695711872918352,Residential,Analog,Irbid_West,0
C10046,2019-11-22,18.13021795440988,32.195326931614815,Residential,Digital,Irbid_West,0
C10090,2022-11-06,36.047306129085136,59.0709591936277,Residential,Digital,Irbid_West,0
C10086,2022-07-09,41.688509946284796,67.5327649194272,Residential,Analog,Center,0
C10075,2021-02-14,9.722329376796301,19.58349406519445,Residential,Smart,Irbid_South,0
C10020,2018-04-01,12.903122886342825,24.354684329514235,Residential,Digital,Irbid_East,0
C10007,2021-01-15,21.805983683759884,37.70897552563983,Residential,Analog,Irbid_East,0
C10014,2018-06-30,23.52318290210444,40.28477435315666,Residential,Digital,Center,1
C10087,2020-06-19,21.3736581682629,37.06048725239435,Residential,Analog,Center,1
C10079,2021-08-13,327.9541531691401,54.19312297537101,Residential,Digital,Irbid_North,0
C10024,2019-06-25,40.14146400912807,65.21219601369211,Residential,Analog,Irbid_North,0
C10028,2021-03-16,26.174983565196133,44.2624753477942,Residential,Analog,Irbid_South,0
C10057,2021-08-13,35.23354182874332,57.85031274311498,Residential,Analog,Center,0
C10038,2018-01-01,23.313276247411622,39.96991437111743,Residential,Digital,Center,0
C10017,2019-07-25,22.064166793677078,38.09625019051562,Residential,Analog,Irbid_West,0
C10039,2022-03-11,14.974918677118222,27.46237801567733,Residential,Digital,Irbid_South,0
C10022,2021-02-14,10.680617907297862,21.020926860946794,Residential,Analog,Irbid_North,0
C10056,2019-11-22,17.470193360931553,31.20529004139733,Residential,Analog,Irbid_North,0
C10065,2020-06-19,30.10680214272283,50.16020321408425,Residential,Digital,Center,0
C10002,2019-10-23,58.22085799748962,92.33128699623443,Commercial,Analog,Irbid_South,0
C10053,2021-08-13,39.68023226126033,64.5203483918905,Residential,Smart,Center,0
C10060,2019-05-26,75.1305208858677,117.69578132880154,Commercial,Analog,Irbid_East,0
C10079,2022-06-09,40.766609239933686,66.14991385990052,Residential,Digital,Irbid_North,0
C10067,2022-05-10,19.330505073282943,33.99575760992441,Residential,Analog,Center,0
C10080,2020-03-21,14.198185396417822,26.297278094626733,Residential,Digital,Irbid_East,0
C10056,2019-10-23,19.11058000192819,33.66587000289229,Residential,Analog,Irbid_North,0
C10049,2019-11-22,27.004099324114147,45.50614898617122,Residential,Analog,Irbid_South,0
C10008,2018-04-01,108.67110031083757,168.00665046625636,Commercial,Analog,Irbid_South,0
C10088,2019-10-23,30.959750696767337,51.439626045151,Residential,Analog,Irbid_South,0
C10032,2021-08-13,0.7950926322311092,6.192638948346664,Commercial,Analog,Irbid_West,1
C10092,2020-11-16,25.067463492880158,42.601195239320234,Residential,Analog,Irbid_North,0
C10026,2020-06-19,18.537434748004223,32.80615212200634,Residential,Analog,Irbid_East,0
C10072,2020-09-17,31.836801438356947,52.75520215753542,Residential,Analog,Irbid_West,0
C10027,2018-05-31,35.73743492783579,58.60615239175369,Residential,Digital,Irbid_North,0
C10075,2021-04-15,13.519721019942512,25.27958152991377,Residential,Smart,Irbid_South,0
C10046,2022-01-10,14.442636467058795,26.663954700588192,Residential,Digital,Irbid_West,0
C10014,2022-11-06,11.840068796908843,22.760103195363264,Residential,Digital,Center,1
C10009,2019-08-24,38.340459029319966,62.51068854397995,Residential,Analog,Irbid_East,0
C10087,2020-05-20,19.675528931685093,34.51329339752764,Residential,Analog,Center,1
C10003,2019-09-23,19.669207660910615,34.50381149136592,Residential,Analog,Irbid_West,0
C10084,2019-08-24,41.63408305921822,67.45112458882733,Residential,Analog,Irbid_North,0
C10044,2020-01-21,12.040663093320319,23.06099463998048,Residential,Digital,Center,0
C10099,2018-07-30,56.77608684782659,90.16413027173988,Commercial,Analog,Irbid_South,0
C10023,2022-09-07,33.29493744329266,54.94240616493899,Residential,Digital,Irbid_West,0
C10079,2020-03-21,25.581017606746062,43.371526410119095,Residential,Digital,Irbid_North,0
C10100,2018-05-01,,68.55992905717683,Residential,Analog,Center,0
C10038,2021-10-12,26.464650761511876,44.696976142267815,Residential,Digital,Center,0
C10100,2018-09-28,41.14879834583408,66.72319751875112,Residential,Analog,Center,0
C10019,2022-10-07,28.22860099525081,47.342901492876216,Residential,Analog,Irbid_West,0
C10038,2021-01-15,17.252033854108657,30.878050781162983,Residential,Digital,Center,0
C10092,2021-07-14,36.14212413775136,59.21318620662704,Residential,Analog,Irbid_North,0
C10030,2021-11-11,24.41818546604237,41.627278199063554,Residential,Analog,Irbid_East,0
C10062,2022-03-11,34.22480667637371,56.33721001456057,Commercial,Analog,Irbid_West,0
C10010,2018-10-28,89.63158247510361,139.4473737126554,Commercial,Analog,Irbid_East,0
C10008,2021-03-16,,95.60375437232796,Commercial,Analog,Irbid_South,0
C10034,2021-03-16,151.0640510797575,231.59607661963622,Industrial,Digital,Irbid_West,0
C10016,2021-12-11,17.67425737132289,31.511386056984335,Residential,Digital,Irbid_North,0
C10066,2018-08-29,67.8918851854048,106.8378277781072,Commercial,Analog,Irbid_East,0
C10054,2018-07-30,17.43918657927143,31.158779868907143,Residential,Digital,Center,0
C10009,2022-04-10,30.000504257134597,50.0007563857019,Residential,Analog,Irbid_East,0
C10074,2019-12-22,46.78007712561757,75.17011568842635,Commercial,Analog,Irbid_North,0
C10031,2020-05-20,28.882967303608602,48.3244509554129,Residential,Analog,Irbid_West,0
C10070,2018-11-27,11.635725701790289,22.45358855268543,Residential,Analog,Irbid_North,0
C10090,2018-06-30,42.378971399909574,68.56845709986436,Residential,Digital,Irbid_West,0
C10087,2021-08-13,0.0,5.0,Residential,Analog,Center,1
C10059,2018-04-01,32.77412747513027,54.16119121269541,Residential,Analog,Center,0
C10027,2021-06-14,,54.994944238243846,Residential,Digital,Irbid_North,0
C10038,2019-06-25,39.373551679545095,64.06032751931764,Residential,Digital,Center,0
C10011,2021-03-16,8.283353466489745,17.425030199734618,Residential,Digital,Irbid_South,0
C10098,2020-09-17,70.36923107182213,110.55384660773319,Commercial,Analog,Irbid_South,0
C10017,2018-07-30,17.426905050412934,31.1403575756194,Residential,Analog,Irbid_West,0
C10086,2019-05-26,38.16048842255654,62.24073263383481,Residential,Analog,Center,0
C10097,2018-01-31,38.83930677191996,63.25896015787994,Commercial,Analog,Center,0
C10029,2018-04-01,56.12559461522999,89.18839192284499,Commercial,Analog,Irbid_South,1
C10038,2020-04-20,32.153476004116186,53.23021400617428,Residential,Digital,Center,0
C10070,2020-04-20,11.640702745596,22.461054118394,Residential,Analog,Irbid_North,0
C10091,2019-03-27,10.738745596027012,21.108118394040517,Residential,Smart,Irbid_South,0
C10057,2020-08-18,38.35717603565904,62.535764053488556,Residential,Analog,Center,0
C10003,2020-11-16,17.86835056000023,31.802525840000346,Residential,Analog,Irbid_West,0
C10039,2019-03-27,18.01134508009231,32.01701762013846,Residential,Digital,Irbid_South,0
C10060,2022-11-06,52.78632404909829,84.17948607364744,Commercial,Analog,Irbid_East,0
C10069,2019-09-23,12.74437599766162,24.11656399649243,Residential,Analog,Irbid_South,0
C10019,2018-09-28,31.86900228901734,52.80350343352601,Residential,Analog,Irbid_West,0
C10074,2018-05-31,63.24062138768968,99.86093208153451,Commercial,Analog,Irbid_North,0
C10039,2021-03-16,14.282793535300536,26.424190302950805,Residential,Digital,Irbid_South,0
C10050,2018-01-01,13.758735191892114,25.63810278783817,Residential,Analog,Irbid_East,0
C10087,2020-10-17,0.0,5.0,Residential,Analog,Center,1
C10005,2021-12-11,22.982258667003077,39.47338800050461,Residential,Digital,Irbid_West,0
C10016,2020-06-19,37.74842680744638,61.62264021116957,Residential,Digital,Irbid_North,0
C10049,2020-05-20,43.98612173685283,70.97918260527925,Residential,Analog,Irbid_South,0
C10062,2018-01-31,30.276383986296732,50.4145759794451,Commercial,Analog,Irbid_West,0
C10079,2019-10-23,30.797484511799368,51.19622676769905,Residential,Digital,Irbid_North,0
C10049,2018-05-01,36.45083469554505,59.676252043317575,Residential,Analog,Irbid_South,0
C10099,2020-02-20,21.491304219002828,37.23695632850424,Commercial,Analog,Irbid_South,0
C10055,2022-01-10,15.221868570212125,27.83280285531819,Residential,Analog,Irbid_West,0
C10092,2021-04-15,26.84787282905977,45.27180924358966,Residential,Analog,Irbid_North,0
C10051,2018-01-01,18.653475098657715,32.980212647986576,Residential,Digital,Irbid_South,0
C10078,2020-07-19,75.31963894370755,117.97945841556131,Commercial,Analog,Center,0
C10061,2021-11-11,27.370132792286245,46.05519918842937,Residential,Analog,Irbid_South,0
C10100,2020-12-16,23.328537223295033,39.99280583494255,Residential,Analog,Center,0
C10016,2021-06-14,42.524895156393626,68.78734273459044,Residential,Digital,Irbid_North,0
C10040,2019-02-25,,39.76163668295479,Residential,Analog,Irbid_West,0
C10081,2018-11-27,24.654858381801112,41.982287572701665,Residential,Digital,Irbid_North,0
C10094,2022-03-11,24.66306155912715,41.99459233869072,Residential,Digital,Irbid_South,0
C10095,2018-10-28,34.14941848344202,56.22412772516303,Residential,Analog,Irbid_West,1
C10029,2019-06-25,89.06886404722844,138.60329607084267,Commercial,Analog,Irbid_South,1
C10096,2018-05-01,30.433699474336507,50.65054921150476,Residential,Analog,Center,0
C10070,2021-04-15,10.817242152144573,21.22586322821686,Residential,Analog,Irbid_North,0
C10088,2022-02-09,25.45271804629243,43.17907706943864,Residential,Analog,Irbid_South,0
C10068,2021-04-15,28.86843543103892,48.302653146558384,Residential,Analog,Irbid_South,0
C10072,2018-09-28,26.58716614364061,44.88074921546091,Residential,Analog,Irbid_West,0
C10017,2020-01-21,10.519010982402161,20.77851647360324,Residential,Analog,Irbid_West,0
C10089,2021-08-13,12.901705638529757,24.352558457794636,Residential,Analog,Irbid_East,0
C10080,2020-06-19,23.338309139420453,40.007463709130676,Residential,Digital,Irbid_East,0
C10080,2018-07-30,23.11046623485322,39.66569935227983,Residential,Digital,Irbid_East,0
C10097,2020-01-21,35.10015874828016,57.650238122420234,Commercial,Analog,Center,0
C10017,2019-09-23,16.61614245163098,29.924213677446474,Residential,Analog,Irbid_West,0
C10061,2018-05-01,30.815092691289127,51.22263903693369,Residential,Analog,Irbid_South,0
C10056,2020-10-17,21.8196421243235,37.72946318648525,Residential,Analog,Irbid_North,0
C10092,2022-06-09,37.909855109051655,61.864782663577486,Residential,Analog,Irbid_North,0
C10086,2021-12-11,19.71781935683488,34.57672903525232,Residential,Analog,Center,0
C10073,2019-06-25,37.34233653736866,61.01350480605299,Residential,Digital,Irbid_South,0
C10060,2020-09-17,78.2808107208549,122.42121608128235,Commercial,Analog,Irbid_East,0
C10025,2020-09-17,175.9526691072993,31.392900366094892,Residential,Digital,Center,0
C10077,2020-12-16,11.563838442232798,22.345757663349197,Residential,Digital,Irbid_East,0
C10058,2018-09-28,298.1907746896019,452.2861620344028,Industrial,Analog,Irbid_West,0
C10090,2022-03-11,32.65984105476431,53.98976158214646,Residential,Digital,Irbid_West,0
C10025,2019-05-26,16.135982732048472,29.203974098072706,Residential,Digital,Center,0
C10024,2019-03-27,26.720964267502204,45.0814464012533,Residential,Analog,Irbid_North,0
C10005,2019-12-22,20.497240645392385,35.74586096808858,Residential,Digital,Irbid_West,0
C10046,2021-12-11,15.05954266832615,27.589314002489225,Residential,Digital,Irbid_West,0
C10058,2021-11-11,220.93287542707282,336.39931314060925,Industrial,Analog,Irbid_West,0
C10045,2022-04-10,71.42241747178548,112.13362620767822,Commercial,Digital,Center,0
C10060,2020-06-19,89.4283347941407,139.14250219121104,Commercial,Analog,Irbid_East,0
C10016,2020-05-20,35.86210104124659,58.793151561869884,Residential,Digital,Irbid_North,0
C10072,2018-03-02,13.907204972651012,25.860807458976517,Residential,Analog,Irbid_West,0
C10098,2022-03-11,47.770184503475264,76.6552767552129,Commercial,Analog,Irbid_South,0
C10041,2018-01-01,35.092538304017765,57.63880745602665,Commercial,Analog,Irbid_North,0
C10037,2019-06-25,,45.32466199122036,Residential,Analog,Irbid_South,0
C10065,2021-10-12,23.135934089722063,39.70390113458309,Residential,Digital,Center,0
C10005,2018-06-30,33.19708724608397,54.79563086912595,Residential,Digital,Irbid_West,0
C10027,2020-10-17,26.343594509325712,44.51539176398857,Residential,Digital,Irbid_North,0
C10030,2019-06-25,40.355001763280995,65.5325026449215,Residential,Analog,Irbid_East,0
C10099,2019-06-25,53.09886583430105,84.64829875145158,Commercial,Analog,Irbid_South,0
C10068,2021-03-16,25.34936614361589,43.02404921542383,Residential,Analog,Irbid_South,0
C10016,2019-11-22,23.01344120049279,39.52016180073918,Residential,Digital,Irbid_North,0
C10057,2020-11-16,20.103765101777896,35.15564765266684,Residential,Analog,Center,0
C10005,2020-04-20,24.24784287343852,41.37176431015778,Residential,Digital,Irbid_West,0
C10012,2018-09-28,109.1556022056604,168.7334033084906,Commercial,Analog,Irbid_North,0
C10066,2022-08-08,74.43452336812054,116.6517850521808,Commercial,Analog,Irbid_East,0
C10032,2022-02-09,4.587710139017892,11.881565208526837,Commercial,Analog,Irbid_West,1
C10071,2018-09-28,,79.80210460318334,Commercial,Analog,Irbid_East,0
C10020,2018-12-27,8.789354196502156,18.184031294753233,Residential,Digital,Irbid_East,0
C10093,2021-07-14,29.912589136696514,49.86888370504477,Residential,Analog,Irbid_East,0
C10083,2022-01-10,106.88257449337806,165.3238617400671,Industrial,Digital,Irbid_North,0
C10098,2018-12-27,,61.43258680837231,Commercial,Analog,Irbid_South,0
C10089,2020-05-20,13.019148866154843,24.528723299232265,Residential,Analog,Irbid_East,0
C10045,2022-08-08,96.99576719915983,150.49365079873974,Commercial,Digital,Center,0
C10044,2018-11-27,,28.814848805269275,Residential,Digital,Center,0
C10086,2019-11-22,24.27755386448602,41.41633079672903,Residential,Analog,Center,0
C10030,2021-05-15,31.73547218046931,52.60320827070396,Residential,Analog,Irbid_East,0
C10041,2019-01-26,40.11882279893707,65.1782341984056,Commercial,Analog,Irbid_North,0
C10051,2019-01-26,18.983532598709797,33.47529889806469,Residential,Digital,Irbid_South,0
C10089,2018-11-27,8.99427531320852,18.49141296981278,Residential,Analog,Irbid_East,0
C10039,2020-03-21,15.059263628988738,27.588895443483107,Residential,Digital,Irbid_South,0
C10053,2019-10-23,35.67114838208998,58.50672257313497,Residential,Smart,Center,0
C10012,2020-03-21,81.34084689957334,127.01127034936,Commercial,Analog,Irbid_North,0
C10032,2022-07-09,0.8151694012552914,6.222754101882937,Commercial,Analog,Irbid_West,1
C10096,2018-04-01,26.794868543631676,45.19230281544751,Residential,Analog,Center,0
C10011,2018-12-27,9.851102674272253,19.77665401140838,Residential,Digital,Irbid_South,0
C10052,2018-11-27,18.34091141484428,32.51136712226642,Residential,Analog,Irbid_South,0
C10058,2022-11-06,226.50237978475644,344.7535696771347,Industrial,Analog,Irbid_West,0
C10038,2021-11-11,24.604429650530655,41.906644475795986,Residential,Digital,Center,0
C10097,2022-04-10,50.78600733449999,81.17901100174998,Commercial,Analog,Center,0
C10043,2019-01-26,7.138080182018364,15.707120273027547,Residential,Analog,Irbid_West,0
C10001,2021-03-16,20.22162331868801,35.33243497803201,Residential,Analog,Center,0
C10032,2021-02-14,5.897240306683974,13.84586046002596,Commercial,Analog,Irbid_West,1
C10028,2020-05-20,37.11622861556892,60.67434292335338,Residential,Analog,Irbid_South,0
C10093,2021-02-14,14.385589735985736,26.578384603978606,Residential,Analog,Irbid_East,0
C10005,2019-06-25,32.46223482569353,53.69335223854029,Residential,Digital,Irbid_West,0
C10049,2021-08-13,45.95763062848554,73.93644594272831,Residential,Analog,Irbid_South,0
C10041,2020-10-17,55.537520744142235,88.30628111621336,Commercial,Analog,Irbid_North,0
C10015,2018-07-30,77.50634842107728,121.25952263161591,Commercial,Digital,Irbid_North,1
C10048,2018-03-02,29.11683976290426,48.67525964435639,Residential,Digital,Irbid_West,0
C10079,2019-06-25,36.62181696303839,59.93272544455759,Residential,Digital,Irbid_North,0
C10086,2020-11-16,24.46990108177975,41.70485162266962,Residential,Analog,Center,0
C10068,2019-05-26,28.405343768536664,47.608015652804994,Residential,Analog,Irbid_South,0
C10062,2022-10-07,43.829646894641755,70.74447034196263,Commercial,Analog,Irbid_West,0
C10021,2020-09-17,17.093127184183352,30.639690776275028,Residential,Analog,Center,0
C10019,2021-11-11,21.5903755072867,37.385563260930056,Residential,Analog,Irbid_West,0
C10079,2018-01-01,17.20208145003064,30.80312217504596,Residential,Digital,Irbid_North,0
C10033,2021-11-11,75.18757473266578,117.78136209899867,Commercial,Smart,Center,0
C10010,2019-06-25,112.10467924367411,173.15701886551116,Commercial,Analog,Irbid_East,0
C10016,2018-05-01,32.18872718661583,53.28309077992374,Residential,Digital,Irbid_North,0
C10044,2020-10-17,19.883145548336277,34.82471832250442,Residential,Digital,Center,0
C10053,2019-11-22,30.021397127156604,50.032095690734906,Residential,Smart,Center,0
C10009,2018-05-01,31.775735111132963,52.66360266669945,Residential,Analog,Irbid_East,0
C10037,2022-03-11,17.11524394254724,30.672865913820864,Residential,Analog,Irbid_South,0
C10023,2018-01-01,13.799370092198425,25.699055138297638,Residential,Digital,Irbid_West,0
C10057,2021-09-12,30.905510732577305,51.358266098865954,Residential,Analog,Center,0
C10043,2020-11-16,10.98005548180531,21.470083222707967,Residential,Analog,Irbid_West,0
C10001,2018-07-30,40.298730660524754,65.44809599078712,Residential,Analog,Center,0
C10039,2020-11-16,17.93916533731821,31.908748005977316,Residential,Digital,Irbid_South,0
C10086,2020-05-20,35.44196632801113,58.16294949201669,Residential,Analog,Center,0
C10092,2022-07-09,35.24779564667536,57.871693470013035,Residential,Analog,Irbid_North,0
C10073,2021-01-15,19.945043388502828,34.917565082754244,Residential,Digital,Irbid_South,0
C10089,2021-05-15,13.071666178494764,24.607499267742146,Residential,Analog,Irbid_East,0
C10025,2018-10-28,15.736117387118211,28.604176080677316,Residential,Digital,Center,0
C10021,2018-01-31,10.544732296170281,20.81709844425542,Residential,Analog,Center,0
C10041,2020-02-20,43.738299257443884,70.60744888616583,Commercial,Analog,Irbid_North,0
C10045,2018-08-29,86.42596044829178,134.63894067243766,Commercial,Digital,Center,0
C10031,2019-02-25,16.80550396254681,30.208255943820213,Residential,Analog,Irbid_West,0
C10046,2020-02-20,12.068436553229144,23.102654829843715,Residential,Digital,Irbid_West,0
C10013,2022-05-10,40.332650224161,65.4989753362415,Residential,Digital,Irbid_South,0
C10038,2022-06-09,45.77076281179056,73.65614421768583,Residential,Digital,Center,0
C10017,2022-03-11,10.710234827080146,21.06535224062022,Residential,Analog,Irbid_West,0
C10068,2022-05-10,30.867030309552042,51.30054546432807,Residential,Analog,Irbid_South,0
C10053,2021-12-11,23.725626295911812,40.58843944386772,Residential,Smart,Center,0
C10063,2021-03-16,16.72750752950039,30.091261294250586,Residential,Smart,Center,0
C10034,2018-11-27,125.51373120864253,193.2705968129638,Industrial,Digital,Irbid_West,0
C10022,2019-05-26,15.797022379710327,28.69553356956549,Residential,Analog,Irbid_North,0
C10030,2021-07-14,34.71144212694132,57.06716319041198,Residential,Analog,Irbid_East,0
C10072,2020-11-16,22.41063610998707,38.61595416498061,Residential,Analog,Irbid_West,0
C10008,2020-02-20,72.50238057109354,113.75357085664031,Commercial,Analog,Irbid_South,0
C10015,2021-04-15,50.746878319497945,4.859449853557023,Commercial,Digital,Irbid_North,1
C10095,2020-04-20,30.362931168435587,50.544396752653384,Residential,Analog,Irbid_West,1
C10091,2018-03-02,14.559614833165078,26.839422249747617,Residential,Smart,Irbid_South,0
C10046,2020-03-21,21.909054636704763,37.86358195505714,Residential,Digital,Irbid_West,0
C10051,2021-12-11,18.79094368716265,33.18641553074397,Residential,Digital,Irbid_South,0
C10014,2018-01-31,10.738861809867776,21.108292714801664,Residential,Digital,Center,1
C10045,2018-11-27,65.43310172820019,103.14965259230027,Commercial,Digital,Center,0
C10099,2018-09-28,66.90346544351252,105.35519816526877,Commercial,Analog,Irbid_South,0
C10030,2018-09-28,29.17112236544155,48.75668354816233,Residential,Analog,Irbid_East,0
C10036,2020-02-20,20.3780667899158,35.567100184873695,Residential,Analog,Center,1
C10063,2020-09-17,25.60256002219613,43.403840033294195,Residential,Smart,Center,0
C10047,2020-07-19,41.8699228027263,67.80488420408945,Residential,Analog,Irbid_North,0
C10041,2019-11-22,48.49599466117013,77.7439919917552,Commercial,Analog,Irbid_North,0
C10099,2021-03-16,47.462492454936495,76.19373868240474,Commercial,Analog,Irbid_South,0
C10088,2018-01-01,25.103628503492647,42.65544275523897,Residential,Analog,Irbid_South,0
C10015,2021-07-14,84.02576666142215,5.462316841456384,Commercial,Digital,Irbid_North,1
C10078,2021-10-12,44.966935074658466,72.4504026119877,Commercial,Analog,Center,0
C10019,2018-11-27,21.7607813967364,37.6411720951046,Residential,Analog,Irbid_West,0
C10074,2018-04-01,53.80136130511294,85.70204195766941,Commercial,Analog,Irbid_North,0
C10070,2020-02-20,6.353196797231886,14.529795195847829,Residential,Analog,Irbid_North,0
C10009,2022-03-11,25.958382270913287,43.93757340636993,Residential,Analog,Irbid_East,0
C10062,2018-06-30,61.02963357985666,96.54445036978498,Commercial,Analog,Irbid_West,0
C10041,2021-02-14,42.58968232157201,68.88452348235802,Commercial,Analog,Irbid_North,0
C10082,2022-04-10,17.98036689179125,31.970550337686873,Residential,Analog,Irbid_East,1
C10075,2019-06-25,19.264895895476755,33.89734384321513,Residential,Smart,Irbid_South,0
C10068,2019-06-25,38.58152680772465,62.87229021158697,Residential,Analog,Irbid_South,0
C10083,2021-05-15,223.37267362500285,340.0590104375043,Industrial,Digital,Irbid_North,0
C10039,2018-10-28,20.182870216363376,35.27430532454507,Residential,Digital,Irbid_South,0
C10029,2021-11-11,0.2875644397113012,5.431346659566952,Commercial,Analog,Irbid_South,1
C10011,2018-10-28,10.208757845156441,20.31313676773466,Residential,Digital,Irbid_South,0
C10010,2020-06-19,124.04526500775108,191.06789751162663,Commercial,Analog,Irbid_East,0
C10070,2018-07-30,19.521288722184504,34.281933083276755,Residential,Analog,Irbid_North,0
C10022,2022-09-07,16.884461620477666,30.3266924307165,Residential,Analog,Irbid_North,0
C10006,2021-07-14,121.99815531215393,187.9972329682309,Commercial,Digital,Irbid_South,0
C10010,2021-11-11,55.51779381026063,88.27669071539094,Commercial,Analog,Irbid_East,0
C10097,2019-08-24,58.405796674892414,92.60869501233861,Commercial,Analog,Center,0
C10011,2020-12-16,,16.570861352431223,Residential,Digital,Irbid_South,0
C10008,2019-02-25,87.89038256958457,136.83557385437686,Commercial,Analog,Irbid_South,0
C10032,2021-07-14,6.2953812396870505,14.443071859530576,Commercial,Analog,Irbid_West,1
C10054,2020-11-16,11.605287173111716,22.407930759667572,Residential,Digital,Center,0
C10002,2021-01-15,37.71774301962414,61.576614529436206,Commercial,Analog,Irbid_South,0
C10055,2018-05-31,31.476539934887438,52.214809902331154,Residential,Analog,Irbid_West,0
C10078,2021-04-15,60.12786613892911,95.19179920839366,Commercial,Analog,Center,0
C10058,2020-10-17,268.4638196722109,407.69572950831633,Industrial,Analog,Irbid_West,0
C10097,2018-12-27,29.87651461162001,49.814771917430015,Commercial,Analog,Center,0
C10035,2020-05-20,26.21336141157887,44.3200421173683,Residential,Digital,Irbid_West,0
C10026,2021-01-15,9.14975650489378,18.72463475734067,Residential,Analog,Irbid_East,0
C10055,2020-11-16,23.516189411972647,40.27428411795897,Residential,Analog,Irbid_West,0
C10090,2022-08-08,38.21998818223093,62.32998227334639,Residential,Digital,Irbid_West,0
C10081,2019-06-25,45.48346041688952,73.22519062533428,Residential,Digital,Irbid_North,0
C10057,2020-12-16,19.279095538067935,33.9186433071019,Residential,Analog,Center,0
C10026,2019-05-26,15.230503305072359,27.845754957608538,Residential,Analog,Irbid_East,0
C10017,2018-05-31,19.757367022095078,34.636050533142615,Residential,Analog,Irbid_West,0
C10089,2022-01-10,7.440640347934726,16.16096052190209,Residential,Analog,Irbid_East,0
C10009,2021-12-11,13.032779496406317,24.549169244609473,Residential,Analog,Irbid_East,0
C10003,2022-08-08,28.5050291010369,47.75754365155535,Residential,Analog,Irbid_West,0
C10042,2018-10-28,13.08829772141072,24.63244658211608,Residential,Analog,Irbid_West,0
C10081,2022-02-09,18.77518229103612,33.16277343655418,Residential,Digital,Irbid_North,0
C10082,2019-06-25,22.002457229334237,38.00368584400135,Residential,Analog,Irbid_East,1
C10051,2018-01-31,14.0043100121117,26.00646501816755,Residential,Digital,Irbid_South,0
C10087,2020-01-21,13.518686403201752,25.278029604802626,Residential,Analog,Center,1
C10010,2020-08-18,124.35784092672975,191.53676139009463,Commercial,Analog,Irbid_East,0
C10056,2021-01-15,12.638966866908136,23.958450300362205,Residential,Analog,Irbid_North,0
C10010,2022-04-10,79.56263189256441,124.34394783884662,Commercial,Analog,Irbid_East,0
C10084,2021-09-12,38.92265570243513,63.3839835536527,Residential,Analog,Irbid_North,0
C10052,2018-03-02,17.535149062930618,31.30272359439593,Residential,Analog,Irbid_South,0
C10060,2019-06-25,84.18298049058613,131.2744707358792,Commercial,Analog,Irbid_East,0
C10040,2020-10-17,30.928711720709803,51.393067581064706,Residential,Analog,Irbid_West,0
C10052,2018-05-01,25.122939765570617,42.684409648355924,Residential,Analog,Irbid_South,0
C10098,2020-10-17,58.120044785997685,92.18006717899652,Commercial,Analog,Irbid_South,0
C10073,2022-06-09,38.94027406807848,63.41041110211772,Residential,Digital,Irbid_South,0
C10063,2019-01-26,13.324207130274887,24.98631069541233,Residential,Smart,Center,0
C10071,2021-04-15,46.85368822984588,75.28053234476882,Commercial,Analog,Irbid_East,0
C10037,2021-12-11,13.753725875117425,25.630588812676137,Residential,Analog,Irbid_South,0
C10062,2022-02-09,34.36215640704144,56.54323461056216,Commercial,Analog,Irbid_West,0
C10042,2020-08-18,17.09157978157288,30.63736967235932,Residential,Analog,Irbid_West,0
C10067,2019-12-22,14.852459668837744,27.278689503256615,Residential,Analog,Center,0
C10007,2019-11-22,28.91161668949435,48.36742503424152,Residential,Analog,Irbid_East,0
C10015,2018-12-27,38.83827616410281,63.25741424615421,Commercial,Digital,Irbid_North,1
C10032,2019-08-24,85.29241091138269,132.93861636707402,Commercial,Analog,Irbid_West,1
C10007,2018-10-28,25.506604613854684,43.25990692078203,Residential,Analog,Irbid_East,0
C10096,2021-02-14,17.173112268491916,30.759668402737873,Residential,Analog,Center,0
C10072,2019-01-26,16.04734420724511,29.071016310867666,Residential,Analog,Irbid_West,0
C10088,2021-01-15,23.825619083890842,40.738428625836264,Residential,Analog,Irbid_South,0
C10095,2018-01-01,19.842606735246054,34.76391010286908,Residential,Analog,Irbid_West,1
C10027,2021-05-15,33.00140211832107,54.5021031774816,Residential,Digital,Irbid_North,0
C10019,2020-01-21,17.736213661095626,31.60432049164344,Residential,Analog,Irbid_West,0
C10082,2018-12-27,13.008489727578485,24.512734591367728,Residential,Analog,Irbid_East,1
C10040,2019-09-23,34.48594554322148,56.72891831483223,Residential,Analog,Irbid_West,0
C10082,2018-10-28,16.445974743303488,29.66896211495523,Residential,Analog,Irbid_East,1
C10023,2019-04-26,23.457728722957768,40.18659308443665,Residential,Digital,Irbid_West,0
C10037,2020-05-20,19.469855785792948,34.204783678689424,Residential,Analog,Irbid_South,0
C10093,2021-03-16,165.87149189102917,29.880723783654375,Residential,Analog,Irbid_East,0
C10091,2022-11-06,9.01020911894608,18.51531367841912,Residential,Smart,Irbid_South,0
C10057,2018-06-30,38.946155615648806,63.41923342347321,Residential,Analog,Center,0
C10038,2020-02-20,15.749248143597963,28.623872215396943,Residential,Digital,Center,0
C10070,2019-07-25,16.80280572246268,30.20420858369402,Residential,Analog,Irbid_North,0
C10098,2022-04-10,57.07495264501445,90.61242896752168,Commercial,Analog,Irbid_South,0
C10020,2020-07-19,16.836176906539084,30.254265359808628,Residential,Digital,Irbid_East,0
C10055,2020-10-17,25.34502122890653,43.01753184335979,Residential,Analog,Irbid_West,0
C10063,2020-01-21,,21.15871793581517,Residential,Smart,Center,0
C10065,2022-01-10,15.924246704233054,28.88637005634958,Residential,Digital,Center,0
C10024,2021-06-14,46.19727431499136,74.29591147248703,Residential,Analog,Irbid_North,0
C10045,2021-10-12,68.15916238127653,107.2387435719148,Commercial,Digital,Center,0
C10091,2020-12-16,8.568489222954717,17.852733834432076,Residential,Smart,Irbid_South,0
C10085,2020-12-16,21.739760429091778,37.60964064363767,Residential,Analog,Irbid_North,0
C10088,2020-07-19,45.039566579300185,72.55934986895028,Residential,Analog,Irbid_South,0
C10090,2019-05-26,36.26594313069335,59.39891469604002,Residential,Digital,Irbid_West,0
C10025,2019-12-22,11.277727279383072,21.916590919074608,Residential,Digital,Center,0
C10015,2020-10-17,50.942254386435465,4.97614432192901,Commercial,Digital,Irbid_North,1
C10039,2019-05-26,21.85389557440895,37.78084336161342,Residential,Digital,Irbid_South,0
C10045,2018-04-01,77.49696822973927,121.2454523446089,Commercial,Digital,Center,0
C10067,2021-01-15,10.150870230182377,20.226305345273566,Residential,Analog,Center,0
C10088,2019-11-22,31.132165753714897,51.698248630572344,Residential,Analog,Irbid_South,0
C10021,2022-03-11,13.346406501270236,25.019609751905353,Residential,Analog,Center,0
C10057,2021-03-16,24.683905201186928,42.02585780178039,Residential,Analog,Center,0
C10015,2018-01-01,40.32396826282079,65.48595239423119,Commercial,Digital,Irbid_North,1
C10072,2018-10-28,25.58137407275532,43.37206110913298,Residential,Analog,Irbid_West,0
C10010,2021-05-15,114.92538219150822,177.38807328726233,Commercial,Analog,Irbid_East,0
C10004,2019-12-22,1.3357269542628052,7.003590431394208,Residential,Analog,Center,1
C10028,2019-09-23,37.01216020264985,60.51824030397478,Residential,Analog,Irbid_South,0
C10034,2020-10-17,186.19482521837836,284.29223782756753,Industrial,Digital,Irbid_West,0
C10055,2019-01-26,13.594455905627246,25.39168385844087,Residential,Analog,Irbid_West,0
C10016,2018-05-31,33.56838031884366,55.35257047826549,Residential,Digital,Irbid_North,0
C10011,2020-07-19,13.97290309288511,25.959354639327664,Residential,Digital,Irbid_South,0
C10077,2018-01-31,11.1747544809038,21.7621317213557,Residential,Digital,Irbid_East,0
C10099,2018-03-02,37.22714949754778,60.84072424632167,Commercial,Analog,Irbid_South,0
C10033,2022-06-09,120.79330002433603,186.18995003650406,Commercial,Smart,Center,0
C10003,2021-06-14,29.00295290116377,48.50442935174566,Residential,Analog,Irbid_West,0
C10089,2020-12-16,6.576807977638362,14.865211966457544,Residential,Analog,Irbid_East,0
C10062,2021-07-14,70.5506837772023,110.82602566580344,Commercial,Analog,Irbid_West,0
C10091,2021-08-13,16.324371913817053,29.48655787072558,Residential,Smart,Irbid_South,0
C10060,2022-01-10,38.58415829390405,62.87623744085608,Commercial,Analog,Irbid_East,0
C10011,2019-05-26,10.853395815497162,21.28009372324574,Residential,Digital,Irbid_South,0
C10015,2020-11-16,46.50602986128181,4.420817655403729,Commercial,Digital,Irbid_North,1
C10024,2022-03-11,30.40211441866155,50.603171627992324,Residential,Analog,Irbid_North,0
C10050,2020-09-17,28.162102852455817,47.243154278683726,Residential,Analog,Irbid_East,0
C10094,2020-06-19,42.85122080606004,69.27683120909006,Residential,Digital,Irbid_South,0
C10010,2018-07-30,134.16881948829703,206.25322923244556,Commercial,Analog,Irbid_East,0
C10075,2020-02-20,8.797396095593948,18.196094143390923,Residential,Smart,Irbid_South,0
C10092,2021-09-12,34.170612613473196,56.255918920209794,Residential,Analog,Irbid_North,0
C10085,2022-11-06,18.641051675735557,32.96157751360334,Residential,Analog,Irbid_North,0
C10058,2020-11-16,205.03430875917817,312.55146313876725,Industrial,Analog,Irbid_West,0
C10100,2022-02-09,20.23362389436692,35.35043584155038,Residential,Analog,Center,0
C10060,2021-07-14,101.46272668936673,157.1940900340501,Commercial,Analog,Irbid_East,0
C10083,2019-09-23,226.1450694696637,344.21760420449556,Industrial,Digital,Irbid_North,0
C10048,2020-12-16,22.176970763756856,38.265456145635284,Residential,Digital,Irbid_West,0
C10032,2018-01-31,36.81783281660638,60.226749224909575,Commercial,Analog,Irbid_West,1
C10045,2019-07-25,98.32182595489851,152.4827389323478,Commercial,Digital,Center,0
C10093,2021-06-14,31.47735586745457,52.21603380118185,Residential,Analog,Irbid_East,0
C10011,2021-04-15,11.167868086866285,21.751802130299428,Residential,Digital,Irbid_South,0
C10065,2022-05-10,27.194041737882532,45.7910626068238,Residential,Digital,Center,0
C10017,2022-01-10,8.149787416131588,17.22468112419738,Residential,Analog,Irbid_West,0
C10099,2021-08-13,65.8402169594161,103.76032543912414,Commercial,Analog,Irbid_South,0
C10011,2021-01-15,5.6250465724310015,13.437569858646501,Residential,Digital,Irbid_South,0
C10064,2019-11-22,22.9159057710871,39.37385865663065,Residential,Analog,Irbid_West,0
C10083,2020-06-19,239.1804359776748,363.7706539665122,Industrial,Digital,Irbid_North,0
C10094,2018-04-01,31.639619634927065,52.459429452390594,Residential,Digital,Irbid_South,0
C10039,2020-04-20,20.614917779497414,35.92237666924612,Residential,Digital,Irbid_South,0
C10071,2018-10-28,40.72548448068687,66.08822672103031,Commercial,Analog,Irbid_East,0
C10053,2020-01-21,20.015458089166195,35.02318713374929,Residential,Smart,Center,0
C10065,2019-09-23,26.19993440246002,44.29990160369003,Residential,Digital,Center,0
C10035,2022-08-08,286.8960131310824,48.034401969662355,Residential,Digital,Irbid_West,0
C10060,2021-12-11,44.735513891243,72.10327083686451,Commercial,Analog,Irbid_East,0
C10033,2020-12-16,72.19144483268843,113.28716724903265,Commercial,Smart,Center,0
C10023,2022-04-10,23.503619478062593,40.25542921709389,Residential,Digital,Irbid_West,0
C10096,2020-07-19,29.67321863814426,49.50982795721639,Residential,Analog,Center,0
C10016,2019-09-23,26.75260175750749,45.12890263626124,Residential,Digital,Irbid_North,0
C10010,2018-06-30,118.76070167126737,183.14105250690105,Commercial,Analog,Irbid_East,0
C10025,2018-09-28,15.769718610172989,28.654577915259484,Residential,Digital,Center,0
C10047,2021-08-13,38.47032087844147,62.705481317662205,Residential,Analog,Irbid_North,0
C10044,2020-06-19,27.133517489724365,45.700276234586546,Residential,Digital,Center,0
C10032,2021-04-15,2.887353905411164,9.331030858116746,Commercial,Analog,Irbid_West,1
C10046,2022-09-07,28.8896282498269,48.33444237474035,Residential,Digital,Irbid_West,0
C10034,2021-12-11,132.38436447385402,203.57654671078103,Industrial,Digital,Irbid_West,0
C10039,2019-09-23,24.803710232964505,42.20556534944676,Residential,Digital,Irbid_South,0
C10032,2020-01-21,1.8599142700206106,7.789871405030916,Commercial,Analog,Irbid_West,1
C10028,2019-10-23,,53.15056867693359,Residential,Analog,Irbid_South,0
C10017,2018-12-27,,18.97169377582484,Residential,Analog,Irbid_West,0
C10098,2018-05-01,64.98447765000388,102.47671647500582,Commercial,Analog,Irbid_South,0
C10035,2022-09-07,31.879019188429364,52.818528782644044,Residential,Digital,Irbid_West,0
C10088,2021-05-15,47.580583499517864,76.37087524927679,Residential,Analog,Irbid_South,0
C10088,2018-04-01,28.461304097461102,47.69195614619166,Residential,Analog,Irbid_South,0
C10091,2021-07-14,19.224763368737808,33.83714505310671,Residential,Smart,Irbid_South,0
C10029,2018-12-27,50.95101323647692,81.42651985471538,Commercial,Analog,Irbid_South,1
C10014,2022-08-08,47.10019723870653,75.65029585805979,Residential,Digital,Center,1
C10011,2018-01-31,7.246367987790087,15.869551981685131,Residential,Digital,Irbid_South,0
C10037,2019-12-22,16.1496823272418,29.224523490862698,Residential,Analog,Irbid_South,0
C10081,2019-03-27,20.022662424918444,35.03399363737766,Residential,Digital,Irbid_North,0
C10060,2022-04-10,72.99262757738602,114.48894136607902,Commercial,Analog,Irbid_East,0
C10087,2021-04-15,0.0,5.0,Residential,Analog,Center,1
C10027,2019-10-23,,48.65928318487371,Residential,Digital,Irbid_North,0
C10086,2022-04-10,23.722317691804133,40.5834765377062,Residential,Analog,Center,0
C10061,2022-11-06,22.886318648042952,39.329477972064424,Residential,Analog,Irbid_South,0
C10066,2021-03-16,51.539539992742114,82.30930998911317,Commercial,Analog,Irbid_East,0
C10018,2022-02-09,14.759168523893559,5.194980293014951,Residential,Digital,Irbid_West,1
C10030,2020-11-16,24.541525973864804,41.812288960797204,Residential,Analog,Irbid_East,0
C10098,2018-04-01,53.98583169024521,85.97874753536782,Commercial,Analog,Irbid_South,0
C10022,2019-11-22,11.028193111935172,21.542289667902757,Residential,Analog,Irbid_North,0
C10084,2022-10-07,28.603930641167377,47.905895961751064,Residential,Analog,Irbid_North,0
C10083,2018-03-02,121.47563531127025,187.21345296690538,Industrial,Digital,Irbid_North,0
C10096,2022-10-07,32.90996385026318,54.36494577539477,Residential,Analog,Center,0
C10031,2020-12-16,17.589619090565193,31.38442863584779,Residential,Analog,Irbid_West,0
C10098,2022-01-10,27.45315074180257,46.179726112703854,Commercial,Analog,Irbid_South,0
C10017,2022-11-06,12.96231922373338,24.443478835600068,Residential,Analog,Irbid_West,0
C10017,2018-10-28,12.430823968053618,23.646235952080428,Residential,Analog,Irbid_West,0
C10023,2018-06-30,38.70213579984058,63.05320369976087,Residential,Digital,Irbid_West,0
C10057,2021-10-12,25.009940720252537,42.51491108037881,Residential,Analog,Center,0
C10008,2022-07-09,130.91076452043856,201.36614678065786,Commercial,Analog,Irbid_South,0
C10047,2022-02-09,23.604320928942187,40.40648139341328,Residential,Analog,Irbid_North,0
C10076,2021-03-16,21.478169590878938,37.21725438631841,Residential,Analog,Irbid_South,0
C10028,2020-07-19,45.261067134175754,72.89160070126363,Residential,Analog,Irbid_South,0
C10094,2021-10-12,32.78654484730063,54.17981727095095,Residential,Digital,Irbid_South,0
C10098,2020-05-20,61.670758648069985,97.50613797210498,Commercial,Analog,Irbid_South,0
C10043,2018-08-29,15.491141621502644,28.236712432253967,Residential,Analog,Irbid_West,0
C10063,2021-12-11,17.058880931442246,30.58832139716337,Residential,Smart,Center,0
C10098,2018-11-27,34.585339775549016,56.878009663323525,Commercial,Analog,Irbid_South,0
C10063,2019-02-25,11.994669883257687,22.992004824886532,Residential,Smart,Center,0
C10023,2022-05-10,26.266229103807206,44.39934365571081,Residential,Digital,Irbid_West,0
C10013,2019-07-25,41.12860703956383,66.69291055934575,Residential,Digital,Irbid_South,0
C10086,2019-06-25,35.479932163544674,58.21989824531701,Residential,Analog,Center,0
C10059,2022-04-10,32.7950132369201,54.19251985538015,Residential,Analog,Center,0
C10015,2020-03-21,38.45740861206562,62.68611291809843,Commercial,Digital,Irbid_North,1
C10050,2020-10-17,21.070532485886933,36.6057987288304,Residential,Analog,Irbid_East,0
C10020,2018-01-01,6.767465606599718,15.151198409899576,Residential,Digital,Irbid_East,0
C10017,2021-01-15,9.627395734804482,19.441093602206724,Residential,Analog,Irbid_West,0
C10023,2019-05-26,27.139407903185596,45.70911185477839,Residential,Digital,Irbid_West,0
C10010,2018-01-31,64.64292618742611,101.96438928113918,Commercial,Analog,Irbid_East,0
C10019,2019-07-25,39.338665151710586,64.00799772756588,Residential,Analog,Irbid_West,0
C10019,2022-04-10,26.712792260066074,45.069188390099114,Residential,Analog,Irbid_West,0
C10098,2022-09-07,61.621586041508415,97.43237906226263,Commercial,Analog,Irbid_South,0
C10081,2019-01-26,25.465195969308546,43.197793953962815,Residential,Digital,Irbid_North,0
C10038,2021-02-14,22.3575377196032,38.5363065794048,Residential,Digital,Center,0
C10090,2021-10-12,32.8140298490228,54.2210447735342,Residential,Digital,Irbid_West,0
C10057,2020-06-19,33.380938930238294,55.07140839535744,Residential,Analog,Center,0
C10050,2019-10-23,17.987791164094403,31.981686746141605,Residential,Analog,Irbid_East,0
C10001,2022-11-06,21.65700134941324,37.48550202411986,Residential,Analog,Center,0
C10055,2019-07-25,33.990986810216256,55.986480215324384,Residential,Analog,Irbid_West,0
C10037,2021-10-12,19.987308429590318,34.98096264438548,Residential,Analog,Irbid_South,0
C10033,2019-06-25,119.35929456897296,184.03894185345945,Commercial,Smart,Center,0
C10063,2018-07-30,27.44952234552224,46.17428351828336,Residential,Smart,Center,0
C10100,2021-10-12,27.59378549248224,46.39067823872336,Residential,Analog,Center,0
C10058,2022-01-10,156.4474397107786,239.67115956616792,Industrial,Analog,Irbid_West,0
C10047,2022-05-10,37.138211140280596,60.7073167104209,Residential,Analog,Irbid_North,0
C10088,2019-12-22,,42.24562360907947,Residential,Analog,Irbid_South,0
C10082,2021-09-12,6.880110347981912,15.320165521972868,Residential,Analog,Irbid_East,1
C10018,2022-10-07,22.973575767953427,4.32731577388225,Residential,Digital,Irbid_West,1
C10077,2019-05-26,,41.07707194335751,Residential,Digital,Irbid_East,0
C10093,2021-05-15,26.18342031077179,44.275130466157684,Residential,Analog,Irbid_East,0
C10072,2022-06-09,34.07490898509589,56.11236347764383,Residential,Analog,Irbid_West,0
C10064,2019-02-25,21.204832853444067,36.807249280166104,Residential,Analog,Irbid_West,0
C10086,2022-02-09,24.69547813920736,42.04321720881104,Residential,Analog,Center,0
C10044,2022-02-09,15.400895977602683,28.101343966404023,Residential,Digital,Center,0
C10097,2020-11-16,40.583160783839645,65.87474117575947,Commercial,Analog,Center,0
C10083,2019-12-22,158.1372776435391,242.20591646530866,Industrial,Digital,Irbid_North,0
C10059,2018-03-02,29.206287561931212,48.809431342896815,Residential,Analog,Center,0
C10016,2021-04-15,22.93783757054753,39.406756355821294,Residential,Digital,Irbid_North,0
C10019,2018-01-01,19.70683778776843,34.560256681652646,Residential,Analog,Irbid_West,0
C10004,2018-07-30,43.97900148730485,70.96850223095727,Residential,Analog,Center,1
C10064,2019-10-23,34.46158153391559,56.69237230087339,Residential,Analog,Irbid_West,0
C10070,2020-09-17,,26.99537996151012,Residential,Analog,Irbid_North,0
C10035,2021-09-12,30.108412302990097,50.16261845448514,Residential,Digital,Irbid_West,0
C10038,2020-05-20,33.67639139973997,55.514587099609955,Residential,Digital,Center,0
C10063,2021-09-12,28.076574960115856,47.11486244017378,Residential,Smart,Center,0
C10099,2022-02-09,32.07095381636946,53.10643072455419,Commercial,Analog,Irbid_South,0
C10034,2021-07-14,262.95833537856765,399.4375030678515,Industrial,Digital,Irbid_West,0
C10067,2022-03-11,15.55778145140166,28.33667217710249,Residential,Analog,Center,0
C10025,2022-04-10,13.438378560696671,25.157567841045008,Residential,Digital,Center,0
C10078,2020-03-21,47.942805747382295,76.91420862107344,Commercial,Analog,Center,0
C10073,2022-04-10,34.255408478247766,56.383112717371645,Residential,Digital,Irbid_South,0
C10004,2021-10-12,2.1005675042995486,8.150851256449323,Residential,Analog,Center,1
C10017,2022-05-10,21.739867866215743,37.60980179932361,Residential,Analog,Irbid_West,0
C10044,2018-04-01,17.30067518554489,30.951012778317335,Residential,Digital,Center,0
C10033,2018-09-28,124.16392394049839,191.24588591074757,Commercial,Smart,Center,0
C10071,2022-09-07,60.38099281827336,95.57148922741004,Commercial,Analog,Irbid_East,0
C10091,2021-02-14,9.386622127516159,19.079933191274236,Residential,Smart,Irbid_South,0
C10024,2019-12-22,24.879500060676357,42.31925009101454,Residential,Analog,Irbid_North,0
C10037,2019-07-25,26.057580884022542,44.08637132603381,Residential,Analog,Irbid_South,0
C10012,2021-01-15,61.51932459207522,97.27898688811283,Commercial,Analog,Irbid_North,0
C10019,2021-08-13,35.70157802996593,58.552367044948895,Residential,Analog,Irbid_West,0
C10055,2021-06-14,31.956496716593556,52.93474507489033,Residential,Analog,Irbid_West,0
C10068,2019-11-22,16.611893357394322,29.917840036091484,Residential,Analog,Irbid_South,0
C10070,2018-12-27,8.652876986792812,17.979315480189218,Residential,Analog,Irbid_North,0
C10030,2021-02-14,24.90463685849603,42.35695528774404,Residential,Analog,Irbid_East,0
C10044,2022-06-09,24.8671371842339,42.30070577635085,Residential,Digital,Center,0
C10052,2020-07-19,27.49518822918175,46.242782343772625,Residential,Analog,Irbid_South,0
C10086,2022-09-07,35.390256454991246,58.08538468248687,Residential,Analog,Center,0
C10028,2020-12-16,23.351448534603744,40.027172801905614,Residential,Analog,Irbid_South,0
C10018,2019-05-26,23.27761132075196,39.91641698112794,Residential,Digital,Irbid_West,1
C10085,2018-05-31,32.73802283091778,54.10703424637667,Residential,Analog,Irbid_North,0
C10038,2020-12-16,,37.74854844728537,Residential,Digital,Center,0
C10087,2022-02-09,0.0,5.0,Residential,Analog,Center,1
C10100,2022-04-10,28.73776879820256,48.10665319730384,Residential,Analog,Center,0
C10006,2019-01-26,61.9403910820295,97.91058662304425,Commercial,Digital,Irbid_South,0
C10045,2018-09-28,82.47402133780857,128.71103200671286,Commercial,Digital,Center,0
C10039,2018-01-31,12.41869559915012,23.62804339872518,Residential,Digital,Irbid_South,0
C10063,2022-03-11,17.098673828763786,30.64801074314568,Residential,Smart,Center,0
C10073,2018-09-28,36.372833179537274,59.55924976930591,Residential,Digital,Irbid_South,0
C10043,2020-03-21,6.699524713051306,15.049287069576959,Residential,Analog,Irbid_West,0
C10024,2020-12-16,23.159324728800208,39.73898709320031,Residential,Analog,Irbid_North,0
C10018,2019-04-26,22.2930317512732,38.4395476269098,Residential,Digital,Irbid_West,1
C10036,2022-11-06,28.627986586191703,47.94197987928756,Residential,Analog,Center,1
C10050,2021-08-13,25.908048633986326,43.86207295097949,Residential,Analog,Irbid_East,0
C10053,2019-05-26,33.9941942453653,55.99129136804795,Residential,Smart,Center,0
C10084,2022-04-10,31.48639607035548,52.22959410553322,Residential,Analog,Irbid_North,0
C10030,2019-02-25,21.833397762175423,37.750096643263134,Residential,Analog,Irbid_East,0
C10072,2021-08-13,31.971218079319662,52.95682711897949,Residential,Analog,Irbid_West,0
C10068,2021-07-14,37.865540227307534,61.7983103409613,Residential,Analog,Irbid_South,0
C10065,2022-10-07,21.037131330025254,36.55569699503788,Residential,Digital,Center,0
C10062,2021-07-14,70.5506837772023,110.82602566580344,Commercial,Analog,Irbid_West,0
C10043,2018-01-01,7.229660630758921,15.84449094613838,Residential,Analog,Irbid_West,0
C10015,2020-09-17,70.69636156598536,5.2127287808924825,Commercial,Digital,Irbid_North,1
C10100,2019-01-26,14.687333557916922,27.031000336875383,Residential,Analog,Center,0
C10089,2019-08-24,14.570421916260297,26.855632874390444,Residential,Analog,Irbid_East,0
C10026,2018-06-30,19.341546589769905,34.01231988465486,Residential,Analog,Irbid_East,0
C10093,2018-05-31,27.436559030929963,46.15483854639494,Residential,Analog,Irbid_East,0
C10033,2018-04-01,100.49225159335907,155.7383773900386,Commercial,Smart,Center,0
C10008,2020-04-20,103.02876729086967,159.5431509363045,Commercial,Analog,Irbid_South,0
C10059,2022-07-09,38.99187952337092,63.487819285056375,Residential,Analog,Center,0
C10061,2022-03-11,22.873554022995606,39.31033103449341,Residential,Analog,Irbid_South,0
C10033,2021-09-12,108.9049911543097,168.35748673146455,Commercial,Smart,Center,0
C10091,2019-09-23,14.932290179285289,27.398435268927933,Residential,Smart,Irbid_South,0
C10055,2019-05-26,31.65908897385461,52.48863346078192,Residential,Analog,Irbid_West,0
C10007,2018-01-31,21.216891671420328,36.82533750713049,Residential,Analog,Irbid_East,0
C10037,2019-11-22,15.161313324343913,27.74196998651587,Residential,Analog,Irbid_South,0
C10019,2022-06-09,36.1106579311615,59.16598689674225,Residential,Analog,Irbid_West,0
C10082,2019-07-25,22.155803446457284,38.233705169685926,Residential,Analog,Irbid_East,1
C10054,2019-07-25,19.14113097149668,33.71169645724502,Residential,Digital,Center,0
C10081,2020-02-20,24.78754264108395,42.181313961625925,Residential,Digital,Irbid_North,0
C10058,2019-06-25,354.36672010904675,536.5500801635701,Industrial,Analog,Irbid_West,0
C10036,2022-07-09,14.147176075755011,26.220764113632516,Residential,Analog,Center,1
C10031,2020-06-19,35.62527388764991,58.437910831474866,Residential,Analog,Irbid_West,0
C10018,2020-09-17,27.380418001349458,5.289645072152442,Residential,Digital,Irbid_West,1
C10042,2018-01-01,7.195140211618173,15.79271031742726,Residential,Analog,Irbid_West,0
C10001,2019-10-23,28.626974175701665,47.9404612635525,Residential,Analog,Center,0
C10035,2020-02-20,21.25786278519052,36.88679417778578,Residential,Digital,Irbid_West,0
C10028,2020-09-17,40.4665570827142,65.69983562407131,Residential,Analog,Irbid_South,0
C10077,2018-01-01,16.13870897195806,29.20806345793709,Residential,Digital,Irbid_East,0
C10073,2022-05-10,35.291249560597116,57.93687434089567,Residential,Digital,Irbid_South,0
C10046,2021-07-14,34.851172293652716,57.27675844047907,Residential,Digital,Irbid_West,0
C10094,2018-11-27,26.996809217886057,45.49521382682909,Residential,Digital,Irbid_South,0
C10083,2018-04-01,213.3416836910046,325.01252553650687,Industrial,Digital,Irbid_North,0
C10042,2018-08-29,13.350759981483623,25.026139972225437,Residential,Analog,Irbid_West,0
C10039,2021-09-12,24.700017781733578,42.05002667260037,Residential,Digital,Irbid_South,0
C10008,2021-04-15,111.60091638859564,172.40137458289345,Commercial,Analog,Irbid_South,0
C10018,2021-11-11,15.527809167980047,5.33349020171908,Residential,Digital,Irbid_West,1
C10002,2020-03-21,48.11847138729302,77.17770708093953,Commercial,Analog,Irbid_South,0
C10024,2022-02-09,22.180384784501598,38.2705771767524,Residential,Analog,Irbid_North,0
C10064,2021-03-16,19.58973803478188,34.384607052172825,Residential,Analog,Irbid_West,0
C10005,2021-06-14,32.36712181027658,53.550682715414865,Residential,Digital,Irbid_West,0
C10042,2019-11-22,8.77442815856217,18.161642237843253,Residential,Analog,Irbid_West,0
C10008,2021-06-14,153.5265552214547,235.28983283218201,Commercial,Analog,Irbid_South,0
C10004,2020-08-18,0.41166378252190056,5.617495673782851,Residential,Analog,Center,1
C10044,2018-08-29,26.2422177498902,44.3633266248353,Residential,Digital,Center,0
C10067,2019-07-25,23.828574665644563,40.74286199846684,Residential,Analog,Center,0
C10065,2022-04-10,22.88741438385519,39.33112157578279,Residential,Digital,Center,0
C10049,2020-03-21,24.03014509398695,41.045217640980425,Residential,Analog,Irbid_South,0
C10044,2018-01-31,12.992882742235645,24.48932411335347,Residential,Digital,Center,0
C10023,2021-12-11,16.934654395294444,30.401981592941667,Residential,Digital,Irbid_West,0
C10004,2022-06-09,4.281225572863388,11.421838359295082,Residential,Analog,Center,1
C10072,2022-02-09,15.45042133660178,28.17563200490267,Residential,Analog,Irbid_West,0
C10010,2022-09-07,97.66780309303809,151.50170463955715,Commercial,Analog,Irbid_East,0
C10090,2018-09-28,42.457064004015784,68.68559600602367,Residential,Digital,Irbid_West,0
C10038,2020-06-19,41.982789805738655,67.97418470860798,Residential,Digital,Center,0
C10083,2018-01-01,110.58432882070224,170.87649323105336,Industrial,Digital,Irbid_North,0
C10039,2018-04-01,23.649458445455284,40.47418766818293,Residential,Digital,Irbid_South,0
C10012,2018-03-02,72.89695777643108,114.34543666464663,Commercial,Analog,Irbid_North,0
C10024,2020-01-21,21.14715109928133,36.720726648921996,Residential,Analog,Irbid_North,0
C10039,2018-05-31,20.942602172125618,36.41390325818843,Residential,Digital,Irbid_South,0
C10058,2018-11-27,191.80845078767712,292.7126761815157,Industrial,Analog,Irbid_West,0
C10096,2019-01-26,21.968733344813714,37.95310001722057,Residential,Analog,Center,0
C10073,2021-06-14,44.54787398436636,71.82181097654954,Residential,Digital,Irbid_South,0
C10075,2018-01-31,8.51993186884728,17.77989780327092,Residential,Smart,Irbid_South,0
C10093,2018-09-28,28.226207948250064,47.339311922375096,Residential,Analog,Irbid_East,0
C10058,2021-12-11,211.16383174083978,321.7457476112597,Industrial,Analog,Irbid_West,0
C10061,2019-05-26,38.0817756849427,62.12266352741405,Residential,Analog,Irbid_South,0
C10050,2022-02-09,18.364069306399276,32.546103959598916,Residential,Analog,Irbid_East,0
C10090,2021-12-11,23.732806977402024,40.59921046610304,Residential,Digital,Irbid_West,0
C10013,2022-11-06,23.00649532180863,39.50974298271294,Residential,Digital,Irbid_South,0
C10043,2019-12-22,5.902905507199987,13.85435826079998,Residential,Analog,Irbid_West,0
C10097,2019-12-22,36.92593117405424,60.38889676108136,Commercial,Analog,Center,0
C10076,2020-04-20,26.215041436719925,44.322562155079886,Residential,Analog,Irbid_South,0
C10074,2022-03-11,46.20138987658735,74.30208481488103,Commercial,Analog,Irbid_North,0
C10073,2021-10-12,33.03900891348523,54.55851337022785,Residential,Digital,Irbid_South,0
C10084,2018-03-02,27.95910752755368,46.93866129133052,Residential,Analog,Irbid_North,0
C10098,2021-01-15,27.143695476416433,45.715543214624645,Commercial,Analog,Irbid_South,0
C10012,2020-01-21,61.69913398873665,97.54870098310496,Commercial,Analog,Irbid_North,0
C10071,2019-01-26,30.36981464941367,50.554721974120504,Commercial,Analog,Irbid_East,0
C10061,2018-06-30,35.388057452192406,58.082086178288606,Residential,Analog,Irbid_South,0
C10055,2018-04-01,23.88522808898739,40.827842133481084,Residential,Analog,Irbid_West,0
C10030,2018-08-29,36.65152602645853,59.97728903968779,Residential,Analog,Irbid_East,0
C10067,2018-11-27,14.197229449187972,26.29584417378196,Residential,Analog,Center,0
C10079,2018-05-01,28.35024140020173,47.525362100302594,Residential,Digital,Irbid_North,0
C10048,2019-05-26,31.683248404954455,52.52487260743168,Residential,Digital,Irbid_West,0
C10051,2020-08-18,34.38754928511848,56.58132392767772,Residential,Digital,Irbid_South,0
C10037,2018-11-27,13.270182143229647,24.90527321484447,Residential,Analog,Irbid_South,0
C10095,2020-02-20,20.636702567655895,35.95505385148384,Residential,Analog,Irbid_West,1
C10031,2022-02-09,20.9383724169851,36.40755862547765,Residential,Analog,Irbid_West,0
C10009,2018-07-30,35.61044846871073,58.41567270306609,Residential,Analog,Irbid_East,0
C10029,2018-08-29,78.46644053703568,122.69966080555352,Commercial,Analog,Irbid_South,1
C10038,2018-10-28,30.034473680871578,50.05171052130737,Residential,Digital,Center,0
C10058,2022-05-10,339.23042809690156,513.8456421453524,Industrial,Analog,Irbid_West,0
C10074,2020-12-16,37.86887143928978,61.803307158934665,Commercial,Analog,Irbid_North,0
C10039,2021-04-15,16.87620681418908,30.31431022128362,Residential,Digital,Irbid_South,0
C10014,2018-03-02,10.09383558598557,20.140753378978353,Residential,Digital,Center,1
C10009,2021-05-15,34.69219462514103,57.03829193771154,Residential,Analog,Irbid_East,0
C10009,2021-06-14,41.379791864328745,67.06968779649311,Residential,Analog,Irbid_East,0
C10069,2019-07-25,15.356427075820434,28.03464061373065,Residential,Analog,Irbid_South,0
C10049,2022-11-06,25.41664922951721,43.124973844275814,Residential,Analog,Irbid_South,0
C10079,2021-10-12,32.38589385224323,53.57884077836484,Residential,Digital,Irbid_North,0
C10100,2018-07-30,40.56505314462954,65.84757971694431,Residential,Analog,Center,0
C10040,2022-10-07,28.856005341809308,48.28400801271396,Residential,Analog,Irbid_West,0
C10037,2021-11-11,15.402537842246748,28.103806763370123,Residential,Analog,Irbid_South,0
C10077,2018-04-01,23.821839911538905,40.73275986730836,Residential,Digital,Irbid_East,0
C10014,2018-01-01,13.869907141777755,25.80486071266663,Residential,Digital,Center,1
C10079,2022-05-10,29.264180336744968,48.89627050511745,Residential,Digital,Irbid_North,0
C10069,2018-01-01,7.991366315035011,16.987049472552517,Residential,Analog,Irbid_South,0
C10026,2018-11-27,11.682795155522708,22.52419273328406,Residential,Analog,Irbid_East,0
C10032,2019-10-23,8.810500519255385,18.215750778883077,Commercial,Analog,Irbid_West,1
C10011,2022-03-11,7.677045068725309,16.515567603087963,Residential,Digital,Irbid_South,0
C10068,2018-10-28,26.16593968092186,44.248909521382785,Residential,Analog,Irbid_South,0
C10031,2018-01-31,17.189876733966038,30.784815100949057,Residential,Analog,Irbid_West,0
C10007,2018-09-28,39.41136689085514,64.11705033628272,Residential,Analog,Irbid_East,0
C10093,2020-01-21,15.740537622175045,28.610806433262567,Residential,Analog,Irbid_East,0
C10073,2019-01-26,21.99850765570818,37.99776148356227,Residential,Digital,Irbid_South,0
C10002,2022-10-07,64.44651093830117,101.66976640745176,Commercial,Analog,Irbid_South,0
C10007,2019-05-26,,57.8347698939851,Residential,Analog,Irbid_East,0
C10004,2020-12-16,2.912046547429797,9.368069821144696,Residential,Analog,Center,1
C10037,2022-08-08,23.649696487573735,40.4745447313606,Residential,Analog,Irbid_South,0
C10077,2021-08-13,27.894637563562352,46.841956345343526,Residential,Digital,Irbid_East,0
C10027,2022-05-10,32.887217129494076,54.33082569424111,Residential,Digital,Irbid_North,0
C10049,2018-04-01,38.55933170537282,62.83899755805923,Residential,Analog,Irbid_South,0
C10090,2022-09-07,38.486159694920225,62.72923954238034,Residential,Digital,Irbid_West,0
C10091,2021-01-15,6.9782306823456,15.4673460235184,Residential,Smart,Irbid_South,0
C10017,2018-03-02,12.032715653709506,23.04907348056426,Residential,Analog,Irbid_West,0
C10091,2022-05-10,18.383232993363478,32.57484949004522,Residential,Smart,Irbid_South,0
C10042,2022-02-09,9.02577397236462,18.53866095854693,Residential,Analog,Irbid_West,0
C10095,2021-11-11,28.077340017806968,47.116010026710455,Residential,Analog,Irbid_West,1
C10077,2022-01-10,10.70420711964125,21.056310679461873,Residential,Digital,Irbid_East,0
C10069,2018-01-31,7.729154761898335,16.5937321428475,Residential,Analog,Irbid_South,0
C10006,2022-11-06,64.65934574461103,101.98901861691655,Commercial,Digital,Irbid_South,0
C10021,2021-10-12,12.478375336271352,23.717563004407026,Residential,Analog,Center,0
C10057,2021-12-11,22.852918898761267,39.279378348141904,Residential,Analog,Center,0
C10083,2020-09-17,223.84405000955465,340.766075014332,Industrial,Digital,Irbid_North,0
C10041,2019-03-27,36.56365103213925,59.84547654820887,Commercial,Analog,Irbid_North,0
C10094,2022-08-08,43.861759725956496,70.79263958893475,Residential,Digital,Irbid_South,0
C10086,2019-02-25,17.39179249875503,31.087688748132546,Residential,Analog,Center,0
C10037,2020-01-21,15.442143753753546,28.16321563063032,Residential,Analog,Irbid_South,0
C10092,2022-02-09,20.703458181330596,36.05518727199589,Residential,Analog,Irbid_North,0
C10043,2021-11-11,8.197505843907019,17.29625876586053,Residential,Analog,Irbid_West,0
C10058,2018-04-01,318.6830163513476,483.0245245270214,Industrial,Analog,Irbid_West,0
C10034,2022-09-07,209.39200400768325,319.0880060115249,Industrial,Digital,Irbid_West,0
C10099,2020-01-21,28.795105908825374,48.19265886323806,Commercial,Analog,Irbid_South,0
C10013,2022-04-10,33.68448127666415,55.52672191499623,Residential,Digital,Irbid_South,0
C10022,2019-12-22,8.495788948555699,17.74368342283355,Residential,Analog,Irbid_North,0
C10093,2022-01-10,15.20639746774304,27.80959620161456,Residential,Analog,Irbid_East,0
C10060,2019-10-23,63.86082927531449,100.79124391297174,Commercial,Analog,Irbid_East,0
C10096,2021-01-15,16.749923724641764,30.124885586962648,Residential,Analog,Center,0
C10044,2018-07-30,28.29927491772331,47.448912376584964,Residential,Digital,Center,0
C10093,2019-05-26,24.403281919201852,41.60492287880278,Residential,Analog,Irbid_East,0
C10024,2020-10-17,31.113126680314906,51.66969002047236,Residential,Analog,Irbid_North,0
C10021,2020-10-17,15.343352886895062,28.015029330342593,Residential,Analog,Center,0
C10075,2019-04-26,11.25798697312031,21.886980459680466,Residential,Smart,Irbid_South,0
C10008,2019-03-27,79.22856491140864,123.84284736711297,Commercial,Analog,Irbid_South,0
C10028,2022-06-09,44.439284915262455,71.65892737289369,Residential,Analog,Irbid_South,0
C10055,2022-11-06,19.135109982108176,33.702664973162264,Residential,Analog,Irbid_West,0
C10007,2018-05-31,34.23152102916049,56.347281543740735,Residential,Analog,Irbid_East,0
C10064,2021-05-15,37.86034400799629,61.790516011994434,Residential,Analog,Irbid_West,0
C10004,2022-03-11,1.8214908319806833,7.732236247971025,Residential,Analog,Center,1
C10086,2022-05-10,38.376833087343336,62.56524963101501,Residential,Analog,Center,0
C10003,2020-03-21,18.32562565247536,32.488438478713036,Residential,Analog,Irbid_West,0
C10090,2019-06-25,40.104972811874674,65.157459217812,Residential,Digital,Irbid_West,0
C10052,2020-04-20,19.591849844828285,34.387774767242426,Residential,Analog,Irbid_South,0
C10080,2020-11-16,12.896433327911742,24.344649991867612,Residential,Digital,Irbid_East,0
C10060,2019-02-25,41.42457107603549,67.13685661405324,Commercial,Analog,Irbid_East,0
C10007,2021-11-11,20.846621589776987,36.26993238466548,Residential,Analog,Irbid_East,0
C10094,2019-03-27,,44.22814207495853,Residential,Digital,Irbid_South,0
C10058,2020-12-16,160.42588566257095,245.6388284938564,Industrial,Analog,Irbid_West,0
C10035,2022-02-09,15.017624311547934,27.5264364673219,Residential,Digital,Irbid_West,0
C10002,2020-02-20,41.559377807796466,67.3390667116947,Commercial,Analog,Irbid_South,0
C10060,2020-12-16,45.230768422302546,72.84615263345381,Commercial,Analog,Irbid_East,0
C10055,2020-07-19,33.58735283104313,55.381029246564694,Residential,Analog,Irbid_West,0
C10015,2018-05-01,57.66151024989027,91.4922653748354,Commercial,Digital,Irbid_North,1
C10018,2018-11-27,18.767214315881713,33.15082147382257,Residential,Digital,Irbid_West,1
C10081,2019-05-26,41.424214336307074,67.13632150446061,Residential,Digital,Irbid_North,0
C10073,2022-03-11,30.104716742430018,50.15707511364503,Residential,Digital,Irbid_South,0
C10066,2020-12-16,38.335215601169814,62.502823401754725,Commercial,Analog,Irbid_East,0
C10050,2021-11-11,16.16561962958854,29.24842944438281,Residential,Analog,Irbid_East,0
C10074,2018-12-27,45.580705106238625,73.37105765935794,Commercial,Analog,Irbid_North,0
C10044,2021-12-11,15.675299303301426,28.512948954952137,Residential,Digital,Center,0
C10064,2022-05-10,33.16177966884548,54.742669503268225,Residential,Analog,Irbid_West,0
C10065,2019-03-27,18.902404140775445,33.35360621116317,Residential,Digital,Center,0
C10015,2019-03-27,49.102232474751744,78.65334871212761,Commercial,Digital,Irbid_North,1
C10051,2018-04-01,23.302257346226302,39.953386019339455,Residential,Digital,Irbid_South,0
C10002,2019-06-25,71.42510600411812,112.13765900617719,Commercial,Analog,Irbid_South,0
C10050,2022-04-10,22.37368236352535,38.56052354528803,Residential,Analog,Irbid_East,0
C10038,2020-03-21,31.322068880440458,51.98310332066069,Residential,Digital,Center,0
C10099,2022-11-06,39.507280357204145,64.26092053580622,Commercial,Analog,Irbid_South,0
C10093,2018-11-27,19.73991806975473,34.60987710463209,Residential,Analog,Irbid_East,0
C10093,2022-04-10,20.742483545619617,36.113725318429424,Residential,Analog,Irbid_East,0
C10013,2021-02-14,18.388837871897568,32.583256807846354,Residential,Digital,Irbid_South,0
C10070,2018-09-28,16.128809887381447,29.19321483107217,Residential,Analog,Irbid_North,0
C10056,2022-07-09,24.54104855592692,41.81157283389038,Residential,Analog,Irbid_North,0
C10014,2018-08-29,16.618286252683525,29.927429379025288,Residential,Digital,Center,1
C10038,2022-11-06,28.925181349573034,48.38777202435955,Residential,Digital,Center,0
C10063,2020-07-19,30.78835895062384,51.18253842593576,Residential,Smart,Center,0
C10082,2021-05-15,20.10046915301969,35.15070372952954,Residential,Analog,Irbid_East,1
C10084,2021-12-11,22.997746774234322,39.49662016135149,Residential,Analog,Irbid_North,0
C10085,2020-05-20,34.67232139557508,57.00848209336262,Residential,Analog,Irbid_North,0
C10061,2020-07-19,46.06808684664261,74.10213026996391,Residential,Analog,Irbid_South,0
C10089,2018-01-01,7.916270245031403,16.874405367547105,Residential,Analog,Irbid_East,0
C10064,2022-08-08,39.46899715140073,64.20349572710109,Residential,Analog,Irbid_West,0
C10037,2019-04-26,21.935543300276876,37.903314950415314,Residential,Analog,Irbid_South,0
C10008,2018-05-01,113.28373466920993,174.9256020038149,Commercial,Analog,Irbid_South,0
C10007,2020-08-18,38.78719845186596,63.18079767779894,Residential,Analog,Irbid_East,0
C10076,2019-06-25,33.94815574399631,55.922233615994465,Residential,Analog,Irbid_South,0
C10096,2019-11-22,22.37567114631847,38.56350671947771,Residential,Analog,Center,0
C10038,2019-07-25,49.28953930584354,78.93430895876531,Residential,Digital,Center,0
C10002,2021-08-13,82.93746654683673,129.4061998202551,Commercial,Analog,Irbid_South,0
C10045,2020-08-18,92.62698809184072,143.94048213776108,Commercial,Digital,Center,0
C10093,2019-09-23,30.27929482087572,50.41894223131358,Residential,Analog,Irbid_East,0
C10063,2018-01-01,13.508975661376496,25.263463492064744,Residential,Smart,Center,0
C10035,2020-04-20,26.239044107772433,44.35856616165865,Residential,Digital,Irbid_West,0
C10068,2021-02-14,18.895111315970087,33.34266697395513,Residential,Analog,Irbid_South,0
C10059,2019-01-26,19.68853284492714,34.53279926739071,Residential,Analog,Center,0
C10033,2020-04-20,113.21283878316011,174.81925817474016,Commercial,Smart,Center,0
C10025,2019-07-25,17.815685100702765,31.723527651054148,Residential,Digital,Center,0
C10030,2020-04-20,29.510550936486677,49.265826404730014,Residential,Analog,Irbid_East,0
C10055,2022-10-07,27.46355832634657,46.19533748951985,Residential,Analog,Irbid_West,0
C10081,2018-06-30,45.076262679776505,72.61439401966476,Residential,Digital,Irbid_North,0
C10066,2018-12-27,42.27119515582785,68.40679273374177,Commercial,Analog,Irbid_East,0
C10097,2021-04-15,47.0568583873795,75.58528758106925,Commercial,Analog,Center,0
C10027,2020-03-21,28.195262733469693,47.29289410020454,Residential,Digital,Irbid_North,0
C10079,2018-05-31,34.18094100079468,56.27141150119202,Residential,Digital,Irbid_North,0
C10029,2022-03-11,6.920002401276004,15.380003601914005,Commercial,Analog,Irbid_South,1
C10097,2018-11-27,36.89600698094538,60.34401047141807,Commercial,Analog,Center,0
C10087,2018-08-29,21.963424451363124,37.94513667704469,Residential,Analog,Center,1
C10004,2018-03-02,31.393499675364467,52.0902495130467,Residential,Analog,Center,1
C10030,2022-03-11,21.897230060202116,37.84584509030317,Residential,Analog,Irbid_East,0
C10040,2019-03-27,28.39081205465677,47.58621808198515,Residential,Analog,Irbid_West,0
C10033,2019-08-24,126.88547559451244,195.32821339176866,Commercial,Smart,Center,0
C10012,2021-06-14,104.46466915628623,161.69700373442936,Commercial,Analog,Irbid_North,0
C10041,2021-06-14,70.0482601152763,110.07239017291445,Commercial,Analog,Irbid_North,0
C10082,2020-06-19,27.671702148911137,46.507553223366706,Residential,Analog,Irbid_East,1
C10009,2019-04-26,25.972670960628406,43.95900644094261,Residential,Analog,Irbid_East,0
C10079,2020-05-20,33.34537459512495,55.01806189268743,Residential,Digital,Irbid_North,0
C10008,2021-08-13,132.15929929612818,203.23894894419226,Commercial,Analog,Irbid_South,0
C10065,2021-04-15,21.606667522171417,37.410001283257124,Residential,Digital,Center,0
C10091,2018-05-01,16.406053678454867,29.6090805176823,Residential,Smart,Irbid_South,0
C10003,2022-04-10,20.214272901222547,35.32140935183382,Residential,Analog,Irbid_West,0
C10034,2021-04-15,179.6891223852364,274.5336835778546,Industrial,Digital,Irbid_West,0
C10097,2022-01-10,32.60983469829301,53.91475204743951,Commercial,Analog,Center,0
C10090,2022-06-09,43.79832053840972,70.69748080761458,Residential,Digital,Irbid_West,0
C10043,2019-08-24,150.5286132988551,27.579291994828267,Residential,Analog,Irbid_West,0
C10011,2018-05-31,12.298086333416762,23.447129500125143,Residential,Digital,Irbid_South,0
C10034,2020-05-20,212.8149469147244,324.2224203720866,Industrial,Digital,Irbid_West,0
C10038,2021-04-15,29.684730754843876,49.52709613226581,Residential,Digital,Center,0
C10052,2019-12-22,12.281330271684814,23.42199540752722,Residential,Analog,Irbid_South,0
C10036,2018-12-27,14.062806101645306,26.094209152467958,Residential,Analog,Center,1
C10016,2018-01-01,18.530610750788608,32.79591612618291,Residential,Digital,Irbid_North,0
C10025,2018-06-30,17.317756320491487,30.976634480737232,Residential,Digital,Center,0
C10032,2022-03-11,6.8023403254304124,15.203510488145618,Commercial,Analog,Irbid_West,1
C10060,2018-03-02,48.16280146468516,77.24420219702773,Commercial,Analog,Irbid_East,0
C10045,2022-09-07,78.77259592806892,123.15889389210338,Commercial,Digital,Center,0
C10097,2021-11-11,41.75338744205623,67.63008116308434,Commercial,Analog,Center,0
C10062,2018-03-02,36.17019463264941,59.25529194897412,Commercial,Analog,Irbid_West,0
C10013,2019-09-23,29.622027564581664,49.4330413468725,Residential,Digital,Irbid_South,0
C10039,2019-01-26,11.564054627726652,22.34608194158998,Residential,Digital,Irbid_South,0
C10041,2022-04-10,53.09221104179974,84.63831656269961,Commercial,Analog,Irbid_North,0
C10064,2018-04-01,22.886052109249853,39.32907816387478,Residential,Analog,Irbid_West,0
C10092,2018-05-01,35.017680552166155,57.52652082824923,Residential,Analog,Irbid_North,0
C10021,2018-06-30,14.789042118733743,27.183563178100613,Residential,Analog,Center,0
C10009,2020-05-20,32.57935900998533,53.869038514978,Residential,Analog,Irbid_East,0
C10062,2022-08-08,66.41482668115322,104.62224002172982,Commercial,Analog,Irbid_West,0
C10084,2021-07-14,47.22774090634137,75.84161135951206,Residential,Analog,Irbid_North,0
C10064,2018-01-31,19.072832395457635,33.60924859318645,Residential,Analog,Irbid_West,0
C10068,2020-07-19,36.13046156831243,59.19569235246864,Residential,Analog,Irbid_South,0
C10092,2020-03-21,27.543525741303526,46.31528861195529,Residential,Analog,Irbid_North,0
C10026,2022-01-10,9.700459354379932,19.5506890315699,Residential,Analog,Irbid_East,0
C10051,2020-05-20,26.59911870000522,44.89867805000783,Residential,Digital,Irbid_South,0
C10077,2018-07-30,29.836260803503546,49.75439120525532,Residential,Digital,Irbid_East,0
C10037,2021-06-14,27.60425483220056,46.406382248300844,Residential,Analog,Irbid_South,0
C10043,2021-10-12,,23.86493229062421,Residential,Analog,Irbid_West,0
C10065,2020-05-20,23.839510046288556,40.759265069432836,Residential,Digital,Center,0
C10035,2018-05-01,26.443663231465134,44.6654948471977,Residential,Digital,Irbid_West,0
C10013,2021-11-11,26.94439036398398,45.41658554597597,Residential,Digital,Irbid_South,0
C10099,2020-05-20,52.91078739183611,84.36618108775417,Commercial,Analog,Irbid_South,0
C10063,2022-06-09,28.842678209316105,48.26401731397416,Residential,Smart,Center,0
C10062,2021-03-16,41.07121852598414,66.60682778897622,Commercial,Analog,Irbid_West,0
C10026,2018-08-29,19.31618150880303,33.97427226320455,Residential,Analog,Irbid_East,0
C10053,2019-02-25,25.328282920926696,42.992424381390045,Residential,Smart,Center,0
C10063,2021-05-15,25.881439310157795,43.822158965236696,Residential,Smart,Center,0
C10099,2019-03-27,47.86775325934979,76.80162988902468,Commercial,Analog,Irbid_South,0
C10008,2018-01-31,68.91104067411368,108.36656101117052,Commercial,Analog,Irbid_South,0
C10003,2018-04-01,19.733860992445212,34.60079148866782,Residential,Analog,Irbid_West,0
C10084,2022-03-11,24.630530806974463,41.945796210461694,Residential,Analog,Irbid_North,0
C10064,2019-03-27,281.36965768468747,47.205448652703126,Residential,Analog,Irbid_West,0
C10055,2022-04-10,21.32187490327215,36.982812354908226,Residential,Analog,Irbid_West,0
C10014,2021-03-16,1.4064280341051605,7.10964205115774,Residential,Digital,Center,1
C10024,2019-11-22,28.890583856272485,48.33587578440873,Residential,Analog,Irbid_North,0
C10024,2018-03-02,27.218534821433494,45.82780223215024,Residential,Analog,Irbid_North,0
C10036,2021-12-11,21.405624282413196,37.10843642361979,Residential,Analog,Center,1
C10085,2022-07-09,40.327109465687634,65.49066419853145,Residential,Analog,Irbid_North,0
C10027,2019-03-27,24.70444184737301,42.056662771059514,Residential,Digital,Irbid_North,0
C10028,2019-06-25,39.22036414087982,63.830546211319735,Residential,Analog,Irbid_South,0
C10030,2022-07-09,38.47733028994833,62.71599543492249,Residential,Analog,Irbid_East,0
C10056,2020-07-19,25.972044440739445,43.95806666110917,Residential,Analog,Irbid_North,0
C10098,2018-10-28,52.68997697982236,84.03496546973355,Commercial,Analog,Irbid_South,0
C10092,2021-01-15,13.572493542440528,25.358740313660793,Residential,Analog,Irbid_North,0
C10007,2021-03-16,19.697649207499985,34.54647381124998,Residential,Analog,Irbid_East,0
C10053,2020-07-19,41.80999877519271,67.71499816278907,Residential,Smart,Center,0
C10039,2020-06-19,29.871076217597484,49.80661432639623,Residential,Digital,Irbid_South,0
C10015,2021-06-14,70.26837424660529,5.2862913906780795,Commercial,Digital,Irbid_North,1
C10060,2020-01-21,53.320750470961016,84.98112570644153,Commercial,Analog,Irbid_East,0
C10047,2022-04-10,32.30295378276667,53.454430674150004,Residential,Analog,Irbid_North,0
C10020,2021-03-16,11.257480901273574,21.88622135191036,Residential,Digital,Irbid_East,0
C10023,2020-08-18,33.917182457171606,55.87577368575741,Residential,Digital,Irbid_West,0
C10067,2018-05-01,17.294385843785815,30.94157876567872,Residential,Analog,Center,0
C10096,2022-03-11,19.744940717665255,34.61741107649788,Residential,Analog,Center,0
C10036,2020-06-19,17.220678587561846,30.831017881342767,Residential,Analog,Center,1
C10017,2019-10-23,15.696811998628501,28.54521799794275,Residential,Analog,Irbid_West,0
C10008,2020-12-16,53.211470967172914,84.81720645075937,Commercial,Analog,Irbid_South,0
C10025,2021-10-12,14.429505106184436,26.644257659276654,Residential,Digital,Center,0
C10018,2022-11-06,20.426635222987663,5.844818498847348,Residential,Digital,Irbid_West,1
C10033,2020-06-19,124.25811103199555,191.38716654799333,Commercial,Smart,Center,0
C10087,2022-01-10,0.0,5.0,Residential,Analog,Center,1
C10012,2020-05-20,100.87272365080577,156.30908547620865,Commercial,Analog,Irbid_North,0
C10041,2020-05-20,56.75453541471194,90.13180312206791,Commercial,Analog,Irbid_North,0
C10011,2021-05-15,11.163450369349022,21.745175554023533,Residential,Digital,Irbid_South,0
C10040,2022-04-10,31.555535667702657,52.333303501553985,Residential,Analog,Irbid_West,0
C10048,2018-05-31,,54.04198401720804,Residential,Digital,Irbid_West,0
C10033,2020-09-17,112.48823623525583,173.73235435288373,Commercial,Smart,Center,0
C10059,2022-10-07,35.245582575206605,57.868373862809904,Residential,Analog,Center,0
C10077,2020-07-19,29.97692558249998,49.965388373749974,Residential,Digital,Irbid_East,0
C10051,2022-10-07,22.632372009272817,38.94855801390923,Residential,Digital,Irbid_South,0
C10076,2022-02-09,20.119737353749752,35.179606030624626,Residential,Analog,Irbid_South,0
C10076,2020-11-16,26.289183431657925,44.433775147486884,Residential,Analog,Irbid_South,0
C10046,2018-10-28,21.64377341859958,37.46566012789937,Residential,Digital,Irbid_West,0
C10019,2018-04-01,24.852171422470537,42.27825713370581,Residential,Analog,Irbid_West,0
C10092,2020-08-18,39.92064080764925,64.88096121147387,Residential,Analog,Irbid_North,0
C10097,2019-01-26,29.63113050114668,49.446695751720014,Commercial,Analog,Center,0
C10070,2019-08-24,16.615036041909555,29.922554062864332,Residential,Analog,Irbid_North,0
C10032,2019-12-22,5.057287681256187,12.58593152188428,Commercial,Analog,Irbid_West,1
C10076,2022-06-09,33.39901802659829,55.098527039897434,Residential,Analog,Irbid_South,0
C10007,2020-05-20,35.86011269507603,58.79016904261405,Residential,Analog,Irbid_East,0
C10042,2020-10-17,13.60707714068601,25.410615711029017,Residential,Analog,Irbid_West,0
C10031,2022-03-11,20.778911437421502,36.168367156132256,Residential,Analog,Irbid_West,0
C10051,2020-12-16,15.212995075263969,27.819492612895953,Residential,Digital,Irbid_South,0
C10088,2020-08-18,45.02367364046262,72.53551046069393,Residential,Analog,Irbid_South,0
C10061,2018-04-01,26.058733702106228,44.08810055315934,Residential,Analog,Irbid_South,0
C10015,2018-05-31,62.36274154243683,98.54411231365525,Commercial,Digital,Irbid_North,1
C10010,2018-03-02,67.02860620919228,105.54290931378841,Commercial,Analog,Irbid_East,0
C10063,2018-05-01,25.97329898547869,43.95994847821803,Residential,Smart,Center,0
C10002,2020-07-19,84.97022816165175,132.45534224247763,Commercial,Analog,Irbid_South,0
C10062,2019-07-25,58.22805364360268,92.34208046540402,Commercial,Analog,Irbid_West,0
C10098,2020-07-19,72.72362537041842,114.08543805562763,Commercial,Analog,Irbid_South,0
C10096,2022-05-10,34.004893626940984,56.007340440411475,Residential,Analog,Center,0
C10033,2022-11-06,72.7764403989123,114.16466059836844,Commercial,Smart,Center,0
C10055,2018-05-01,30.192758334195986,50.28913750129398,Residential,Analog,Irbid_West,0
C10097,2021-08-13,58.51036035135334,92.76554052703001,Commercial,Analog,Center,0
C10053,2020-06-19,40.47277861670302,65.70916792505453,Residential,Smart,Center,0
C10083,2020-07-19,256.76674666057164,390.15011999085743,Industrial,Digital,Irbid_North,0
C10070,2018-05-31,16.52339460292144,29.785091904382156,Residential,Analog,Irbid_North,0
C10074,2019-11-22,58.64127621017006,92.96191431525509,Commercial,Analog,Irbid_North,0
C10050,2019-12-22,11.152034262480534,21.7280513937208,Residential,Analog,Irbid_East,0
C10058,2021-07-14,422.979470059158,639.469205088737,Industrial,Analog,Irbid_West,0
C10043,2018-09-28,13.285116480474436,24.927674720711654,Residential,Analog,Irbid_West,0
C10080,2020-12-16,12.157897174981114,23.23684576247167,Residential,Digital,Irbid_East,0
C10028,2022-08-08,39.37496909629547,64.06245364444321,Residential,Analog,Irbid_South,0
C10018,2020-04-20,23.66717103255232,5.474469994918797,Residential,Digital,Irbid_West,1
C10050,2018-09-28,26.683948595243386,45.02592289286508,Residential,Analog,Irbid_East,0
C10033,2021-04-15,110.14827694887653,170.2224154233148,Commercial,Smart,Center,0
C10043,2018-10-28,11.095858266838116,21.643787400257175,Residential,Analog,Irbid_West,0
C10076,2021-01-15,18.14234905400394,32.21352358100591,Residential,Analog,Irbid_South,0
C10083,2020-10-17,176.9504603199599,270.4256904799398,Industrial,Digital,Irbid_North,0
C10068,2018-03-02,24.021126124532216,41.031689186798324,Residential,Analog,Irbid_South,0
C10004,2022-09-07,2.0058574181582154,8.008786127237324,Residential,Analog,Center,1
C10099,2021-05-15,51.730962303529665,82.59644345529449,Commercial,Analog,Irbid_South,0
C10087,2021-06-14,0.0,5.0,Residential,Analog,Center,1
C10019,2022-05-10,34.31955716485791,56.47933574728687,Residential,Analog,Irbid_West,0
C10049,2018-01-01,26.924984063056613,45.38747609458492,Residential,Analog,Irbid_South,0
C10031,2018-05-31,31.323435356815224,51.98515303522284,Residential,Analog,Irbid_West,0
C10084,2020-05-20,39.22538299242696,63.83807448864044,Residential,Analog,Irbid_North,0
C10003,2021-07-14,30.94978147685449,51.42467221528173,Residential,Analog,Irbid_West,0
C10078,2022-08-08,60.58170585436818,95.87255878155227,Commercial,Analog,Center,0
C10097,2018-04-01,46.759339873857336,75.139009810786,Commercial,Analog,Center,0
C10096,2018-05-31,34.66080319032532,56.99120478548798,Residential,Analog,Center,0
C10075,2020-08-18,16.845961724693232,30.26894258703985,Residential,Smart,Irbid_South,0
C10088,2022-06-09,39.07760058340311,63.61640087510467,Residential,Analog,Irbid_South,0
C10073,2021-12-11,19.92510873866396,34.887663107995934,Residential,Digital,Irbid_South,0
C10005,2020-01-21,20.579085673385524,35.86862851007829,Residential,Digital,Irbid_West,0
C10064,2022-11-06,19.599472572098772,34.39920885814816,Residential,Analog,Irbid_West,0
C10034,2019-09-23,199.289451731961,303.9341775979415,Industrial,Digital,Irbid_West,0
C10031,2018-11-27,21.07064681394069,36.60597022091103,Residential,Analog,Irbid_West,0
C10055,2021-01-15,15.649608012148413,28.47441201822262,Residential,Analog,Irbid_West,0
C10018,2022-03-11,21.28217799951964,5.340648087210235,Residential,Digital,Irbid_West,1
C10050,2021-02-14,17.303481668898925,30.955222503348388,Residential,Analog,Irbid_East,0
C10072,2021-06-14,34.09602241029827,56.1440336154474,Residential,Analog,Irbid_West,0
C10049,2020-02-20,30.618302922832722,50.92745438424908,Residential,Analog,Irbid_South,0
C10073,2018-12-27,22.77617167264506,39.16425750896759,Residential,Digital,Irbid_South,0
C10093,2020-10-17,19.934241004213032,34.901361506319546,Residential,Analog,Irbid_East,0
C10024,2021-12-11,25.192998207016167,42.789497310524254,Residential,Analog,Irbid_North,0
C10007,2021-02-14,24.358849851892554,41.53827477783883,Residential,Analog,Irbid_East,0
C10068,2020-03-21,,34.85205089234118,Residential,Analog,Irbid_South,0
C10099,2022-09-07,58.15535424281935,92.23303136422902,Commercial,Analog,Irbid_South,0
C10016,2021-11-11,23.7434439835173,40.61516597527595,Residential,Digital,Irbid_North,0
C10052,2019-06-25,28.113848929190624,47.170773393785936,Residential,Analog,Irbid_South,0
C10053,2019-06-25,49.055793996071664,78.5836909941075,Residential,Smart,Center,0
C10091,2018-04-01,12.061317689489304,23.091976534233957,Residential,Smart,Irbid_South,0
C10083,2022-06-09,277.64726983864284,421.47090475796426,Industrial,Digital,Irbid_North,0
C10097,2022-11-06,40.06820970595887,65.1023145589383,Commercial,Analog,Center,0
C10087,2021-03-16,0.0,5.0,Residential,Analog,Center,1
C10054,2022-01-10,9.084038471622529,18.626057707433795,Residential,Digital,Center,0
C10068,2022-10-07,25.79049251510935,43.685738772664024,Residential,Analog,Irbid_South,0
C10025,2018-12-27,8.328060365710801,17.492090548566203,Residential,Digital,Center,0
C10010,2022-05-10,107.57807106530103,166.36710659795153,Commercial,Analog,Irbid_East,0
C10046,2020-01-21,12.647752836804031,23.971629255206047,Residential,Digital,Irbid_West,0
C10001,2021-05-15,31.574735137983335,52.362102706975,Residential,Analog,Center,0
C10010,2019-08-24,123.6120521988266,190.4180782982399,Commercial,Analog,Irbid_East,0
C10082,2019-08-24,22.3766520688039,38.564978103205846,Residential,Analog,Irbid_East,1
C10070,2020-01-21,6.027735763365962,14.041603645048944,Residential,Analog,Irbid_North,0
C10009,2018-09-28,33.731673172849874,55.597509759274814,Residential,Analog,Irbid_East,0
C10005,2018-04-01,31.95333305393024,52.92999958089536,Residential,Digital,Irbid_West,0
C10053,2022-04-10,31.515444729616856,52.27316709442528,Residential,Smart,Center,0
C10023,2019-07-25,33.092744090893724,54.63911613634059,Residential,Digital,Irbid_West,0
C10067,2022-11-06,16.036458171295845,29.054687256943765,Residential,Analog,Center,0
C10070,2021-08-13,14.905688238018092,27.358532357027137,Residential,Analog,Irbid_North,0
C10007,2021-09-12,35.880068392541126,58.82010258881169,Residential,Analog,Irbid_East,0
C10025,2018-03-02,12.11676188434311,23.175142826514666,Residential,Digital,Center,0
C10005,2019-09-23,29.203796510583164,48.80569476587475,Residential,Digital,Irbid_West,0
C10067,2020-11-16,13.162961775096019,24.744442662644026,Residential,Analog,Center,0
C10059,2022-09-07,39.0912837039361,63.63692555590415,Residential,Analog,Center,0
C10093,2018-05-01,29.447325660112476,49.17098849016871,Residential,Analog,Irbid_East,0
C10029,2018-09-28,73.47638301188414,115.21457451782621,Commercial,Analog,Irbid_South,1
C10058,2022-10-07,304.27384803126137,461.410772046892,Industrial,Analog,Irbid_West,0
C10029,2021-09-12,6.40422182613704,14.60633273920556,Commercial,Analog,Irbid_South,1
C10021,2018-04-01,10.584728106614783,20.877092159922174,Residential,Analog,Center,0
C10014,2022-06-09,15.4122442032847,28.11836630492705,Residential,Digital,Center,1
C10032,2018-06-30,88.35649032237319,137.53473548355979,Commercial,Analog,Irbid_West,1
C10042,2020-12-16,9.399692384456017,19.099538576684026,Residential,Analog,Irbid_West,0
C10051,2019-04-26,23.155063056950627,39.73259458542594,Residential,Digital,Irbid_South,0
C10076,2022-08-08,32.9883528482436,54.4825292723654,Residential,Analog,Irbid_South,0
C10034,2020-06-19,251.66450430995616,382.49675646493426,Industrial,Digital,Irbid_West,0
C10095,2022-02-09,23.09801127484723,39.64701691227084,Residential,Analog,Irbid_West,1
C10006,2021-04-15,95.49540520068062,148.24310780102093,Commercial,Digital,Irbid_South,0
C10071,2019-02-25,31.919475242650016,52.87921286397503,Commercial,Analog,Irbid_East,0
C10027,2021-05-15,33.00140211832107,54.5021031774816,Residential,Digital,Irbid_North,0
C10047,2020-12-16,19.502848619963018,34.25427292994453,Residential,Analog,Irbid_North,0
C10082,2021-04-15,,51.643512131135765,Residential,Analog,Irbid_East,1
C10095,2021-12-11,-18.142722981044123,5.0,Residential,Analog,Irbid_West,1
C10009,2018-01-01,19.836914374904048,34.755371562356075,Residential,Analog,Irbid_East,0
C10065,2020-11-16,20.109378282107638,35.164067423161455,Residential,Digital,Center,0
C10063,2018-05-31,24.685799693340076,42.028699540010116,Residential,Smart,Center,0
C10069,2018-05-01,13.086616615031483,24.629924922547225,Residential,Analog,Irbid_South,0
C10047,2020-01-21,15.255743620593346,27.883615430890018,Residential,Analog,Irbid_North,0
C10026,2019-11-22,12.571965192199643,23.857947788299466,Residential,Analog,Irbid_East,0
C10061,2019-09-23,33.4680290814924,55.202043622238605,Residential,Analog,Irbid_South,0
C10076,2018-11-27,24.691063867541082,42.03659580131162,Residential,Analog,Irbid_South,0
C10090,2020-11-16,29.983079180301697,49.974618770452544,Residential,Digital,Irbid_West,0
C10094,2021-01-15,20.827822727200207,36.24173409080031,Residential,Digital,Irbid_South,0
C10096,2018-03-02,21.64908004150356,37.473620062255335,Residential,Analog,Center,0
C10014,2019-07-25,19.828696757512898,34.743045136269345,Residential,Digital,Center,1
C10030,2020-02-20,20.145256099761824,35.217884149642735,Residential,Analog,Irbid_East,0
C10091,2019-07-25,17.647620898052093,31.471431347078138,Residential,Smart,Irbid_South,0
C10051,2020-01-21,12.90187332428673,24.352809986430096,Residential,Digital,Irbid_South,0
C10041,2022-05-10,68.20456757017365,107.30685135526048,Commercial,Analog,Irbid_North,0
C10074,2018-06-30,73.0035963205554,114.5053944808331,Commercial,Analog,Irbid_North,0
C10086,2018-07-30,44.201286378538725,71.30192956780809,Residential,Analog,Center,0
C10082,2021-10-12,12.45214364461925,23.678215466928876,Residential,Analog,Irbid_East,1
C10062,2021-08-13,63.56044240026895,100.34066360040342,Commercial,Analog,Irbid_West,0
C10095,2020-03-21,27.22825415386415,45.84238123079622,Residential,Analog,Irbid_West,1
C10007,2018-04-01,35.90241431465534,58.853621471983004,Residential,Analog,Irbid_East,0
C10022,2018-11-27,12.150902899531701,23.22635434929755,Residential,Analog,Irbid_North,0
C10100,2022-08-08,42.41867842576827,68.62801763865241,Residential,Analog,Center,0
C10034,2019-11-22,168.10580206221576,257.15870309332365,Industrial,Digital,Irbid_West,0
C10099,2019-08-24,65.18092486047152,102.77138729070728,Commercial,Analog,Irbid_South,0
C10072,2020-03-21,23.021986494850132,39.5329797422752,Residential,Analog,Irbid_West,0
C10095,2021-05-15,-12.182839973307594,5.0,Residential,Analog,Irbid_West,1
C10084,2020-04-20,29.36233154156997,49.04349731235495,Residential,Analog,Irbid_North,0
C10006,2021-11-11,74.06325303779693,116.09487955669539,Commercial,Digital,Irbid_South,0
C10056,2022-02-09,14.61153221593999,26.917298323909986,Residential,Analog,Irbid_North,0
C10081,2020-03-21,26.307867961336534,44.4618019420048,Residential,Digital,Irbid_North,0
C10061,2019-01-26,16.29965218490078,29.44947827735117,Residential,Analog,Irbid_South,0
C10095,2021-03-16,28.951202131003047,48.42680319650457,Residential,Analog,Irbid_West,1
C10043,2021-06-14,16.215746994363727,29.32362049154559,Residential,Analog,Irbid_West,0
C10051,2020-03-21,15.201755746710202,27.8026336200653,Residential,Digital,Irbid_South,0
C10071,2019-10-23,44.01189207088523,71.01783810632784,Commercial,Analog,Irbid_East,0
C10093,2020-11-16,19.78751165274773,34.6812674791216,Residential,Analog,Irbid_East,0
C10024,2021-07-14,46.461498661331824,74.69224799199773,Residential,Analog,Irbid_North,0
C10011,2022-08-08,14.745183195224122,27.117774792836183,Residential,Digital,Irbid_South,0
C10052,2019-11-22,16.8116897497839,30.21753462467585,Residential,Analog,Irbid_South,0
C10099,2022-08-08,54.08234556038555,86.12351834057833,Commercial,Analog,Irbid_South,0
C10036,2018-03-02,17.624289567807978,31.436434351711966,Residential,Analog,Center,1
C10011,2020-08-18,12.730144747000205,24.09521712050031,Residential,Digital,Irbid_South,0
C10096,2022-06-09,32.03873044181551,53.05809566272326,Residential,Analog,Center,0
C10042,2020-09-17,14.222202507808099,26.33330376171215,Residential,Analog,Irbid_West,0
C10045,2020-01-21,49.770032401640236,79.65504860246035,Commercial,Digital,Center,0
C10083,2019-03-27,123.55267673972432,190.32901510958646,Industrial,Digital,Irbid_North,0
C10081,2022-05-10,45.88350593859853,73.82525890789779,Residential,Digital,Irbid_North,0
C10075,2018-06-30,17.594363109008395,31.39154466351259,Residential,Smart,Irbid_South,0
C10072,2020-07-19,32.45679515425427,53.685192731381406,Residential,Analog,Irbid_West,0
C10039,2022-06-09,26.921302014567146,45.38195302185072,Residential,Digital,Irbid_South,0
C10060,2018-08-29,86.17421355090075,134.26132032635113,Commercial,Analog,Irbid_East,0
C10078,2019-07-25,65.30196446123418,102.95294669185127,Commercial,Analog,Center,0
C10042,2021-04-15,10.573925691338513,20.860888537007767,Residential,Analog,Irbid_West,0
C10061,2019-07-25,36.24904441139407,59.3735666170911,Residential,Analog,Irbid_South,0
C10025,2020-01-21,7.401025285457283,16.101537928185927,Residential,Digital,Center,0
C10072,2020-08-18,33.54218926771876,55.313283901578146,Residential,Analog,Irbid_West,0
C10069,2022-09-07,12.69252875976175,24.038793139642625,Residential,Analog,Irbid_South,0
C10082,2021-01-15,30.862140758056324,51.293211137084484,Residential,Analog,Irbid_East,1
C10002,2022-07-09,80.3748332843341,125.56224992650115,Commercial,Analog,Irbid_South,0
C10031,2019-09-23,29.26297293399784,48.89445940099676,Residential,Analog,Irbid_West,0
C10025,2022-06-09,19.817130638934994,34.72569595840249,Residential,Digital,Center,0
C10041,2018-01-31,40.147865355694364,65.22179803354155,Commercial,Analog,Irbid_North,0
C10065,2020-10-17,18.876229389412472,33.31434408411871,Residential,Digital,Center,0
C10021,2020-08-18,16.093283735211735,29.139925602817602,Residential,Analog,Center,0
C10045,2019-09-23,77.07686448987428,120.61529673481142,Commercial,Digital,Center,0
C10047,2022-09-07,34.094052833599,56.141079250398505,Residential,Analog,Irbid_North,0
C10020,2022-07-09,16.051431573325363,29.077147359988047,Residential,Digital,Irbid_East,0
C10097,2021-09-12,59.29590721357401,93.94386082036101,Commercial,Analog,Center,0
C10020,2019-01-26,6.766887555723877,15.150331333585816,Residential,Digital,Irbid_East,0
C10066,2018-09-28,76.08530085578234,119.1279512836735,Commercial,Analog,Irbid_East,0
C10084,2019-06-25,47.100270292842225,75.65040543926334,Residential,Analog,Irbid_North,0
C10090,2021-05-15,44.97175399720774,72.45763099581161,Residential,Digital,Irbid_West,0
C10001,2022-09-07,30.622471661568266,50.9337074923524,Residential,Analog,Center,0
C10076,2018-12-27,18.642522651855412,32.963783977783116,Residential,Analog,Irbid_South,0
C10065,2021-07-14,28.581722359967454,47.87258353995118,Residential,Digital,Center,0
C10052,2018-01-31,11.957925168128494,22.93688775219274,Residential,Analog,Irbid_South,0
C10087,2022-10-07,0.0,5.0,Residential,Analog,Center,1
C10100,2022-09-07,35.707708808251724,58.561563212377585,Residential,Analog,Center,0
C10029,2022-07-09,12.255813801725584,23.383720702588377,Commercial,Analog,Irbid_South,1
C10091,2022-09-07,19.922016356240643,34.88302453436096,Residential,Smart,Irbid_South,0
C10048,2018-04-01,37.92033662682743,61.88050494024114,Residential,Digital,Irbid_West,0
C10037,2020-12-16,13.147280029044671,24.720920043567006,Residential,Analog,Irbid_South,0
C10003,2021-03-16,17.70968936775498,31.56453405163247,Residential,Analog,Irbid_West,0
C10070,2018-01-31,,19.872184593052424,Residential,Analog,Irbid_North,0
C10042,2019-03-27,9.521477763889147,19.28221664583372,Residential,Analog,Irbid_West,0
C10043,2021-08-13,15.349385687476653,28.02407853121498,Residential,Analog,Irbid_West,0
C10073,2019-04-26,32.14796826040473,53.2219523906071,Residential,Digital,Irbid_South,0
C10086,2018-01-01,16.00593420569165,29.008901308537475,Residential,Analog,Center,0
C10071,2020-04-20,49.48451363366658,79.22677045049987,Commercial,Analog,Irbid_East,0
C10044,2020-04-20,19.833539812590104,34.750309718885156,Residential,Digital,Center,0
C10097,2019-07-25,70.07159453253735,110.10739179880602,Commercial,Analog,Center,0
C10012,2021-11-11,,114.35735729922564,Commercial,Analog,Irbid_North,0
C10051,2021-10-12,23.69662418001601,40.54493627002401,Residential,Digital,Irbid_South,0
C10087,2018-06-30,19.756183562919404,34.634275344379105,Residential,Analog,Center,1
C10019,2019-01-26,15.412563825077019,28.11884573761553,Residential,Analog,Irbid_West,0
C10078,2018-01-01,30.155545456359743,50.23331818453961,Commercial,Analog,Center,0
C10023,2022-08-08,,60.12640032653401,Residential,Digital,Irbid_West,0
C10100,2019-08-24,,62.28243738960492,Residential,Analog,Center,0
C10002,2018-12-27,52.06244767149356,83.09367150724034,Commercial,Analog,Irbid_South,0
C10033,2018-03-02,82.43912565309182,128.65868847963773,Commercial,Smart,Center,0
C10100,2019-02-25,16.851828556565902,30.27774283484885,Residential,Analog,Center,0
C10073,2020-03-21,27.71198445995286,46.56797668992929,Residential,Digital,Irbid_South,0
C10030,2019-12-22,18.609329875547566,32.91399481332135,Residential,Analog,Irbid_East,0
C10013,2019-11-22,28.03307855002966,47.04961782504449,Residential,Digital,Irbid_South,0
C10069,2021-10-12,9.552172556134378,19.328258834201566,Residential,Analog,Irbid_South,0
C10017,2021-09-12,19.72737833595484,34.59106750393226,Residential,Analog,Irbid_West,0
C10045,2020-04-20,76.07289289477843,119.10933934216766,Commercial,Digital,Center,0
C10020,2022-02-09,10.126000582110114,20.18900087316517,Residential,Digital,Irbid_East,0
C10073,2021-02-14,24.09208632804544,41.13812949206816,Residential,Digital,Irbid_South,0
C10044,2019-09-23,20.132246652969148,35.19836997945372,Residential,Digital,Center,0
C10019,2021-09-12,29.629894246287634,49.44484136943145,Residential,Analog,Irbid_West,0
C10021,2021-05-15,16.992558653586332,30.4888379803795,Residential,Analog,Center,0
C10087,2019-04-26,142.4744973443637,26.371174601654552,Residential,Analog,Center,1
C10091,2020-04-20,13.103284963729598,24.654927445594396,Residential,Smart,Irbid_South,0
C10084,2019-03-27,22.363927856518455,38.54589178477768,Residential,Analog,Irbid_North,0
C10096,2018-09-28,24.886138973200126,42.329208459800185,Residential,Analog,Center,0
C10056,2022-03-11,13.438799747757088,25.15819962163563,Residential,Analog,Irbid_North,0
C10017,2021-02-14,10.582400242078354,20.873600363117532,Residential,Analog,Irbid_West,0
C10076,2018-05-31,30.956102444287,51.434153666430504,Residential,Analog,Irbid_South,0
C10064,2021-08-13,41.22151095060743,66.83226642591114,Residential,Analog,Irbid_West,0
C10067,2021-12-11,9.017248946807932,18.525873420211898,Residential,Analog,Center,0
C10054,2022-10-07,13.887065765542403,25.830598648313604,Residential,Digital,Center,0
C10045,2021-08-13,91.314760624667,141.97214093700052,Commercial,Digital,Center,0
C10088,2020-03-21,33.33134833689996,54.99702250534993,Residential,Analog,Irbid_South,0
C10027,2019-05-26,35.86578922202482,58.79868383303723,Residential,Digital,Irbid_North,0
C10066,2018-06-30,78.94779246002228,123.42168869003342,Commercial,Analog,Irbid_East,0
C10063,2018-09-28,19.54293679965079,34.314405199476184,Residential,Smart,Center,0
C10062,2018-08-29,54.731969360059566,87.09795404008935,Commercial,Analog,Irbid_West,0
C10097,2021-05-15,61.33101611362061,96.99652417043092,Commercial,Analog,Center,0
C10031,2020-02-20,17.075935224801746,30.61390283720262,Residential,Analog,Irbid_West,0
C10023,2019-11-22,20.70101928644046,36.05152892966069,Residential,Digital,Irbid_West,0
C10080,2018-08-29,22.744487207190787,39.11673081078618,Residential,Digital,Irbid_East,0
C10078,2021-11-11,41.606404272650174,67.40960640897526,Commercial,Analog,Center,0
C10084,2019-10-23,36.203802591268875,59.305703886903316,Residential,Analog,Irbid_North,0
C10008,2019-08-24,136.07637227526064,209.11455841289097,Commercial,Analog,Irbid_South,0
C10003,2019-10-23,22.21611361363251,38.324170420448766,Residential,Analog,Irbid_West,0
C10019,2019-08-24,35.22035998803172,57.830539982047576,Residential,Analog,Irbid_West,0
C10044,2022-09-07,24.720484605001023,42.080726907501536,Residential,Digital,Center,0
C10071,2022-11-06,37.76875641761667,61.65313462642501,Commercial,Analog,Irbid_East,0
C10011,2022-01-10,8.535240894954898,17.802861342432347,Residential,Digital,Irbid_South,0
C10026,2021-10-12,13.978784658434684,25.968176987652026,Residential,Analog,Irbid_East,0
C10054,2022-03-11,11.440091101782004,22.160136652673007,Residential,Digital,Center,0
C10076,2020-10-17,28.26829433601993,47.402441504029895,Residential,Analog,Irbid_South,0
C10077,2021-06-14,25.499792107667083,43.24968816150063,Residential,Digital,Irbid_East,0
C10077,2022-11-06,17.50552699404204,31.258290491063057,Residential,Digital,Irbid_East,0
C10070,2021-11-11,10.10042426555648,20.15063639833472,Residential,Analog,Irbid_North,0
C10048,2020-08-18,41.61750827349854,67.4262624102478,Residential,Digital,Irbid_West,0
C10059,2019-11-22,25.84249299790374,43.76373949685561,Residential,Analog,Center,0
C10073,2020-10-17,29.02244063889346,48.53366095834019,Residential,Digital,Irbid_South,0
C10011,2020-06-19,13.365534550808459,25.048301826212686,Residential,Digital,Irbid_South,0
C10021,2022-01-10,8.136102617121637,17.204153925682455,Residential,Analog,Center,0
C10073,2020-04-20,34.21059851239116,56.31589776858674,Residential,Digital,Irbid_South,0
C10009,2018-03-02,18.257836997095005,32.386755495642504,Residential,Analog,Irbid_East,0
C10027,2019-12-22,21.118971434625198,36.6784571519378,Residential,Digital,Irbid_North,0
C10025,2019-10-23,12.102144049572246,23.15321607435837,Residential,Digital,Center,0
C10051,2021-04-15,23.24542009364348,39.868130140465226,Residential,Digital,Irbid_South,0
C10078,2020-12-16,29.373701836072616,49.060552754108926,Commercial,Analog,Center,0
C10055,2020-09-17,30.381311437777597,50.571967156666396,Residential,Analog,Irbid_West,0
C10062,2019-11-22,41.33845552200539,67.00768328300808,Commercial,Analog,Irbid_West,0
C10071,2022-10-07,48.35393822345158,77.53090733517737,Commercial,Analog,Irbid_East,0
C10054,2021-09-12,12.905803999458238,24.358705999187357,Residential,Digital,Center,0
C10018,2022-04-10,21.895533733430486,4.6256823429818335,Residential,Digital,Irbid_West,1
C10044,2022-03-11,19.782701894654217,34.67405284198132,Residential,Digital,Center,0
C10028,2021-04-15,31.192595148870996,51.788892723306496,Residential,Analog,Irbid_South,0
C10041,2020-01-21,37.01032983044462,60.51549474566693,Commercial,Analog,Irbid_North,0
C10086,2018-05-31,38.62228965185621,62.93343447778431,Residential,Analog,Center,0
C10052,2021-01-15,16.174863613066794,29.262295419600193,Residential,Analog,Irbid_South,0
C10067,2019-04-26,17.313803700311805,30.970705550467706,Residential,Analog,Center,0
C10091,2019-10-23,14.135272406016801,26.2029086090252,Residential,Smart,Irbid_South,0
C10096,2022-07-09,34.64479839155714,56.967197587335704,Residential,Analog,Center,0
C10072,2021-03-16,22.956146904912124,39.43422035736819,Residential,Analog,Irbid_West,0
C10094,2019-10-23,34.73174553004569,57.09761829506854,Residential,Digital,Irbid_South,0
C10024,2020-04-20,35.085254377771825,57.627881566657734,Residential,Analog,Irbid_North,0
C10031,2021-09-12,30.330163140766363,50.495244711149546,Residential,Analog,Irbid_West,0
C10030,2022-10-07,24.251121273653006,41.376681910479505,Residential,Analog,Irbid_East,0
C10066,2022-09-07,73.26795448148751,114.90193172223127,Commercial,Analog,Irbid_East,0
C10025,2020-11-16,12.992370138046159,24.48855520706924,Residential,Digital,Center,0
C10001,2020-11-16,23.12473976285541,39.68710964428311,Residential,Analog,Center,0
C10008,2019-12-22,86.08475658263671,134.12713487395507,Commercial,Analog,Irbid_South,0
C10040,2019-07-25,38.336704387669606,62.505056581504405,Residential,Analog,Irbid_West,0
C10061,2022-06-09,37.68998547158646,61.534978207379694,Residential,Analog,Irbid_South,0
C10053,2022-11-06,24.034169588155525,41.05125438223329,Residential,Smart,Center,0
C10022,2020-02-20,9.122115172905017,18.683172759357525,Residential,Analog,Irbid_North,0
C10075,2022-01-10,8.616583499103557,17.924875248655336,Residential,Smart,Irbid_South,0
C10057,2022-08-08,38.37760842479318,62.56641263718977,Residential,Analog,Center,0
C10036,2021-01-15,24.717034715845937,42.075552073768904,Residential,Analog,Center,1
C10044,2022-08-08,25.107993555458734,42.6619903331881,Residential,Digital,Center,0
C10067,2022-08-08,21.967515970213903,37.95127395532086,Residential,Analog,Center,0
C10098,2020-12-16,25.095335501279266,42.6430032519189,Commercial,Analog,Irbid_South,0
C10029,2018-01-31,50.34959999448905,80.52439999173357,Commercial,Analog,Irbid_South,1
C10074,2019-10-23,55.541359076101884,88.31203861415283,Commercial,Analog,Irbid_North,0
C10029,2018-12-27,50.95101323647692,81.42651985471538,Commercial,Analog,Irbid_South,1
C10090,2020-06-19,37.4178296087241,61.12674441308614,Residential,Digital,Irbid_West,0
C10081,2019-11-22,30.94412282177928,51.416184232668925,Residential,Digital,Irbid_North,0
C10061,2020-11-16,24.354003011502996,41.531004517254495,Residential,Analog,Irbid_South,0
C10007,2018-12-27,21.162985866214697,36.744478799322046,Residential,Analog,Irbid_East,0
C10078,2020-06-19,70.43759518021345,110.65639277032017,Commercial,Analog,Center,0
C10003,2019-08-24,28.525999693791416,47.78899954068712,Residential,Analog,Irbid_West,0
C10095,2018-07-30,45.946205355578996,73.9193080333685,Residential,Analog,Irbid_West,1
C10083,2022-07-09,274.3210510433557,416.4815765650335,Industrial,Digital,Irbid_North,0
C10012,2022-06-09,110.00751494292487,170.0112724143873,Commercial,Analog,Irbid_North,0
C10054,2018-08-29,16.00685788881017,29.010286833215254,Residential,Digital,Center,0
C10090,2018-07-30,45.584061186098,73.376091779147,Residential,Digital,Irbid_West,0
C10071,2020-07-19,63.23109711533895,99.84664567300842,Commercial,Analog,Irbid_East,0
C10007,2021-10-12,35.28688908825309,57.930333632379636,Residential,Analog,Irbid_East,0
C10001,2019-08-24,39.66150641948357,64.49225962922536,Residential,Analog,Center,0
C10017,2021-08-13,19.98615897507572,34.97923846261358,Residential,Analog,Irbid_West,0
C10041,2018-11-27,43.4832474853248,70.22487122798721,Commercial,Analog,Irbid_North,0
C10043,2020-01-21,7.1751453204082445,15.762717980612367,Residential,Analog,Irbid_West,0
C10040,2022-02-09,27.457474355667934,46.186211533501904,Residential,Analog,Irbid_West,0
C10082,2018-07-30,18.42236945979016,32.63355418968524,Residential,Analog,Irbid_East,1
C10001,2021-06-14,38.940958815254774,63.41143822288216,Residential,Analog,Center,0
C10048,2018-10-28,34.51598392595955,56.77397588893933,Residential,Digital,Irbid_West,0
C10057,2018-11-27,24.289545353302017,41.434318029953026,Residential,Analog,Center,0
C10051,2019-10-23,25.40962108292844,43.11443162439266,Residential,Digital,Irbid_South,0
C10057,2018-05-01,33.75413203763291,55.631198056449364,Residential,Analog,Center,0
C10001,2018-11-27,28.869147378825733,48.3037210682386,Residential,Analog,Center,0
C10020,2021-01-15,10.715068355227656,21.072602532841483,Residential,Digital,Irbid_East,0
C10033,2020-03-21,72.4572697759673,113.68590466395096,Commercial,Smart,Center,0
C10042,2021-05-15,13.865942383448797,25.798913575173195,Residential,Analog,Irbid_West,0
C10048,2021-07-14,496.0024728364567,79.40037092546851,Residential,Digital,Irbid_West,0
C10065,2020-01-21,12.86561416358291,24.298421245374364,Residential,Digital,Center,0
C10018,2018-06-30,31.636087610609316,52.45413141591398,Residential,Digital,Irbid_West,1
C10065,2018-08-29,29.36388053962967,49.04582080944451,Residential,Digital,Center,0
C10050,2022-01-10,16.11991795282013,29.179876929230197,Residential,Analog,Irbid_East,0
C10017,2018-01-31,9.5021805611323,19.253270841698452,Residential,Analog,Irbid_West,0
C10049,2018-09-28,34.80074074836915,57.201111122553726,Residential,Analog,Irbid_South,0
C10051,2019-03-27,23.781661312957333,40.672491969435995,Residential,Digital,Irbid_South,0
C10056,2021-02-14,12.261737975880795,23.392606963821194,Residential,Analog,Irbid_North,0
C10072,2018-12-27,17.30041462731984,30.950621940979758,Residential,Analog,Irbid_West,0
C10013,2019-03-27,26.39664208982027,44.594963134730406,Residential,Digital,Irbid_South,0
C10025,2018-01-01,10.26213186963901,20.393197804458516,Residential,Digital,Center,0
C10048,2022-07-09,38.420000415758246,62.63000062363737,Residential,Digital,Irbid_West,0
C10067,2020-02-20,10.572691861261367,20.85903779189205,Residential,Analog,Center,0
C10016,2019-04-26,27.031837279197195,45.547755918795794,Residential,Digital,Irbid_North,0
C10094,2018-05-31,39.86770381121281,64.80155571681922,Residential,Digital,Irbid_South,0
C10069,2018-09-28,12.940185886257986,24.41027882938698,Residential,Analog,Irbid_South,0
C10094,2019-06-25,43.349882734806755,70.02482410221013,Residential,Digital,Irbid_South,0
C10079,2022-03-11,25.809549941022112,43.71432491153317,Residential,Digital,Irbid_North,0
C10047,2018-12-27,19.265268621226245,33.89790293183937,Residential,Analog,Irbid_North,0
C10028,2018-05-01,32.60826422510853,53.91239633766279,Residential,Analog,Irbid_South,0
C10081,2018-01-31,24.631700915307537,41.94755137296131,Residential,Digital,Irbid_North,0
C10014,2021-05-15,10.500150943320582,20.750226414980872,Residential,Digital,Center,1
C10023,2021-11-11,21.283839061510655,36.92575859226598,Residential,Digital,Irbid_West,0
C10062,2022-04-10,44.168429843890756,71.25264476583614,Commercial,Analog,Irbid_West,0
C10091,2021-10-12,14.063665541235522,26.095498311853284,Residential,Smart,Irbid_South,0
C10015,2018-10-28,49.337443496687435,79.00616524503116,Commercial,Digital,Irbid_North,1
C10017,2021-04-15,16.255405956894005,29.383108935341006,Residential,Analog,Irbid_West,0
C10076,2018-04-01,27.906340433047532,46.8595106495713,Residential,Analog,Irbid_South,0
C10069,2020-10-17,12.395292631020276,23.592938946530413,Residential,Analog,Irbid_South,0
C10028,2019-05-26,30.57555752928136,50.863336293922046,Residential,Analog,Irbid_South,0
C10028,2021-11-11,30.312823172882858,50.46923475932429,Residential,Analog,Irbid_South,0
C10053,2022-05-10,39.87601746689668,64.81402620034501,Residential,Smart,Center,0
C10077,2021-10-12,24.047515567595802,41.0712733513937,Residential,Digital,Irbid_East,0
C10023,2020-03-21,18.70194853236933,33.05292279855399,Residential,Digital,Irbid_West,0
C10079,2021-12-11,21.87781566791436,37.816723501871536,Residential,Digital,Irbid_North,0
C10054,2022-02-09,10.858105454487418,21.28715818173113,Residential,Digital,Center,0
C10071,2022-04-10,43.63898314355529,70.45847471533294,Commercial,Analog,Irbid_East,0
C10078,2020-08-18,76.41713657064581,119.6257048559687,Commercial,Analog,Center,0
C10054,2022-04-10,14.720079587809035,27.08011938171355,Residential,Digital,Center,0
C10083,2020-08-18,273.54877882398205,415.32316823597307,Industrial,Digital,Irbid_North,0
C10012,2021-07-14,133.43809896290384,205.15714844435576,Commercial,Analog,Irbid_North,0
C10081,2020-04-20,34.85652765669999,57.28479148504998,Residential,Digital,Irbid_North,0
C10055,2022-03-11,23.074034886715587,39.61105233007338,Residential,Analog,Irbid_West,0
C10062,2019-01-26,26.965849771669415,45.448774657504124,Commercial,Analog,Irbid_West,0
C10041,2018-08-29,74.8430224486041,117.26453367290615,Commercial,Analog,Irbid_North,0
C10023,2018-07-30,32.11443907649092,53.17165861473637,Residential,Digital,Irbid_West,0
C10095,2018-04-01,36.376582391422254,59.56487358713338,Residential,Analog,Irbid_West,1
C10083,2021-06-14,233.62927641496458,355.44391462244687,Industrial,Digital,Irbid_North,0
C10085,2019-07-25,40.67036838338166,66.00555257507249,Residential,Analog,Irbid_North,0
C10017,2020-02-20,10.361396540324078,20.542094810486116,Residential,Analog,Irbid_West,0
C10100,2018-12-27,20.810167297020875,36.21525094553131,Residential,Analog,Center,0
C10087,2021-11-11,0.0,5.0,Residential,Analog,Center,1
C10084,2020-11-16,30.670571271719115,51.005856907578675,Residential,Analog,Irbid_North,0
C10068,2020-05-20,30.12760995198133,50.191414927972,Residential,Analog,Irbid_South,0
C10059,2018-05-31,42.771513428099794,69.15727014214968,Residential,Analog,Center,0
C10042,2019-02-25,,18.617264221569414,Residential,Analog,Irbid_West,0
C10065,2020-09-17,25.74016824625757,43.61025236938636,Residential,Digital,Center,0
C10020,2022-10-07,,23.074664559624097,Residential,Digital,Irbid_East,0
C10070,2021-05-15,15.175516648564454,27.76327497284668,Residential,Analog,Irbid_North,0
C10026,2019-06-25,18.709713351874797,33.064570027812195,Residential,Analog,Irbid_East,0
C10030,2022-11-06,21.2430925649722,36.8646388474583,Residential,Analog,Irbid_East,0
C10017,2022-06-09,21.94114523247592,37.911717848713884,Residential,Analog,Irbid_West,0
C10003,2018-08-29,30.20045112858871,50.300676692883066,Residential,Analog,Irbid_West,0
C10023,2021-08-13,29.57154816249574,49.35732224374361,Residential,Digital,Irbid_West,0
C10078,2021-01-15,40.678229157584,66.017343736376,Commercial,Analog,Center,0
C10015,2022-03-11,42.85263751867877,4.758057082972839,Commercial,Digital,Irbid_North,1
C10047,2020-09-17,37.60215445477861,61.40323168216792,Residential,Analog,Irbid_North,0
C10085,2021-08-13,40.263984819270185,65.39597722890528,Residential,Analog,Irbid_North,0
C10097,2019-02-25,40.46594299227916,65.69891448841874,Commercial,Analog,Center,0
C10087,2020-08-18,22.509296081575094,38.763944122362645,Residential,Analog,Center,1
C10055,2018-09-28,25.251472557533592,42.87720883630039,Residential,Analog,Irbid_West,0
C10021,2018-08-29,18.204111896567113,32.30616784485067,Residential,Analog,Center,0
C10065,2020-04-20,23.096778086814858,39.64516713022229,Residential,Digital,Center,0
C10068,2021-09-12,31.63261925236309,52.448928878544635,Residential,Analog,Irbid_South,0
C10087,2019-08-24,20.688250977123104,36.032376465684656,Residential,Analog,Center,1
C10021,2021-03-16,10.26980388897047,20.404705833455704,Residential,Analog,Center,0
C10039,2018-09-28,24.359682181318565,41.53952327197785,Residential,Digital,Irbid_South,0
C10046,2021-04-15,22.69325935648574,39.03988903472861,Residential,Digital,Irbid_West,0
C10005,2020-11-16,24.355591399909823,41.53338709986473,Residential,Digital,Irbid_West,0
C10018,2019-03-27,22.01753650680983,38.02630476021474,Residential,Digital,Irbid_West,1
C10021,2020-05-20,15.054154384561556,27.581231576842335,Residential,Analog,Center,0
C10017,2021-12-11,12.541366514205937,23.812049771308907,Residential,Analog,Irbid_West,0
C10064,2021-12-11,22.54860775839207,38.822911637588106,Residential,Analog,Irbid_West,0
C10043,2018-12-27,9.981285894353027,19.97192884152954,Residential,Analog,Irbid_West,0
C10018,2021-02-14,13.632658719957142,5.2177779241874065,Residential,Digital,Irbid_West,1
C10096,2021-12-11,18.586908256620184,32.88036238493028,Residential,Analog,Center,0
C10005,2021-05-15,,54.22232884022251,Residential,Digital,Irbid_West,0
C10018,2019-11-22,19.037313441453556,6.2278880997812776,Residential,Digital,Irbid_West,1
C10022,2022-08-08,19.033311309050255,33.549966963575386,Residential,Analog,Irbid_North,0
C10017,2018-08-29,18.12390937670123,32.185864065051845,Residential,Analog,Irbid_West,0
C10040,2021-05-15,39.601975650780865,64.4029634761713,Residential,Analog,Irbid_West,0
C10081,2020-10-17,33.17595527990823,54.76393291986234,Residential,Digital,Irbid_North,0
C10033,2019-07-25,106.6274896220762,164.9412344331143,Commercial,Smart,Center,0
C10073,2019-10-23,,53.80345128358435,Residential,Digital,Irbid_South,0
C10022,2019-02-25,8.694142004339804,18.041213006509707,Residential,Analog,Irbid_North,0
C10011,2019-07-25,14.152308118876848,26.228462178315272,Residential,Digital,Irbid_South,0
C10074,2019-04-26,44.12487205587395,71.18730808381093,Commercial,Analog,Irbid_North,0
C10030,2018-03-02,25.905983839680374,43.85897575952056,Residential,Analog,Irbid_East,0
C10024,2018-10-28,31.46400906886526,52.196013603297885,Residential,Analog,Irbid_North,0
C10098,2019-11-22,40.94096349998863,66.41144524998293,Commercial,Analog,Irbid_South,0
C10027,2019-07-25,42.86546796417286,69.29820194625928,Residential,Digital,Irbid_North,0
C10028,2020-11-16,24.329885827317007,41.49482874097551,Residential,Analog,Irbid_South,0
C10060,2020-04-20,72.01954483664109,113.02931725496163,Commercial,Analog,Irbid_East,0
C10040,2018-12-27,23.42890595578422,40.14335893367633,Residential,Analog,Irbid_West,0
C10037,2022-04-10,18.213941546191936,32.320912319287906,Residential,Analog,Irbid_South,0
C10045,2022-02-09,43.97734474970475,70.96601712455713,Commercial,Digital,Center,0
C10053,2022-10-07,36.57184473816466,59.857767107246985,Residential,Smart,Center,0
C10054,2018-12-27,7.98857483759009,16.982862256385133,Residential,Digital,Center,0
C10022,2021-11-11,12.59349374598275,23.890240618974126,Residential,Analog,Irbid_North,0
C10010,2020-11-16,94.91472523903872,147.37208785855807,Commercial,Analog,Irbid_East,0
C10040,2019-08-24,44.186978250527964,71.28046737579194,Residential,Analog,Irbid_West,0
C10022,2019-08-24,,33.123148034053415,Residential,Analog,Irbid_North,0
C10083,2018-08-29,226.66161091147652,344.9924163672148,Industrial,Digital,Irbid_North,0
C10084,2020-08-18,43.0737574663295,69.61063619949425,Residential,Analog,Irbid_North,0
C10034,2019-01-26,103.62546684562368,160.4382002684355,Industrial,Digital,Irbid_West,0
C10044,2022-11-06,19.25806562457211,33.88709843685817,Residential,Digital,Center,0
C10005,2020-05-20,32.67468392307288,54.012025884609315,Residential,Digital,Irbid_West,0
C10011,2020-05-20,11.3366883791295,22.00503256869425,Residential,Digital,Irbid_South,0
C10099,2022-01-10,20.988039581905817,36.48205937285873,Commercial,Analog,Irbid_South,0
C10052,2019-09-23,23.234513248514165,39.85176987277125,Residential,Analog,Irbid_South,0
C10058,2021-10-12,311.3765241419165,472.06478621287476,Industrial,Analog,Irbid_West,0
C10089,2018-06-30,13.112561149215043,24.668841723822567,Residential,Analog,Irbid_East,0
C10068,2018-04-01,31.06476205765336,51.597143086480045,Residential,Analog,Irbid_South,0
C10035,2018-06-30,32.664426814749014,53.99664022212352,Residential,Digital,Irbid_West,0
C10080,2019-04-26,17.560917383473747,31.34137607521062,Residential,Digital,Irbid_East,0
C10036,2019-01-26,14.338963031554176,26.508444547331266,Residential,Analog,Center,1
C10001,2020-03-21,24.233231992308475,41.34984798846271,Residential,Analog,Center,0
C10035,2018-01-01,14.745395298490536,27.118092947735803,Residential,Digital,Irbid_West,0
C10066,2020-04-20,50.88931803179325,81.33397704768987,Commercial,Analog,Irbid_East,0
C10092,2019-05-26,34.78408766046554,57.17613149069831,Residential,Analog,Irbid_North,0
C10054,2020-12-16,12.79833212530546,24.19749818795819,Residential,Digital,Center,0
C10064,2020-10-17,26.627372733339733,44.941059100009596,Residential,Analog,Irbid_West,0
C10003,2018-09-28,24.078190568553595,41.11728585283039,Residential,Analog,Irbid_West,0
C10081,2021-12-11,20.90172126586907,36.35258189880361,Residential,Digital,Irbid_North,0
C10100,2018-10-28,33.85485333468715,55.782280002030724,Residential,Analog,Center,0
C10001,2019-01-26,20.949664210360144,36.42449631554022,Residential,Analog,Center,0
C10087,2020-09-17,19.26039105694278,33.89058658541417,Residential,Analog,Center,1
C10026,2020-01-21,9.787486508047536,19.681229762071304,Residential,Analog,Irbid_East,0
C10040,2020-01-21,18.211276496810154,32.31691474521523,Residential,Analog,Irbid_West,0
C10051,2022-04-10,25.20499300589059,42.807489508835886,Residential,Digital,Irbid_South,0
C10067,2021-09-12,20.68203090085397,36.023046351280954,Residential,Analog,Center,0
C10040,2018-01-01,24.7697944302098,42.1546916453147,Residential,Analog,Irbid_West,0
C10007,2019-02-25,19.78135585514886,34.67203378272329,Residential,Analog,Irbid_East,0
C10074,2020-10-17,59.25027568343818,93.87541352515727,Commercial,Analog,Irbid_North,0
C10087,2021-07-14,0.0,5.0,Residential,Analog,Center,1
C10016,2021-03-16,22.566480436288803,38.849720654433206,Residential,Digital,Irbid_North,0
C10097,2021-07-14,64.29146216269585,101.43719324404378,Commercial,Analog,Center,0
C10036,2021-11-11,9.749506918758962,19.624260378138445,Residential,Analog,Center,1
C10060,2022-03-11,56.70989801798508,90.06484702697762,Commercial,Analog,Irbid_East,0
C10092,2021-03-16,26.11086820066934,44.16630230100401,Residential,Analog,Irbid_North,0
C10094,2019-02-25,24.00530508519929,41.00795762779893,Residential,Digital,Irbid_South,0
C10061,2019-11-22,23.8076719780935,40.71150796714025,Residential,Analog,Irbid_South,0
C10009,2022-01-10,22.488249161064903,38.73237374159736,Residential,Analog,Irbid_East,0
C10062,2022-06-09,62.846591755528756,99.26988763329314,Commercial,Analog,Irbid_West,0
C10022,2018-09-28,19.558343387191083,34.33751508078662,Residential,Analog,Irbid_North,0
C10072,2019-09-23,30.794025516711677,51.19103827506751,Residential,Analog,Irbid_West,0
C10024,2019-02-25,19.421428303632258,34.13214245544839,Residential,Analog,Irbid_North,0
C10067,2022-01-10,10.25877941796327,20.388169126944906,Residential,Analog,Center,0
C10030,2022-09-07,31.924018071798905,52.886027107698354,Residential,Analog,Irbid_East,0
C10050,2021-03-16,18.36021347211162,32.54032020816743,Residential,Analog,Irbid_East,0
C10025,2018-01-31,11.348362243985239,22.02254336597786,Residential,Digital,Center,0
C10076,2020-05-20,29.76373067361686,49.64559601042529,Residential,Analog,Irbid_South,0
C10099,2020-07-19,67.3129496294435,105.96942444416524,Commercial,Analog,Irbid_South,0
C10064,2020-07-19,37.51478626140095,61.27217939210142,Residential,Analog,Irbid_West,0
C10022,2019-01-26,10.744938713479423,21.117408070219135,Residential,Analog,Irbid_North,0
C10029,2020-08-18,7.467832404871564,16.201748607307344,Commercial,Analog,Irbid_South,1
C10016,2022-07-09,41.072145408583545,66.60821811287532,Residential,Digital,Irbid_North,0
C10075,2021-10-12,12.761602214035513,24.14240332105327,Residential,Smart,Irbid_South,0
C10081,2021-06-14,42.05300990534129,68.07951485801193,Residential,Digital,Irbid_North,0
C10090,2019-03-27,30.531372387706966,50.79705858156045,Residential,Digital,Irbid_West,0
C10007,2021-07-14,43.14295495639559,69.71443243459339,Residential,Analog,Irbid_East,0
C10035,2020-07-19,34.91295912663386,57.36943868995078,Residential,Digital,Irbid_West,0
C10097,2018-01-01,38.97175037856989,63.45762556785483,Commercial,Analog,Center,0
C10033,2022-09-07,96.85574871516519,150.2836230727478,Commercial,Smart,Center,0
C10003,2021-02-14,15.00072382067936,27.50108573101904,Residential,Analog,Irbid_West,0
C10065,2021-12-11,13.07936326227076,24.61904489340614,Residential,Digital,Center,0
C10016,2018-03-02,26.119566573496247,44.17934986024437,Residential,Digital,Irbid_North,0
C10006,2022-04-10,102.65932672860797,158.98899009291193,Commercial,Digital,Irbid_South,0
C10069,2022-02-09,7.232583975702678,15.848875963554017,Residential,Analog,Irbid_South,0
C10013,2020-10-17,32.938599037732004,54.407898556598006,Residential,Digital,Irbid_South,0
C10050,2020-07-19,30.766306275203405,51.14945941280511,Residential,Analog,Irbid_East,0
C10051,2018-05-31,30.35104623599228,50.52656935398842,Residential,Digital,Irbid_South,0
C10049,2021-04-15,31.95095510407562,52.926432656113434,Residential,Analog,Irbid_South,0
C10006,2018-11-27,66.60564404365999,104.90846606548999,Commercial,Digital,Irbid_South,0
C10012,2018-01-31,59.5851005618662,94.3776508427993,Commercial,Analog,Irbid_North,0
C10034,2018-09-28,241.9817830425016,367.97267456375243,Industrial,Digital,Irbid_West,0
C10062,2018-05-31,52.96327976358147,84.44491964537221,Commercial,Analog,Irbid_West,0
C10006,2018-06-30,136.55522870845965,209.83284306268948,Commercial,Digital,Irbid_South,0
C10039,2022-07-09,29.23385156162228,48.85077734243342,Residential,Digital,Irbid_South,0
C10040,2019-04-26,321.86626731412025,53.27994009711804,Residential,Analog,Irbid_West,0
C10062,2021-06-14,62.41805688741168,98.62708533111751,Commercial,Analog,Irbid_West,0
C10064,2019-12-22,19.408140385511523,34.11221057826728,Residential,Analog,Irbid_West,0
C10033,2018-07-30,142.57322129108846,218.8598319366327,Commercial,Smart,Center,0
C10058,2018-07-30,380.0396115799936,575.0594173699905,Industrial,Analog,Irbid_West,0
C10013,2020-05-20,35.58455657501966,58.37683486252949,Residential,Digital,Irbid_South,0
C10061,2021-02-14,17.136584147481948,30.70487622122292,Residential,Analog,Irbid_South,0
C10074,2020-01-21,37.439498145298444,61.159247217947666,Commercial,Analog,Irbid_North,0
C10022,2018-06-30,19.96367061595211,34.94550592392817,Residential,Analog,Irbid_North,0
C10077,2021-01-15,18.03378205285495,32.050673079282426,Residential,Digital,Irbid_East,0
C10098,2022-11-06,49.63335508554444,79.45003262831665,Commercial,Analog,Irbid_South,0
C10060,2022-07-09,102.8096340977626,159.2144511466439,Commercial,Analog,Irbid_East,0
C10036,2020-10-17,29.240773518278527,48.86116027741779,Residential,Analog,Center,1
C10069,2020-05-20,,25.179556867687992,Residential,Analog,Irbid_South,0
C10009,2020-10-17,30.213898028433658,50.320847042650485,Residential,Analog,Irbid_East,0
C10091,2019-05-26,18.469454411881962,32.70418161782294,Residential,Smart,Irbid_South,0
C10007,2022-01-10,19.555610269545674,34.333415404318515,Residential,Analog,Irbid_East,0
C10076,2019-07-25,36.34102452605939,59.51153678908909,Residential,Analog,Irbid_South,0
C10063,2019-10-23,21.68534073857388,37.52801110786082,Residential,Smart,Center,0
C10100,2022-05-10,41.736667032704936,67.60500054905741,Residential,Analog,Center,0
C10088,2020-02-20,17.336557040863582,31.004835561295373,Residential,Analog,Irbid_South,0
C10004,2020-03-21,0.47288818625100604,5.709332279376509,Residential,Analog,Center,1
C10008,2021-02-14,65.12335712641169,102.68503568961754,Commercial,Analog,Irbid_South,0
C10035,2019-02-25,21.554762760471085,37.33214414070663,Residential,Digital,Irbid_West,0
C10041,2020-06-19,84.80732816797989,132.21099225196983,Commercial,Analog,Irbid_North,0
C10005,2018-10-28,20.96743410200005,36.45115115300007,Residential,Digital,Irbid_West,0
C10087,2018-10-28,13.712404166653224,25.568606249979837,Residential,Analog,Center,1
C10019,2020-03-21,23.951450932415423,40.92717639862313,Residential,Analog,Irbid_West,0
C10082,2022-05-10,23.322992149768055,39.98448822465208,Residential,Analog,Irbid_East,1
C10029,2020-09-17,3.2462768810840017,9.869415321626002,Commercial,Analog,Irbid_South,1
C10066,2018-11-27,44.03202792477522,71.04804188716284,Commercial,Analog,Irbid_East,0
C10012,2022-07-09,132.9071908278274,204.3607862417411,Commercial,Analog,Irbid_North,0
C10010,2018-12-27,74.27726512265352,116.41589768398028,Commercial,Analog,Irbid_East,0
C10024,2022-11-06,29.909263008724317,49.86389451308648,Residential,Analog,Irbid_North,0
C10038,2022-02-09,18.12590026031512,32.18885039047268,Residential,Digital,Center,0
C10053,2019-12-22,25.320286373991742,42.980429560987616,Residential,Smart,Center,0
C10097,2020-05-20,59.537363154127945,94.30604473119192,Commercial,Analog,Center,0
C10033,2018-05-31,113.1795568680907,174.76933530213606,Commercial,Smart,Center,0
C10011,2020-10-17,10.429339748092058,20.644009622138086,Residential,Digital,Irbid_South,0
C10006,2019-04-26,96.51128514857679,149.76692772286518,Commercial,Digital,Irbid_South,0
C10095,2022-06-09,41.122844427200036,66.68426664080005,Residential,Analog,Irbid_West,1
C10008,2018-07-30,156.25405794653923,239.38108691980887,Commercial,Analog,Irbid_South,0
C10079,2020-04-20,23.965081431805157,40.94762214770773,Residential,Digital,Irbid_North,0
C10002,2021-09-12,71.25042736199823,111.87564104299736,Commercial,Analog,Irbid_South,0
C10051,2021-05-15,24.463381595141108,41.695072392711666,Residential,Digital,Irbid_South,0
C10071,2021-02-14,29.531249786818332,49.296874680227496,Commercial,Analog,Irbid_East,0
C10037,2018-09-28,24.570582553543204,41.855873830314806,Residential,Analog,Irbid_South,0
C10029,2020-05-20,8.362058092343862,17.543087138515794,Commercial,Analog,Irbid_South,1
C10002,2020-05-20,79.39560180810052,124.09340271215078,Commercial,Analog,Irbid_South,0
C10038,2019-09-23,32.10014790745653,53.1502218611848,Residential,Digital,Center,0
C10053,2022-06-09,46.4508482317039,74.67627234755585,Residential,Smart,Center,0
C10076,2019-10-23,25.6209328015305,43.43139920229575,Residential,Analog,Irbid_South,0
C10033,2020-05-20,125.10527006723444,192.65790510085168,Commercial,Smart,Center,0
C10068,2019-12-22,18.18807034517472,32.282105517762076,Residential,Analog,Irbid_South,0
C10048,2020-04-20,32.11609446314696,53.17414169472043,Residential,Digital,Irbid_West,0
C10001,2018-01-31,25.486216699793065,43.2293250496896,Residential,Analog,Center,0
C10073,2019-05-26,35.95359604183299,58.930394062749485,Residential,Digital,Irbid_South,0
C10016,2020-11-16,27.78091926988609,46.67137890482914,Residential,Digital,Irbid_North,0
C10087,2019-12-22,11.368218169863884,22.052327254795827,Residential,Analog,Center,1
C10046,2019-08-24,31.344389755740817,52.016584633611224,Residential,Digital,Irbid_West,0
C10010,2022-03-11,69.58401780065704,109.37602670098556,Commercial,Analog,Irbid_East,0
C10076,2021-05-15,33.39200046727578,55.08800070091367,Residential,Analog,Irbid_South,0
C10049,2022-08-08,48.97313991565614,78.45970987348421,Residential,Analog,Irbid_South,0
C10041,2021-12-11,37.84143642828329,61.76215464242493,Commercial,Analog,Irbid_North,0
C10027,2019-04-26,32.020063702384746,53.03009555357712,Residential,Digital,Irbid_North,0
C10085,2019-03-27,22.59592419489229,38.893886292338436,Residential,Analog,Irbid_North,0
C10004,2020-09-17,2.379687292840083,8.569530939260124,Residential,Analog,Center,1
C10013,2022-10-07,31.839268920491694,52.75890338073754,Residential,Digital,Irbid_South,0
C10059,2019-04-26,28.862902764287107,48.29435414643066,Residential,Analog,Center,0
C10080,2018-11-27,15.177191440520517,27.765787160780775,Residential,Digital,Irbid_East,0
C10035,2018-04-01,27.18151309495897,45.77226964243845,Residential,Digital,Irbid_West,0
C10092,2020-10-17,30.38399526398817,50.57599289598225,Residential,Analog,Irbid_North,0
C10027,2018-07-30,45.82927398701936,73.74391098052905,Residential,Digital,Irbid_North,0
C10003,2021-09-12,27.38049519381327,46.070742790719905,Residential,Analog,Irbid_West,0
C10060,2020-02-20,36.20403496614592,59.30605244921888,Commercial,Analog,Irbid_East,0
C10099,2021-01-15,34.103558954885926,56.15533843232889,Commercial,Analog,Irbid_South,0
C10097,2018-05-31,59.898420775652525,94.84763116347878,Commercial,Analog,Center,0
C10034,2020-09-17,203.94750114503137,310.9212517175471,Industrial,Digital,Irbid_West,0
C10005,2020-09-17,27.247365080784522,45.871047621176785,Residential,Digital,Irbid_West,0
C10065,2019-08-24,27.104307039945844,45.65646055991877,Residential,Digital,Center,0
C10070,2020-03-21,11.757508619725707,22.63626292958856,Residential,Analog,Irbid_North,0
C10090,2019-08-24,48.37092985007852,77.55639477511778,Residential,Digital,Irbid_West,0
C10064,2018-08-29,42.97341269289352,69.46011903934027,Residential,Analog,Irbid_West,0
C10007,2020-10-17,32.30326077628645,53.454891164429675,Residential,Analog,Irbid_East,0
C10010,2021-07-14,125.15621957091008,192.73432935636512,Commercial,Analog,Irbid_East,0
C10073,2021-03-16,24.349295223313465,41.5239428349702,Residential,Digital,Irbid_South,0
C10094,2021-05-15,42.355808195281156,68.53371229292173,Residential,Digital,Irbid_South,0
C10097,2021-03-16,29.521838489324264,49.282757733986394,Commercial,Analog,Center,0
C10009,2021-04-15,27.303094067954525,45.954641101931784,Residential,Analog,Irbid_East,0
C10030,2019-11-22,22.869694491154526,39.30454173673179,Residential,Analog,Irbid_East,0
C10032,2019-03-27,54.31893328212093,86.4783999231814,Commercial,Analog,Irbid_West,1
C10067,2018-05-31,18.66310149509536,32.99465224264304,Residential,Analog,Center,0
C10056,2021-08-13,28.32374258724854,47.485613880872805,Residential,Analog,Irbid_North,0
C10038,2020-09-17,37.378089949562224,61.067134924343335,Residential,Digital,Center,0
C10054,2021-08-13,16.569951308362867,29.8549269625443,Residential,Digital,Center,0
C10009,2021-10-12,28.77474723343629,48.16212085015444,Residential,Analog,Irbid_East,0
C10050,2018-06-30,28.550802881273224,47.826204321909835,Residential,Analog,Irbid_East,0
C10065,2022-11-06,17.210974206453944,30.816461309680918,Residential,Digital,Center,0
C10012,2020-08-18,125.31355550292231,192.97033325438346,Commercial,Analog,Irbid_North,0
C10096,2020-08-18,37.14749038833039,60.72123558249558,Residential,Analog,Center,0
C10075,2018-05-01,15.208161418761744,27.812242128142614,Residential,Smart,Irbid_South,0
C10061,2020-09-17,33.17843188573145,54.76764782859718,Residential,Analog,Irbid_South,0
C10018,2020-06-19,28.9960205146097,4.76918520487177,Residential,Digital,Irbid_West,1
C10010,2022-02-09,77.14502896143462,120.71754344215194,Commercial,Analog,Irbid_East,0
C10009,2021-03-16,19.53523565131493,34.302853476972395,Residential,Analog,Irbid_East,0
C10057,2019-08-24,37.172876577838174,60.759314866757265,Residential,Analog,Center,0
C10062,2019-04-26,50.93487293750823,81.40230940626235,Commercial,Analog,Irbid_West,0
C10084,2018-08-29,44.413791757936515,71.62068763690478,Residential,Analog,Irbid_North,0
C10027,2021-11-11,29.417474361409433,49.12621154211415,Residential,Digital,Irbid_North,0
C10061,2018-10-28,32.89502689438556,54.34254034157834,Residential,Analog,Irbid_South,0
C10097,2020-02-20,31.98002869109815,52.970043036647226,Commercial,Analog,Center,0
C10031,2018-09-28,31.10837984610294,51.662569769154416,Residential,Analog,Irbid_West,0
C10014,2018-11-27,9.996985601288497,19.995478401932743,Residential,Digital,Center,1
C10014,2018-12-27,10.631417707624943,20.947126561437415,Residential,Digital,Center,1
C10087,2020-12-16,0.0,5.0,Residential,Analog,Center,1
C10031,2022-07-09,30.8873575796813,51.331036369521954,Residential,Analog,Irbid_West,0
C10034,2018-01-01,133.13493671715258,204.70240507572888,Industrial,Digital,Irbid_West,0
C10054,2022-05-10,15.46053760802357,28.190806412035354,Residential,Digital,Center,0
C10060,2022-10-07,63.33879509749371,100.00819264624056,Commercial,Analog,Irbid_East,0
C10016,2020-09-17,28.735098103421826,48.10264715513274,Residential,Digital,Irbid_North,0
C10067,2018-04-01,16.821864700174824,30.232797050262235,Residential,Analog,Center,0
C10094,2022-01-10,19.926623429683666,34.889935144525495,Residential,Digital,Irbid_South,0
C10070,2021-03-16,,23.35674630719444,Residential,Analog,Irbid_North,0
C10068,2018-06-30,33.33747599406762,55.006213991101426,Residential,Analog,Irbid_South,0
C10069,2020-12-16,,17.229402456651105,Residential,Analog,Irbid_South,0
C10017,2020-04-20,16.7534153713651,30.13012305704765,Residential,Analog,Irbid_West,0
C10078,2022-04-10,56.41580539029436,89.62370808544154,Commercial,Analog,Center,0
C10058,2020-09-17,321.43032743475067,487.145491152126,Industrial,Analog,Irbid_West,0
C10093,2019-01-26,18.505921878674627,32.75888281801194,Residential,Analog,Irbid_East,0
C10063,2022-10-07,23.571153854540242,40.35673078181036,Residential,Smart,Center,0
C10085,2021-04-15,27.044903341179655,45.56735501176948,Residential,Analog,Irbid_North,0
C10052,2020-09-17,25.14103977779701,42.711559666695514,Residential,Analog,Irbid_South,0
C10053,2020-11-16,,47.25663377123184,Residential,Smart,Center,0
C10054,2019-09-23,15.795941128347964,28.693911692521947,Residential,Digital,Center,0
C10082,2020-04-20,25.273569118411967,42.91035367761795,Residential,Analog,Irbid_East,1
C10019,2019-06-25,33.99546223820196,55.99319335730294,Residential,Analog,Irbid_West,0
C10084,2022-02-09,21.08974150471265,36.63461225706897,Residential,Analog,Irbid_North,0
C10048,2019-12-22,23.218989158583735,39.8284837378756,Residential,Digital,Irbid_West,0
C10015,2021-10-12,61.44406495526419,5.317585900840985,Commercial,Digital,Irbid_North,1
C10100,2021-05-15,34.31468326359959,56.472024895399386,Residential,Analog,Center,0
C10079,2019-05-26,34.704173320844184,57.05625998126628,Residential,Digital,Irbid_North,0
C10009,2020-11-16,24.950657783087426,42.42598667463114,Residential,Analog,Irbid_East,0
C10097,2018-10-28,53.75914624501257,85.63871936751886,Commercial,Analog,Center,0
C10025,2019-01-26,8.947823092722672,18.421734639084008,Residential,Digital,Center,0
C10060,2019-01-26,57.67818737633368,91.51728106450052,Commercial,Analog,Irbid_East,0
C10061,2018-09-28,30.482429531256653,50.72364429688498,Residential,Analog,Irbid_South,0
C10042,2021-10-12,13.34653563494205,25.019803452413075,Residential,Analog,Irbid_West,0
C10050,2022-06-09,28.917394518855193,48.37609177828279,Residential,Analog,Irbid_East,0
C10067,2021-03-16,17.03513196393665,30.552697945904974,Residential,Analog,Center,0
C10096,2021-10-12,28.603443161752438,47.905164742628656,Residential,Analog,Center,0
C10016,2018-06-30,41.43971233441053,67.1595685016158,Residential,Digital,Irbid_North,0
C10001,2020-04-20,27.28307792376488,45.92461688564732,Residential,Analog,Center,0
C10042,2021-11-11,9.088807389597989,18.633211084396983,Residential,Analog,Irbid_West,0
C10041,2020-04-20,55.33183078389275,87.99774617583913,Commercial,Analog,Irbid_North,0
C10013,2021-06-14,36.27216312552418,59.408244688286274,Residential,Digital,Irbid_South,0
C10063,2020-03-21,15.398824313342676,28.098236470014015,Residential,Smart,Center,0
C10005,2021-08-13,33.1019433214678,54.6529149822017,Residential,Digital,Irbid_West,0
C10012,2020-02-20,50.977640874375616,81.46646131156342,Commercial,Analog,Irbid_North,0
C10040,2019-01-26,15.193682500235461,27.79052375035319,Residential,Analog,Irbid_West,0
C10082,2019-02-25,11.878476676115758,22.817715014173636,Residential,Analog,Irbid_East,1
C10001,2019-09-23,37.10854253530306,60.66281380295459,Residential,Analog,Center,0
C10046,2022-04-10,26.21167347565477,44.31751021348215,Residential,Digital,Irbid_West,0
C10015,2021-09-12,70.20246694233116,5.196742692710875,Commercial,Digital,Irbid_North,1
C10016,2019-05-26,37.291468123842314,60.93720218576347,Residential,Digital,Irbid_North,0
C10018,2019-08-24,30.373789272406555,50.56068390860983,Residential,Digital,Irbid_West,1
C10022,2018-05-31,14.849605347903212,27.274408021854818,Residential,Analog,Irbid_North,0
C10088,2019-08-24,39.18412242264211,63.77618363396317,Residential,Analog,Irbid_South,0
C10005,2021-01-15,15.68291642073356,28.52437463110034,Residential,Digital,Irbid_West,0
C10035,2021-08-13,33.08443074333334,54.626646115000014,Residential,Digital,Irbid_West,0
C10021,2021-09-12,16.544335632299667,29.816503448449502,Residential,Analog,Center,0
C10040,2021-06-14,37.97914962504974,61.968724437574615,Residential,Analog,Irbid_West,0
C10010,2020-07-19,130.54499473618307,200.8174921042746,Commercial,Analog,Irbid_East,0
C10024,2022-07-09,37.58520086508028,61.37780129762042,Residential,Analog,Irbid_North,0
C10066,2018-03-02,48.02691593247715,77.04037389871573,Commercial,Analog,Irbid_East,0
C10021,2021-11-11,12.227152004207975,23.340728006311963,Residential,Analog,Center,0
C10059,2021-10-12,28.511052783291532,47.7665791749373,Residential,Analog,Center,0
C10042,2022-06-09,14.540617765033693,26.810926647550538,Residential,Analog,Irbid_West,0
C10017,2021-11-11,14.513134331154358,26.769701496731535,Residential,Analog,Irbid_West,0
C10088,2020-01-21,21.842909032891857,37.76436354933779,Residential,Analog,Irbid_South,0
C10035,2019-12-22,19.055303917190283,33.58295587578542,Residential,Digital,Irbid_West,0
C10080,2021-06-14,19.144371578604073,33.716557367906105,Residential,Digital,Irbid_East,0
C10029,2018-10-28,61.2656494273719,96.89847414105785,Commercial,Analog,Irbid_South,1
C10095,2020-01-21,23.631583515797526,40.44737527369629,Residential,Analog,Irbid_West,1
C10034,2018-05-31,232.90511483106155,354.3576722465923,Industrial,Digital,Irbid_West,0
C10005,2022-06-09,35.71530410935713,58.57295616403569,Residential,Digital,Irbid_West,0
C10026,2021-11-11,12.382248090741744,23.573372136112617,Residential,Analog,Irbid_East,0
C10034,2020-08-18,284.15304964316687,431.22957446475027,Industrial,Digital,Irbid_West,0
C10010,2021-12-11,63.09994779211561,99.64992168817341,Commercial,Analog,Irbid_East,0
C10056,2020-05-20,23.277812604778642,39.91671890716796,Residential,Analog,Irbid_North,0
C10041,2018-04-01,56.343863961226006,89.515795941839,Commercial,Analog,Irbid_North,0
C10036,2020-05-20,16.34961658666322,29.524424879994832,Residential,Analog,Center,1
C10067,2021-02-14,15.857591164108488,28.786386746162734,Residential,Analog,Center,0
C10089,2019-11-22,9.177704433615029,18.766556650422544,Residential,Analog,Irbid_East,0
C10063,2019-09-23,26.400821716616882,44.60123257492532,Residential,Smart,Center,0
C10059,2020-04-20,32.94548333685888,54.41822500528832,Residential,Analog,Center,0
C10046,2019-07-25,32.37981868497767,53.56972802746651,Residential,Digital,Irbid_West,0
C10076,2019-09-23,35.55385463935206,58.33078195902809,Residential,Analog,Irbid_South,0
C10092,2022-09-07,32.85775969715217,54.28663954572825,Residential,Analog,Irbid_North,0
C10093,2018-04-01,24.629268824128587,41.94390323619288,Residential,Analog,Irbid_East,0
C10010,2019-04-26,78.35051685460638,122.52577528190957,Commercial,Analog,Irbid_East,0
C10042,2018-09-28,14.340726229159591,26.511089343739386,Residential,Analog,Irbid_West,0
C10063,2019-06-25,25.802147803754245,43.703221705631364,Residential,Smart,Center,0
C10072,2020-02-20,16.679370026246648,30.019055039369974,Residential,Analog,Irbid_West,0
C10084,2018-04-01,28.590238158071223,47.88535723710683,Residential,Analog,Irbid_North,0
C10029,2020-12-16,4.11951835573632,11.17927753360448,Commercial,Analog,Irbid_South,1
C10044,2019-12-22,13.848724829072617,25.773087243608927,Residential,Digital,Center,0
C10084,2019-02-25,23.218476916153726,39.82771537423059,Residential,Analog,Irbid_North,0
C10029,2019-12-22,,65.65012540903737,Commercial,Analog,Irbid_South,1
C10036,2021-03-16,20.586628829563274,35.879943244344915,Residential,Analog,Center,1
C10054,2022-11-06,10.014126761264862,20.021190141897293,Residential,Digital,Center,0
C10040,2021-07-14,35.70178143271413,58.55267214907119,Residential,Analog,Irbid_West,0
C10072,2022-03-11,17.472062612165576,31.208093918248366,Residential,Analog,Irbid_West,0
C10022,2020-01-21,11.242852144874112,21.864278217311167,Residential,Analog,Irbid_North,0
C10086,2022-08-08,40.88634349916846,66.3295152487527,Residential,Analog,Center,0
C10091,2019-01-26,8.058617305723718,17.08792595858558,Residential,Smart,Irbid_South,0
C10066,2020-06-19,80.94848557159658,126.42272835739487,Commercial,Analog,Irbid_East,0
C10077,2019-10-23,21.983827074298507,37.97574061144776,Residential,Digital,Irbid_East,0
C10027,2020-07-19,45.430029070243926,73.14504360536588,Residential,Digital,Irbid_North,0
C10090,2020-01-21,18.26794518111295,32.401917771669424,Residential,Digital,Irbid_West,0
C10037,2018-03-02,15.283444856076393,27.92516728411459,Residential,Analog,Irbid_South,0
C10040,2022-08-08,38.301178812202494,62.45176821830374,Residential,Analog,Irbid_West,0
C10006,2019-05-26,133.5477519432148,205.3216279148222,Commercial,Digital,Irbid_South,0
C10091,2021-03-16,13.286835546883935,24.930253320325903,Residential,Smart,Irbid_South,0
C10052,2022-03-11,13.960628312220454,25.940942468330682,Residential,Analog,Irbid_South,0
C10068,2019-04-26,27.263320071920084,45.89498010788013,Residential,Analog,Irbid_South,0
C10014,2019-03-27,13.065522573432311,24.598283860148467,Residential,Digital,Center,1
C10051,2019-08-24,29.622388585444234,49.43358287816635,Residential,Digital,Irbid_South,0
C10029,2020-07-19,11.125010436992655,21.687515655488983,Commercial,Analog,Irbid_South,1
C10057,2020-03-21,24.492604508736523,41.73890676310479,Residential,Analog,Center,0
C10001,2020-12-16,19.235361994974323,33.85304299246148,Residential,Analog,Center,0
C10076,2022-01-10,14.710910827224152,27.066366240836228,Residential,Analog,Irbid_South,0
C10016,2019-01-26,11.964265893725493,22.946398840588238,Residential,Digital,Irbid_North,0
C10067,2018-12-27,10.107472868172467,20.1612093022587,Residential,Analog,Center,0
C10069,2022-05-10,12.844404637884955,24.26660695682743,Residential,Analog,Irbid_South,0
C10017,2019-02-25,11.096492246339402,21.644738369509103,Residential,Analog,Irbid_West,0
C10017,2019-11-22,13.327247627338298,24.99087144100745,Residential,Analog,Irbid_West,0
C10083,2019-11-22,129.07830264084103,198.61745396126156,Industrial,Digital,Irbid_North,0
C10024,2021-02-14,18.42507241212204,32.637608618183066,Residential,Analog,Irbid_North,0
C10027,2018-01-01,17.996773995755994,31.99516099363399,Residential,Digital,Irbid_North,0
C10069,2022-07-09,14.345554282892566,26.51833142433885,Residential,Analog,Irbid_South,0
C10072,2018-05-31,29.58306584513916,49.37459876770874,Residential,Analog,Irbid_West,0
C10023,2020-11-16,23.51289087558393,40.269336313375895,Residential,Digital,Irbid_West,0
C10096,2022-01-10,16.544678699323406,29.81701804898511,Residential,Analog,Center,0
C10017,2020-03-21,13.45733688636333,25.186005329544994,Residential,Analog,Irbid_West,0
C10045,2021-06-14,96.79248661452327,150.1887299217849,Commercial,Digital,Center,0
C10028,2019-08-24,38.36655156257158,62.54982734385737,Residential,Analog,Irbid_South,0
C10022,2020-06-19,17.156818983917905,30.73522847587686,Residential,Analog,Irbid_North,0
C10062,2019-09-23,51.587893059281754,82.38183958892263,Commercial,Analog,Irbid_West,0
C10024,2018-01-01,23.042653794233523,39.56398069135028,Residential,Analog,Irbid_North,0
C10033,2019-01-26,63.629547645832915,100.44432146874937,Commercial,Smart,Center,0
C10085,2022-08-08,38.129399944120856,62.19409991618129,Residential,Analog,Irbid_North,0
C10053,2021-04-15,33.71713081164722,55.575696217470835,Residential,Smart,Center,0
C10034,2022-02-09,141.53231587693753,217.29847381540628,Industrial,Digital,Irbid_West,0
C10015,2022-04-10,54.5889546636413,5.212082973200959,Commercial,Digital,Irbid_North,1
C10068,2022-01-10,18.370778446471054,32.55616766970658,Residential,Analog,Irbid_South,0
C10071,2022-07-09,62.088473540738015,98.13271031110702,Commercial,Analog,Irbid_East,0
C10001,2018-03-02,24.052068019686292,41.07810202952944,Residential,Analog,Center,0
C10036,2018-09-28,21.824693892037622,37.73704083805643,Residential,Analog,Center,1
C10015,2018-09-28,68.25023318620293,107.3753497793044,Commercial,Digital,Irbid_North,1
C10046,2021-01-15,15.171221147493075,27.756831721239614,Residential,Digital,Irbid_West,0
C10042,2018-06-30,15.496434288388937,28.244651432583403,Residential,Analog,Irbid_West,0
C10032,2022-06-09,4.452659951398506,11.67898992709776,Commercial,Analog,Irbid_West,1
C10027,2020-12-16,21.564690114664916,37.347035171997376,Residential,Digital,Irbid_North,0
C10032,2022-05-10,,22.821886749951034,Commercial,Analog,Irbid_West,1
C10096,2018-10-28,22.555629775104507,38.83344466265676,Residential,Analog,Center,0
C10046,2020-12-16,18.601326104840076,32.90198915726012,Residential,Digital,Irbid_West,0
C10013,2018-06-30,41.775893694956736,67.66384054243511,Residential,Digital,Irbid_South,0
C10001,2022-05-10,35.88945058843486,58.83417588265229,Residential,Analog,Center,0
C10030,2022-08-08,40.05782168807646,65.0867325321147,Residential,Analog,Irbid_East,0
C10065,2018-05-31,26.763782069414443,45.14567310412166,Residential,Digital,Center,0
C10043,2020-09-17,14.478117436221428,26.717176154332144,Residential,Analog,Irbid_West,0
C10047,2021-04-15,27.649003227519884,46.473504841279826,Residential,Analog,Irbid_North,0
C10016,2020-12-16,15.788824026626674,28.683236039940013,Residential,Digital,Irbid_North,0
C10094,2020-02-20,26.117225889954423,44.17583883493163,Residential,Digital,Irbid_South,0
C10014,2021-08-13,15.395791094533426,28.09368664180014,Residential,Digital,Center,1
C10073,2018-01-31,17.98434093993167,31.976511409897505,Residential,Digital,Irbid_South,0
C10057,2021-05-15,34.177989085012754,56.26698362751913,Residential,Analog,Center,0
C10024,2018-09-28,36.47852792626217,59.717791889393254,Residential,Analog,Irbid_North,0
C10060,2019-12-22,39.52127538412625,64.28191307618937,Commercial,Analog,Irbid_East,0
C10015,2021-08-13,73.82585968896805,4.6765316111472135,Commercial,Digital,Irbid_North,1
C10032,2018-08-29,83.56627142922261,130.3494071438339,Commercial,Analog,Irbid_West,1
C10001,2018-10-28,33.805160775739246,55.70774116360887,Residential,Analog,Center,0
C10057,2022-07-09,43.01883745026099,69.52825617539148,Residential,Analog,Center,0
C10025,2019-11-22,7.708797181259552,16.563195771889326,Residential,Digital,Center,0
C10014,2020-02-20,10.98023247679715,21.470348715195726,Residential,Digital,Center,1
C10080,2019-09-23,19.52782072227649,34.29173108341474,Residential,Digital,Irbid_East,0
C10068,2021-12-11,13.55852253339831,25.337783800097466,Residential,Analog,Irbid_South,0
C10036,2018-08-29,26.85596018605353,45.2839402790803,Residential,Analog,Center,1
C10086,2019-01-26,22.42574608851167,38.6386191327675,Residential,Analog,Center,0
C10010,2020-06-19,124.04526500775108,191.06789751162663,Commercial,Analog,Irbid_East,0
C10038,2019-02-25,21.73719198490672,37.60578797736008,Residential,Digital,Center,0
C10017,2018-04-01,14.931392099096897,27.397088148645345,Residential,Analog,Irbid_West,0
C10075,2022-06-09,16.507043303653532,29.760564955480298,Residential,Smart,Irbid_South,0
C10044,2022-04-10,19.30857791919383,33.96286687879075,Residential,Digital,Center,0
C10012,2021-08-13,116.7830584425803,180.17458766387045,Commercial,Analog,Irbid_North,0
C10008,2018-11-27,73.1142760648593,114.67141409728895,Commercial,Analog,Irbid_South,0
C10074,2018-08-29,63.49403422994334,100.24105134491501,Commercial,Analog,Irbid_North,0
C10003,2020-01-21,15.211743788522721,27.81761568278408,Residential,Analog,Irbid_West,0
C10034,2022-05-10,190.59175955685592,290.8876393352839,Industrial,Digital,Irbid_West,0
C10085,2021-05-15,33.249857461103566,54.874786191655346,Residential,Analog,Irbid_North,0
C10020,2020-01-21,9.194136024031666,18.7912040360475,Residential,Digital,Irbid_East,0
C10059,2019-08-24,42.04247503626884,68.06371255440325,Residential,Analog,Center,0
C10035,2018-10-28,24.143759895404443,41.215639843106665,Residential,Digital,Irbid_West,0
C10063,2021-04-15,20.104139755247825,35.156209632871736,Residential,Smart,Center,0
C10044,2021-08-13,25.26459295786989,42.896889436804834,Residential,Digital,Center,0
C10075,2021-08-13,16.22115922268822,29.331738834032333,Residential,Smart,Irbid_South,0
C10074,2022-07-09,70.18851047963113,110.2827657194467,Commercial,Analog,Irbid_North,0
C10081,2020-01-21,22.929782001536132,39.3946730023042,Residential,Digital,Irbid_North,0
C10079,2019-02-25,19.728976424594254,34.59346463689138,Residential,Digital,Irbid_North,0
C10073,2021-05-15,42.24863479495221,68.37295219242831,Residential,Digital,Irbid_South,0
C10041,2019-12-22,39.221150289171476,63.831725433757214,Commercial,Analog,Irbid_North,0
C10022,2018-03-02,11.39150943623896,22.08726415435844,Residential,Analog,Irbid_North,0
C10030,2020-07-19,37.36663311256321,61.04994966884481,Residential,Analog,Irbid_East,0
C10059,2020-07-19,42.73780095967738,69.10670143951607,Residential,Analog,Center,0
C10005,2020-07-19,33.09678836539712,54.645182548095676,Residential,Digital,Irbid_West,0
C10005,2018-05-01,31.453844938950198,52.1807674084253,Residential,Digital,Irbid_West,0
C10099,2018-01-31,29.267878157640823,48.901817236461234,Commercial,Analog,Irbid_South,0
C10077,2018-12-27,18.05321977790097,32.07982966685145,Residential,Digital,Irbid_East,0
C10034,2022-04-10,,270.23286037137774,Industrial,Digital,Irbid_West,0
C10080,2021-10-12,19.17437887856504,33.76156831784756,Residential,Digital,Irbid_East,0
C10014,2020-09-17,39.555434523741745,64.33315178561261,Residential,Digital,Center,1
C10064,2020-06-19,41.94342848226546,67.91514272339819,Residential,Analog,Irbid_West,0
C10082,2022-11-06,33.29889642986322,54.94834464479483,Residential,Analog,Irbid_East,1
C10031,2018-05-01,27.60883988159598,46.41325982239397,Residential,Analog,Irbid_West,0
C10073,2020-02-20,22.201127435763652,38.30169115364548,Residential,Digital,Irbid_South,0
C10042,2018-01-31,8.79943365339329,18.199150480089934,Residential,Analog,Irbid_West,0
C10010,2018-05-31,113.78381886434835,175.67572829652252,Commercial,Analog,Irbid_East,0
C10055,2018-01-31,14.44147013185202,26.66220519777803,Residential,Analog,Irbid_West,0
C10013,2019-06-25,38.51965063687392,62.77947595531088,Residential,Digital,Irbid_South,0
C10006,2018-10-28,102.49039099945426,158.7355864991814,Commercial,Digital,Irbid_South,0
C10059,2021-05-15,39.773579324427494,64.66036898664125,Residential,Analog,Center,0
C10019,2022-03-11,22.133516901434348,38.20027535215152,Residential,Analog,Irbid_West,0
C10100,2020-05-20,32.044221548643655,53.06633232296548,Residential,Analog,Center,0
C10069,2020-07-19,13.90654502633071,25.859817539496063,Residential,Analog,Irbid_South,0
C10047,2018-09-28,36.96179296206793,60.4426894431019,Residential,Analog,Irbid_North,0
C10016,2019-08-24,37.64177228986622,61.46265843479932,Residential,Digital,Irbid_North,0
C10060,2021-11-11,56.97598333806633,90.46397500709949,Commercial,Analog,Irbid_East,0
C10066,2022-11-06,53.07209073862807,84.6081361079421,Commercial,Analog,Irbid_East,0
C10001,2021-02-14,21.50550411171126,37.25825616756689,Residential,Analog,Center,0
C10075,2019-07-25,17.51267977451403,31.269019661771047,Residential,Smart,Irbid_South,0
C10072,2019-06-25,38.98260700567127,63.473910508506904,Residential,Analog,Irbid_West,0
C10050,2021-07-14,30.969802781419737,51.45470417212961,Residential,Analog,Irbid_East,0
C10082,2019-06-25,22.002457229334237,38.00368584400135,Residential,Analog,Irbid_East,1
C10045,2020-03-21,46.76749657886681,75.15124486830021,Commercial,Digital,Center,0
C10054,2021-07-14,18.538828720999156,32.80824308149873,Residential,Digital,Center,0
C10020,2021-06-14,16.900175524297016,30.350263286445525,Residential,Digital,Irbid_East,0
C10011,2019-02-25,8.631085440631606,17.94662816094741,Residential,Digital,Irbid_South,0
C10100,2018-11-27,28.583500450061898,47.87525067509284,Residential,Analog,Center,0
C10025,2020-02-20,10.083400613597156,20.125100920395735,Residential,Digital,Center,0
C10075,2022-09-07,15.05497165462796,27.58245748194194,Residential,Smart,Irbid_South,0
C10051,2021-06-14,35.691235983643956,58.53685397546593,Residential,Digital,Irbid_South,0
C10016,2020-10-17,33.2565829686788,54.8848744530182,Residential,Digital,Irbid_North,0
C10041,2019-07-25,64.78710936249246,102.18066404373869,Commercial,Analog,Irbid_North,0
C10092,2018-07-30,39.0098891668689,63.51483375030335,Residential,Analog,Irbid_North,0
C10082,2021-11-11,8.212096596543356,17.318144894815035,Residential,Analog,Irbid_East,1
C10014,2021-10-12,17.945586149531472,31.918379224297208,Residential,Digital,Center,1
C10026,2019-09-23,13.29712652682636,24.94568979023954,Residential,Analog,Irbid_East,0
C10049,2022-02-09,21.57231047223451,37.358465708351765,Residential,Analog,Irbid_South,0
C10071,2020-08-18,54.62562488547326,86.93843732820989,Commercial,Analog,Irbid_East,0
C10011,2020-04-20,10.828564784390256,21.242847176585386,Residential,Digital,Irbid_South,0
C10074,2022-02-09,36.07053463695052,59.105801955425775,Commercial,Analog,Irbid_North,0
C10065,2019-01-26,16.56152762129757,29.842291431946357,Residential,Digital,Center,0
C10007,2020-06-19,45.79599098087262,73.69398647130893,Residential,Analog,Irbid_East,0
C10073,2020-01-21,22.342687054148612,38.51403058122292,Residential,Digital,Irbid_South,0
C10099,2020-08-18,65.86999869760024,103.80499804640036,Commercial,Analog,Irbid_South,0
C10067,2020-06-19,22.773982317457538,39.16097347618631,Residential,Analog,Center,0
C10007,2021-04-15,26.75429226842479,45.13143840263719,Residential,Analog,Irbid_East,0
C10056,2022-11-06,12.686426364385678,24.029639546578515,Residential,Analog,Irbid_North,0
C10001,2021-10-12,31.157008462317517,51.735512693476274,Residential,Analog,Center,0
C10097,2022-05-10,56.24343028703243,89.36514543054865,Commercial,Analog,Center,0
C10100,2020-08-18,40.741786081361035,66.11267912204156,Residential,Analog,Center,0
C10061,2021-06-14,38.128566385828435,62.19284957874265,Residential,Analog,Irbid_South,0
C10063,2018-06-30,28.532265507413893,47.79839826112084,Residential,Smart,Center,0
C10099,2018-05-31,52.11256497037034,83.16884745555552,Commercial,Analog,Irbid_South,0
C10041,2019-09-23,59.82450358847782,94.73675538271672,Commercial,Analog,Irbid_North,0
C10030,2018-10-28,30.853324432584774,51.27998664887716,Residential,Analog,Irbid_East,0
C10098,2021-03-16,42.323582937580234,68.48537440637035,Commercial,Analog,Irbid_South,0
C10083,2021-02-14,142.64591617440448,218.96887426160671,Industrial,Digital,Irbid_North,0
C10068,2021-06-14,31.57952171523533,52.369282572852995,Residential,Analog,Irbid_South,0
C10006,2021-02-14,68.82584007295226,108.2387601094284,Commercial,Digital,Irbid_South,0
C10004,2020-11-16,2.5807281938724835,8.871092290808726,Residential,Analog,Center,1
C10062,2018-04-01,44.885368958503875,72.32805343775581,Commercial,Analog,Irbid_West,0
C10023,2019-09-23,30.899536339476008,51.34930450921401,Residential,Digital,Irbid_West,0
C10093,2019-08-24,30.469042782463674,50.70356417369551,Residential,Analog,Irbid_East,0
C10065,2022-06-09,27.69967310556512,46.54950965834768,Residential,Digital,Center,0
C10061,2021-04-15,26.361347221588773,44.54202083238316,Residential,Analog,Irbid_South,0
C10006,2020-05-20,122.48379433933196,188.72569150899795,Commercial,Digital,Irbid_South,0
C10051,2018-05-01,34.19820279516919,56.297304192753785,Residential,Digital,Irbid_South,0
C10097,2020-06-19,61.907555118416774,97.86133267762516,Commercial,Analog,Center,0
C10052,2022-07-09,,43.36060088522932,Residential,Analog,Irbid_South,0
C10098,2021-06-14,76.09648192881097,119.14472289321645,Commercial,Analog,Irbid_South,0
C10039,2021-06-14,24.824183628261906,42.23627544239286,Residential,Digital,Irbid_South,0
C10070,2022-09-07,14.185244444414792,26.277866666622188,Residential,Analog,Irbid_North,0
C10060,2018-09-28,75.01682262789467,117.525233941842,Commercial,Analog,Irbid_East,0
C10025,2019-06-25,17.27210371883906,30.908155578258587,Residential,Digital,Center,0
C10003,2022-03-11,16.673090155218194,30.009635232827293,Residential,Analog,Irbid_West,0
C10071,2018-04-01,54.02882806587793,86.0432420988169,Commercial,Analog,Irbid_East,0
C10085,2020-07-19,37.10575765975617,60.65863648963426,Residential,Analog,Irbid_North,0
C10060,2020-05-20,77.65440353364714,121.4816053004707,Commercial,Analog,Irbid_East,0
C10071,2020-02-20,30.622317932196225,50.93347689829434,Commercial,Analog,Irbid_East,0
C10083,2019-07-25,249.00707755845482,378.5106163376822,Industrial,Digital,Irbid_North,0
C10084,2018-07-30,38.63731394805154,62.95597092207731,Residential,Analog,Irbid_North,0
C10016,2021-02-14,21.009815817086782,36.514723725630176,Residential,Digital,Irbid_North,0
C10002,2018-01-01,30.703822648872226,51.055733973308335,Commercial,Analog,Irbid_South,0
C10021,2021-04-15,14.960763438591172,27.44114515788676,Residential,Analog,Center,0
C10085,2019-08-24,36.321197544550344,59.481796316825516,Residential,Analog,Irbid_North,0
C10036,2019-08-24,22.727935715036324,39.091903572554486,Residential,Analog,Center,1
C10026,2019-12-22,7.658284039070309,16.487426058605465,Residential,Analog,Irbid_East,0
C10003,2020-09-17,25.966742844213414,43.95011426632012,Residential,Analog,Irbid_West,0
C10009,2018-01-31,20.58217502772297,35.87326254158445,Residential,Analog,Irbid_East,0
C10075,2019-08-24,15.99553926468036,28.99330889702054,Residential,Smart,Irbid_South,0
C10066,2019-08-24,75.57395282178992,118.36092923268487,Commercial,Analog,Irbid_East,0
C10030,2019-10-23,33.000118558210985,54.50017783731648,Residential,Analog,Irbid_East,0
C10013,2020-06-19,42.99659035806638,69.49488553709956,Residential,Digital,Irbid_South,0
C10030,2021-09-12,35.829624780782396,58.744437171173594,Residential,Analog,Irbid_East,0
C10076,2018-01-31,21.14234504123921,36.713517561858815,Residential,Analog,Irbid_South,0
C10046,2018-11-27,19.8347379507152,34.7521069260728,Residential,Digital,Irbid_West,0
C10082,2020-12-16,19.012241456246954,33.51836218437043,Residential,Analog,Irbid_East,1
C10070,2022-05-10,14.831892333157636,27.247838499736453,Residential,Analog,Irbid_North,0
C10023,2019-01-26,18.679319153310445,33.01897872996567,Residential,Digital,Irbid_West,0
C10096,2018-10-28,22.555629775104507,38.83344466265676,Residential,Analog,Center,0
C10048,2020-10-17,30.28612374654143,50.429185619812145,Residential,Digital,Irbid_West,0
C10004,2018-06-30,51.63996884961654,82.4599532744248,Residential,Analog,Center,1
C10019,2022-08-08,37.02792498534817,60.54188747802226,Residential,Analog,Irbid_West,0
C10035,2019-06-25,33.08594001365469,54.62891002048204,Residential,Digital,Irbid_West,0
C10092,2021-12-11,21.801777454328857,37.702666181493285,Residential,Analog,Irbid_North,0
C10003,2020-04-20,19.86861170787462,34.80291756181193,Residential,Analog,Irbid_West,0
C10069,2021-08-13,13.850206771726908,25.77531015759036,Residential,Analog,Irbid_South,0
C10057,2018-04-01,29.457854450657507,49.18678167598626,Residential,Analog,Center,0
C10080,2021-12-11,11.913715307116842,22.87057296067526,Residential,Digital,Irbid_East,0
C10048,2021-10-12,38.44852966792637,62.672794501889555,Residential,Digital,Irbid_West,0
C10063,2022-08-08,30.76232201309774,51.14348301964661,Residential,Smart,Center,0
C10024,2018-06-30,438.99071981335914,70.84860797200388,Residential,Analog,Irbid_North,0
C10096,2020-05-20,27.218838566426015,45.82825784963902,Residential,Analog,Center,0
C10084,2020-06-19,39.41438290626929,64.12157435940394,Residential,Analog,Irbid_North,0
C10061,2020-05-20,36.276040486269494,59.41406072940424,Residential,Analog,Irbid_South,0
C10091,2022-04-10,16.65566584243541,29.983498763653117,Residential,Smart,Irbid_South,0
C10051,2020-04-20,22.89219196484584,39.33828794726876,Residential,Digital,Irbid_South,0
C10050,2020-05-20,28.30147892295022,47.45221838442533,Residential,Analog,Irbid_East,0
C10088,2021-04-15,32.60336677046832,53.90505015570248,Residential,Analog,Irbid_South,0
C10029,2020-04-20,60.01733369966639,95.02600054949959,Commercial,Analog,Irbid_South,1
C10050,2019-01-26,13.394101035286768,25.091151552930153,Residential,Analog,Irbid_East,0
C10008,2020-10-17,100.94390046242998,156.41585069364498,Commercial,Analog,Irbid_South,0
C10011,2018-09-28,12.83100347184499,24.246505207767484,Residential,Digital,Irbid_South,0
C10072,2018-04-01,27.759559971804812,46.63933995770722,Residential,Analog,Irbid_West,0
C10086,2020-08-18,43.31549125584607,69.9732368837691,Residential,Analog,Center,0
C10035,2020-10-17,24.41822602514494,41.627339037717405,Residential,Digital,Irbid_West,0
C10068,2020-08-18,36.0259388535664,59.0389082803496,Residential,Analog,Irbid_South,0
C10091,2019-06-25,16.944269884168246,30.416404826252368,Residential,Smart,Irbid_South,0
C10028,2018-03-02,26.087601133310947,44.13140169996642,Residential,Analog,Irbid_South,0
C10079,2018-04-01,31.030441577923934,51.5456623668859,Residential,Digital,Irbid_North,0
C10092,2018-09-28,358.9860990852212,58.84791486278318,Residential,Analog,Irbid_North,0
C10001,2021-04-15,23.067871740409505,39.60180761061426,Residential,Analog,Center,0
C10035,2022-01-10,14.808639544575087,27.21295931686263,Residential,Digital,Irbid_West,0
C10066,2019-12-22,41.81755992498292,67.72633988747438,Commercial,Analog,Irbid_East,0
C10037,2019-03-27,15.115059885872501,27.672589828808754,Residential,Analog,Irbid_South,0
C10002,2019-02-25,63.60663990130719,100.40995985196079,Commercial,Analog,Irbid_South,0
C10092,2018-01-31,19.60161394809063,34.402420922135946,Residential,Analog,Irbid_North,0
C10100,2021-03-16,24.456773213268256,41.68515981990238,Residential,Analog,Center,0
C10045,2019-05-26,87.82266820293063,136.73400230439594,Commercial,Digital,Center,0
C10054,2018-01-01,8.826778082887037,18.240167124330554,Residential,Digital,Center,0
C10035,2020-12-16,16.26147356842453,29.392210352636795,Residential,Digital,Irbid_West,0
C10008,2019-09-23,116.2832015325394,179.42480229880908,Commercial,Analog,Irbid_South,0
C10035,2018-11-27,21.604893868119078,37.40734080217862,Residential,Digital,Irbid_West,0
C10043,2019-09-23,14.66188801203895,26.992832018058426,Residential,Analog,Irbid_West,0
C10022,2021-05-15,14.735348804842927,27.10302320726439,Residential,Analog,Irbid_North,0
C10058,2018-10-28,312.9109916451225,474.3664874676838,Industrial,Analog,Irbid_West,0
C10022,2021-08-13,19.186352454718882,33.77952868207832,Residential,Analog,Irbid_North,0
C10004,2022-08-08,0.6972865795152033,6.045929869272805,Residential,Analog,Center,1
C10085,2018-06-30,34.740829145993196,57.1112437189898,Residential,Analog,Irbid_North,0
C10044,2019-07-25,32.08648261446681,53.12972392170022,Residential,Digital,Center,0
C10077,2022-08-08,26.886864824824908,45.33029723723736,Residential,Digital,Irbid_East,0
C10043,2022-05-10,13.654337275298113,25.48150591294717,Residential,Analog,Irbid_West,0
C10055,2021-04-15,24.1490000892187,41.22350013382805,Residential,Analog,Irbid_West,0
C10054,2018-06-30,19.79088197429424,34.68632296144136,Residential,Digital,Center,0
C10066,2022-05-10,65.7421783039155,103.61326745587324,Commercial,Analog,Irbid_East,0
C10047,2018-08-29,,66.00149925760759,Residential,Analog,Irbid_North,0
C10081,2020-07-19,49.70979143045069,79.56468714567603,Residential,Digital,Irbid_North,0
C10071,2019-11-22,35.78746267758437,58.68119401637656,Commercial,Analog,Irbid_East,0
C10036,2018-06-30,21.315748784663242,36.97362317699486,Residential,Analog,Center,1
C10045,2021-03-16,45.896119178399616,73.84417876759943,Commercial,Digital,Center,0
C10047,2018-01-31,24.8874457498033,42.33116862470495,Residential,Analog,Irbid_North,0
C10079,2018-08-29,35.51770434595136,58.27655651892704,Residential,Digital,Irbid_North,0
C10024,2018-07-30,48.474868815913766,77.71230322387065,Residential,Analog,Irbid_North,0
C10095,2022-01-10,14.763033873471388,27.144550810207082,Residential,Analog,Irbid_West,1
C10092,2019-10-23,28.627648634960956,47.94147295244143,Residential,Analog,Irbid_North,0
C10022,2019-07-25,18.17583571410806,32.26375357116209,Residential,Analog,Irbid_North,0
C10100,2018-01-31,20.20048992046371,35.300734880695565,Residential,Analog,Center,0
C10026,2022-07-09,15.737240596205009,28.60586089430751,Residential,Analog,Irbid_East,0
C10092,2019-06-25,33.36091419806609,55.04137129709913,Residential,Analog,Irbid_North,0
C10054,2018-10-28,16.29129271517218,29.43693907275827,Residential,Digital,Center,0
C10077,2018-06-30,27.813079658656523,46.71961948798479,Residential,Digital,Irbid_East,0
C10081,2018-03-02,27.688144611753515,46.53221691763027,Residential,Digital,Irbid_North,0
C10095,2021-08-13,39.91470698497214,64.8720604774582,Residential,Analog,Irbid_West,1
C10081,2021-05-15,44.693310116520294,72.03996517478043,Residential,Digital,Irbid_North,0
C10060,2022-06-09,82.00555035962748,128.00832553944122,Commercial,Analog,Irbid_East,0
C10033,2018-01-01,58.21436978006169,92.32155467009252,Commercial,Smart,Center,0
C10009,2020-09-17,34.38109032878536,56.57163549317804,Residential,Analog,Irbid_East,0
C10070,2021-01-15,6.9908387222705475,15.486258083405822,Residential,Analog,Irbid_North,0
C10022,2021-12-11,6.701754721031776,15.052632081547664,Residential,Analog,Irbid_North,0
C10016,2019-02-25,18.390891325294852,32.586336987942275,Residential,Digital,Irbid_North,0
C10058,2020-08-18,395.7332305926937,598.5998458890406,Industrial,Analog,Irbid_West,0
C10062,2020-11-16,38.408913245305676,62.61336986795851,Commercial,Analog,Irbid_West,0
C10071,2021-06-14,65.02052596724259,102.5307889508639,Commercial,Analog,Irbid_East,0
C10053,2020-12-16,22.54538294185315,38.81807441277972,Residential,Smart,Center,0
C10037,2021-02-14,11.515476967660708,22.273215451491062,Residential,Analog,Irbid_South,0
C10013,2022-06-09,34.571381124873376,56.85707168731007,Residential,Digital,Irbid_South,0
C10074,2021-09-12,66.26828828054424,104.40243242081635,Commercial,Analog,Irbid_North,0
C10016,2021-07-14,36.643491657885555,59.96523748682833,Residential,Digital,Irbid_North,0
C10014,2021-06-14,28.433530156487006,47.65029523473051,Residential,Digital,Center,1
C10072,2019-05-26,31.968062705155244,52.952094057732864,Residential,Analog,Irbid_West,0
C10003,2021-08-13,23.698265021997344,40.547397532996015,Residential,Analog,Irbid_West,0
C10076,2021-11-11,25.008395018422764,42.51259252763415,Residential,Analog,Irbid_South,0
C10067,2019-11-22,12.03064223799699,23.045963356995486,Residential,Analog,Center,0
C10043,2019-06-25,14.758332966776203,27.137499450164306,Residential,Analog,Irbid_West,0
C10097,2019-11-22,36.26845729289265,59.40268593933897,Commercial,Analog,Center,0
C10022,2022-03-11,12.066344650855902,23.09951697628385,Residential,Analog,Irbid_North,0
C10092,2021-10-12,26.631141028149973,44.94671154222496,Residential,Analog,Irbid_North,0
C10085,2018-08-29,34.867876813795895,57.30181522069384,Residential,Analog,Irbid_North,0
C10095,2020-08-18,39.94184896338531,64.91277344507796,Residential,Analog,Irbid_West,1
C10056,2018-01-01,12.768255291887101,24.15238293783065,Residential,Analog,Irbid_North,0
C10056,2018-10-28,19.263156018122295,33.894734027183446,Residential,Analog,Irbid_North,0
C10006,2020-03-21,88.48715008020712,137.73072512031067,Commercial,Digital,Irbid_South,0
C10042,2020-06-19,15.237353045536773,27.85602956830516,Residential,Analog,Irbid_West,0
C10095,2021-02-14,18.666218822257136,32.999328233385704,Residential,Analog,Irbid_West,1
C10074,2020-04-20,69.95013150052989,109.92519725079484,Commercial,Analog,Irbid_North,0
C10014,2022-04-10,28.273472212184483,47.41020831827672,Residential,Digital,Center,1
C10052,2019-07-25,30.97735578584123,51.466033678761846,Residential,Analog,Irbid_South,0
C10058,2021-06-14,330.57253867855445,500.8588080178317,Industrial,Analog,Irbid_West,0
C10089,2020-02-20,8.140399081560295,17.21059862234044,Residential,Analog,Irbid_East,0
C10001,2022-06-09,35.62095002190364,58.43142503285546,Residential,Analog,Center,0
C10068,2021-08-13,31.399340004493453,52.09901000674018,Residential,Analog,Irbid_South,0
C10058,2020-07-19,398.49679668743295,602.7451950311495,Industrial,Analog,Irbid_West,0
C10032,2021-05-15,9.88264234099267,19.823963511489005,Commercial,Analog,Irbid_West,1
C10025,2021-05-15,15.202328392664496,27.803492588996743,Residential,Digital,Center,0
C10082,2019-01-26,9.337341209401776,19.006011814102663,Residential,Analog,Irbid_East,1
C10082,2020-11-16,25.93652172074825,43.904782581122376,Residential,Analog,Irbid_East,1
C10070,2018-10-28,14.467443552064008,26.70116532809601,Residential,Analog,Irbid_North,0
C10056,2020-11-16,14.598690084300268,26.898035126450402,Residential,Analog,Irbid_North,0
C10016,2021-10-12,30.05204966886026,50.07807450329039,Residential,Digital,Irbid_North,0
C10055,2022-05-10,31.241618891992175,51.86242833798826,Residential,Analog,Irbid_West,0
C10037,2018-01-31,14.031227768835656,26.046841653253484,Residential,Analog,Irbid_South,0
C10090,2020-05-20,36.666355363452936,59.999533045179405,Residential,Digital,Irbid_West,0
C10051,2022-09-07,29.18401760232652,48.77602640348978,Residential,Digital,Irbid_South,0
C10013,2021-12-11,20.521155907367916,35.781733861051876,Residential,Digital,Irbid_South,0
C10095,2022-10-07,35.37156190005624,58.05734285008437,Residential,Analog,Irbid_West,1
C10059,2019-03-27,30.87211541584897,51.30817312377346,Residential,Analog,Center,0
C10005,2021-09-12,32.6157354978067,53.92360324671006,Residential,Digital,Irbid_West,0
C10100,2022-01-10,19.174250937941267,33.7613764069119,Residential,Analog,Center,0
C10076,2019-12-22,20.156511024474746,35.234766536712115,Residential,Analog,Irbid_South,0
C10093,2020-03-21,19.945980081180636,34.918970121770954,Residential,Analog,Irbid_East,0
C10039,2022-04-10,23.142241927677283,39.71336289151593,Residential,Digital,Irbid_South,0
C10046,2019-05-26,22.275527764344467,38.4132916465167,Residential,Digital,Irbid_West,0
C10035,2021-03-16,21.521666870181797,37.28250030527269,Residential,Digital,Irbid_West,0
C10057,2020-05-20,37.16532987120211,60.74799480680316,Residential,Analog,Center,0
C10013,2018-03-02,23.51664804028408,40.274972060426116,Residential,Digital,Irbid_South,0
C10016,2022-03-11,18.859464444354195,33.289196666531296,Residential,Digital,Irbid_North,0
C10088,2022-07-09,44.240821275983855,71.36123191397579,Residential,Analog,Irbid_South,0
C10038,2021-06-14,42.34335276517042,68.51502914775563,Residential,Digital,Center,0
C10017,2020-05-20,18.762002035749717,33.143003053624575,Residential,Analog,Irbid_West,0
C10054,2020-08-18,17.543195394565657,31.314793091848486,Residential,Digital,Center,0
C10030,2019-07-25,36.50619978984442,59.75929968476663,Residential,Analog,Irbid_East,0
C10083,2022-02-09,127.59784612279279,196.39676918418917,Industrial,Digital,Irbid_North,0
C10074,2021-06-14,66.72759288209822,105.09138932314733,Commercial,Analog,Irbid_North,0
C10029,2021-08-13,14.263705816492157,26.395558724738237,Commercial,Analog,Irbid_South,1
C10006,2021-05-15,114.27108217887843,176.40662326831765,Commercial,Digital,Irbid_South,0
C10062,2021-05-15,50.596204957675276,80.89430743651292,Commercial,Analog,Irbid_West,0
C10071,2021-07-14,62.99487247960029,99.49230871940043,Commercial,Analog,Irbid_East,0
C10012,2020-04-20,78.0706669936452,122.1060004904678,Commercial,Analog,Irbid_North,0
C10058,2018-12-27,171.5368411037828,262.3052616556742,Industrial,Analog,Irbid_West,0
C10017,2018-06-30,19.801957669043755,34.70293650356563,Residential,Analog,Irbid_West,0
C10096,2019-12-22,16.922129822075814,30.38319473311372,Residential,Analog,Center,0
C10037,2021-07-14,25.86075144237454,43.79112716356181,Residential,Analog,Irbid_South,0
C10046,2019-01-26,15.556861545872149,28.33529231880822,Residential,Digital,Irbid_West,0
C10080,2019-05-26,21.368806570308177,37.05320985546226,Residential,Digital,Irbid_East,0
C10089,2022-05-10,13.813121129896889,25.719681694845335,Residential,Analog,Irbid_East,0
C10093,2019-10-23,21.405614952840093,37.10842242926014,Residential,Analog,Irbid_East,0
C10060,2020-08-18,92.42185404303957,143.63278106455937,Commercial,Analog,Irbid_East,0
C10081,2018-05-31,30.47124279534145,50.70686419301217,Residential,Digital,Irbid_North,0
C10034,2018-10-28,173.90901377059637,265.86352065589455,Industrial,Digital,Irbid_West,0
C10069,2021-04-15,11.24036303196171,21.860544547942567,Residential,Analog,Irbid_South,0
C10080,2019-07-25,22.379002412936682,38.56850361940502,Residential,Digital,Irbid_East,0
C10083,2021-09-12,192.97707519780684,294.4656127967103,Industrial,Digital,Irbid_North,0
C10089,2018-10-28,11.038762191799059,21.558143287698588,Residential,Analog,Irbid_East,0
C10096,2021-07-14,38.084607887083195,62.12691183062479,Residential,Analog,Center,0
C10061,2018-01-01,16.111849767926664,29.167774651889996,Residential,Analog,Irbid_South,0
C10093,2018-08-29,29.578944688279314,49.368417032418975,Residential,Analog,Irbid_East,0
C10054,2019-06-25,19.744005706365314,34.61600855954797,Residential,Digital,Center,0
C10084,2018-09-28,35.15878511857686,57.73817767786529,Residential,Analog,Irbid_North,0
C10007,2020-01-21,17.452895994262796,31.179343991394195,Residential,Analog,Irbid_East,0
C10089,2018-01-31,6.731597123588288,15.097395685382432,Residential,Analog,Irbid_East,0
C10099,2018-04-01,46.191407597339534,74.2871113960093,Commercial,Analog,Irbid_South,0
C10009,2022-08-08,39.991413836792745,64.98712075518912,Residential,Analog,Irbid_East,0
C10095,2019-01-26,20.01455211759749,35.021828176396234,Residential,Analog,Irbid_West,1
C10071,2018-12-27,31.615751646803783,52.42362747020567,Commercial,Analog,Irbid_East,0
C10059,2020-03-21,26.374896910894623,44.56234536634194,Residential,Analog,Center,0
C10004,2019-09-23,37.49150577816177,61.237258667242656,Residential,Analog,Center,1
C10023,2018-12-27,20.30099727266537,35.451495908998055,Residential,Digital,Irbid_West,0
C10059,2019-10-23,28.657480865271992,47.98622129790799,Residential,Analog,Center,0
C10046,2018-08-29,31.51083441340081,52.266251620101215,Residential,Digital,Irbid_West,0
C10078,2021-06-14,72.20093999194847,113.30140998792271,Commercial,Analog,Center,0
C10068,2018-01-31,19.914046446431247,34.87106966964687,Residential,Analog,Irbid_South,0
C10031,2022-06-09,34.92539151842638,57.38808727763957,Residential,Analog,Irbid_West,0
C10091,2019-02-25,6.486772769760346,14.73015915464052,Residential,Smart,Irbid_South,0
C10048,2022-04-10,39.48266912167131,64.22400368250696,Residential,Digital,Irbid_West,0
C10051,2020-06-19,31.439796704784765,52.159695057177146,Residential,Digital,Irbid_South,0
C10021,2018-05-31,14.954695070615905,27.432042605923858,Residential,Analog,Center,0
C10028,2020-01-21,21.243374980917594,36.86506247137639,Residential,Analog,Irbid_South,0
C10057,2022-09-07,33.906189760405354,55.85928464060803,Residential,Analog,Center,0
C10058,2022-08-08,397.44252479146974,601.1637871872047,Industrial,Analog,Irbid_West,0
C10048,2021-05-15,36.15961111615994,59.239416674239905,Residential,Digital,Irbid_West,0
C10030,2022-04-10,26.179285563480306,44.26892834522046,Residential,Analog,Irbid_East,0
C10064,2019-05-26,32.33692518360016,53.50538777540024,Residential,Analog,Irbid_West,0
C10057,2018-08-29,34.61214597821652,56.918218967324776,Residential,Analog,Center,0
C10057,2018-07-30,35.65228530224608,58.47842795336912,Residential,Analog,Center,0
C10059,2022-05-10,40.31486900686085,65.47230351029128,Residential,Analog,Center,0
C10089,2020-08-18,13.092258950255962,24.638388425383944,Residential,Analog,Irbid_East,0
C10058,2020-05-20,351.3493824097408,532.0240736146112,Industrial,Analog,Irbid_West,0
C10011,2018-04-01,10.157439494079732,20.236159241119598,Residential,Digital,Irbid_South,0
C10051,2022-08-08,35.44632108405005,58.16948162607507,Residential,Digital,Irbid_South,0
C10088,2021-09-12,42.06879285669088,68.10318928503631,Residential,Analog,Irbid_South,0
C10003,2018-06-30,28.373710262014882,47.56056539302232,Residential,Analog,Irbid_West,0
C10065,2020-12-16,18.03839375129253,32.0575906269388,Residential,Digital,Center,0
C10049,2022-07-09,43.42736417954821,70.14104626932232,Residential,Analog,Irbid_South,0
C10075,2018-11-27,10.928426499573147,21.39263974935972,Residential,Smart,Irbid_South,0
C10059,2022-03-11,22.470443738880924,38.70566560832138,Residential,Analog,Center,0
C10046,2020-06-19,28.76625951141922,48.14938926712883,Residential,Digital,Irbid_West,0
C10014,2021-11-11,6.553978009094058,14.830967013641086,Residential,Digital,Center,1
C10028,2019-07-25,42.332442943233666,68.4986644148505,Residential,Analog,Irbid_South,0
C10017,2019-12-22,11.285697141707482,21.928545712561224,Residential,Analog,Irbid_West,0
C10055,2021-05-15,28.773463662766567,48.160195494149846,Residential,Analog,Irbid_West,0
C10042,2018-04-01,10.912378229992811,21.368567344989216,Residential,Analog,Irbid_West,0
C10037,2020-04-20,20.129521584065547,35.19428237609832,Residential,Analog,Irbid_South,0
C10094,2018-01-01,19.96290078557888,34.94435117836832,Residential,Digital,Irbid_South,0
C10041,2021-07-14,72.89178377834884,114.33767566752326,Commercial,Analog,Irbid_North,0
C10007,2018-03-02,21.028291052622347,36.54243657893352,Residential,Analog,Irbid_East,0
C10040,2018-09-28,33.39446977692486,55.09170466538728,Residential,Analog,Irbid_West,0
C10006,2021-09-12,105.80075381330403,163.70113071995604,Commercial,Digital,Irbid_South,0
C10014,2020-10-17,8.809462664809372,18.214193997214057,Residential,Digital,Center,1
C10081,2018-07-30,50.73403882782638,81.10105824173957,Residential,Digital,Irbid_North,0
C10054,2020-01-21,9.961980124449148,19.942970186673723,Residential,Digital,Center,0
C10091,2018-05-31,16.826188479505777,30.239282719258668,Residential,Smart,Irbid_South,0
C10097,2021-12-11,34.8592982400548,57.2889473600822,Commercial,Analog,Center,0
C10056,2020-01-21,13.522315788796737,25.283473683195105,Residential,Analog,Irbid_North,0
C10069,2020-02-20,6.560152100697447,14.84022815104617,Residential,Analog,Irbid_South,0
C10036,2019-04-26,16.327815383261935,29.491723074892903,Residential,Analog,Center,1
C10031,2020-10-17,25.267655589849507,42.90148338477426,Residential,Analog,Irbid_West,0
C10014,2019-01-26,9.726242281846833,19.589363422770248,Residential,Digital,Center,1
C10100,2022-10-07,28.130912367514146,47.19636855127122,Residential,Analog,Center,0
C10045,2020-10-17,69.71893045907237,109.57839568860855,Commercial,Digital,Center,0
C10002,2020-10-17,59.60557346208812,94.40836019313218,Commercial,Analog,Irbid_South,0
C10071,2020-01-21,33.60872791551813,55.413091873277196,Commercial,Analog,Irbid_East,0
C10063,2020-12-16,16.671128892375446,30.006693338563167,Residential,Smart,Center,0
C10049,2018-11-27,,43.864645318661374,Residential,Analog,Irbid_South,0
C10040,2020-07-19,39.803742438640775,64.70561365796117,Residential,Analog,Irbid_West,0
C10100,2021-11-11,26.82364892641953,45.23547338962929,Residential,Analog,Center,0
C10090,2020-02-20,23.151619746364744,39.72742961954712,Residential,Digital,Irbid_West,0
C10054,2021-12-11,9.47755072928113,19.216326093921694,Residential,Digital,Center,0
C10090,2022-10-07,29.130470692456864,48.695706038685294,Residential,Digital,Irbid_West,0
C10048,2020-09-17,37.150218009775486,60.72532701466323,Residential,Digital,Irbid_West,0
C10049,2020-08-18,481.63435528669544,77.24515329300432,Residential,Analog,Irbid_South,0
C10032,2018-05-31,83.77898189399579,130.66847284099367,Commercial,Analog,Irbid_West,1
C10077,2022-04-10,24.27589842306544,41.413847634598156,Residential,Digital,Irbid_East,0
C10031,2022-09-07,28.692572771363967,48.03885915704595,Residential,Analog,Irbid_West,0
C10045,2018-05-31,75.77615023216644,118.66422534824966,Commercial,Digital,Center,0
C10038,2019-11-22,,48.039211354524376,Residential,Digital,Center,0
C10039,2022-08-08,26.784963033246232,45.17744454986935,Residential,Digital,Irbid_South,0
C10016,2022-02-09,23.76701005723502,40.65051508585253,Residential,Digital,Irbid_North,0
C10052,2018-08-29,28.03232568883695,47.04848853325542,Residential,Analog,Irbid_South,0
C10019,2021-04-15,26.472770894724754,44.70915634208713,Residential,Analog,Irbid_West,0
C10044,2019-05-26,23.890578934054993,40.83586840108249,Residential,Digital,Center,0
C10037,2021-08-13,26.661848661198928,44.99277299179839,Residential,Analog,Irbid_South,0
C10007,2022-11-06,21.82035203726815,37.73052805590223,Residential,Analog,Irbid_East,0
C10016,2019-10-23,26.386399572269912,44.57959935840487,Residential,Digital,Irbid_North,0
C10021,2022-06-09,18.73536995136222,33.10305492704333,Residential,Analog,Center,0
C10008,2022-09-07,93.19229519212645,144.78844278818968,Commercial,Analog,Irbid_South,0
C10034,2022-07-09,252.70455057548764,384.05682586323144,Industrial,Digital,Irbid_West,0
C10021,2018-03-02,10.15815388597087,20.237230828956307,Residential,Analog,Center,0
C10044,2021-10-12,23.850273966271587,40.77541094940738,Residential,Digital,Center,0
C10098,2019-01-26,33.34113432556398,55.01170148834596,Commercial,Analog,Irbid_South,0
C10033,2022-02-09,53.81004305885945,85.71506458828918,Commercial,Smart,Center,0
C10052,2022-02-09,15.66263239831681,28.493948597475214,Residential,Analog,Irbid_South,0
C10067,2022-10-07,14.467800806952075,26.701701210428112,Residential,Analog,Center,0
C10036,2022-03-11,11.017121056605129,21.525681584907694,Residential,Analog,Center,1
C10062,2020-03-21,39.866408832495466,64.7996132487432,Commercial,Analog,Irbid_West,0
C10082,2022-08-08,51.3010453579015,81.95156803685225,Residential,Analog,Irbid_East,1
C10034,2019-05-26,190.5112832882698,290.76692493240466,Industrial,Digital,Irbid_West,0
C10068,2019-01-26,17.53523848074065,31.302857721110975,Residential,Analog,Irbid_South,0
C10100,2018-05-31,40.923948438764796,66.3859226581472,Residential,Analog,Center,0
C10051,2022-06-09,34.28861354766887,56.4329203215033,Residential,Digital,Irbid_South,0
C10021,2021-12-11,11.26711182929331,21.900667743939962,Residential,Analog,Center,0
C10037,2020-08-18,25.09751418137081,42.64627127205621,Residential,Analog,Irbid_South,0
C10046,2018-12-27,14.117749900903311,26.176624851354966,Residential,Digital,Irbid_West,0
C10017,2020-08-18,17.640343397037125,31.460515095555685,Residential,Analog,Irbid_West,0
C10037,2020-06-19,28.295800177753875,47.44370026663081,Residential,Analog,Irbid_South,0
C10078,2022-02-09,42.78427672154777,69.17641508232165,Commercial,Analog,Center,0
C10063,2021-06-14,27.25600659323698,45.88400988985547,Residential,Smart,Center,0
C10060,2022-09-07,80.3890184517312,125.5835276775968,Commercial,Analog,Irbid_East,0
C10079,2020-07-19,36.49910161250802,59.748652418762035,Residential,Digital,Irbid_North,0
C10022,2022-10-07,9.368973643632753,19.053460465449128,Residential,Analog,Irbid_North,0
C10032,2018-04-01,67.49682675447767,106.2452401317165,Commercial,Analog,Irbid_West,1
C10040,2018-04-01,33.37616187714674,55.064242815720114,Residential,Analog,Irbid_West,0
C10041,2022-01-10,29.53438475857489,49.30157713786234,Commercial,Analog,Irbid_North,0
C10036,2020-12-16,35.46775335261916,58.20163002892875,Residential,Analog,Center,1
C10018,2021-09-12,24.784651516490086,5.279370376305921,Residential,Digital,Irbid_West,1
C10013,2022-10-07,31.839268920491694,52.75890338073754,Residential,Digital,Irbid_South,0
C10071,2020-03-21,,65.41365772694411,Commercial,Analog,Irbid_East,0
C10044,2021-05-15,21.684522291150458,37.52678343672569,Residential,Digital,Center,0
C10002,2019-05-26,71.89747137571933,112.846207063579,Commercial,Analog,Irbid_South,0
C10049,2019-06-25,41.52354871252814,67.28532306879221,Residential,Analog,Irbid_South,0
C10081,2019-08-24,37.87626678404382,61.81440017606573,Residential,Digital,Irbid_North,0
C10022,2022-06-09,19.94491405498739,34.91737108248108,Residential,Analog,Irbid_North,0
C10089,2018-05-01,12.368925969106831,23.553388953660246,Residential,Analog,Irbid_East,0
C10015,2020-08-18,64.55706029712874,5.3802073280721485,Commercial,Digital,Irbid_North,1
C10065,2018-10-28,24.51970826127024,41.77956239190536,Residential,Digital,Center,0
C10097,2021-02-14,39.527935240953404,64.2919028614301,Commercial,Analog,Center,0
C10050,2020-01-21,15.218212283118254,27.82731842467738,Residential,Analog,Irbid_East,0
C10057,2020-07-19,39.66522145700889,64.49783218551333,Residential,Analog,Center,0
C10043,2021-04-15,14.275322869526704,26.412984304290056,Residential,Analog,Irbid_West,0
C10099,2022-10-07,39.44318725518137,64.16478088277205,Commercial,Analog,Irbid_South,0
C10044,2022-07-09,27.749869941773014,46.62480491265952,Residential,Digital,Center,0
C10059,2022-02-09,24.125014803379095,41.187522205068646,Residential,Analog,Center,0
C10007,2019-03-27,26.924552646226328,45.38682896933949,Residential,Analog,Irbid_East,0
C10032,2021-12-11,4.047516057209754,11.07127408581463,Commercial,Analog,Irbid_West,1
C10074,2022-01-10,37.95888105370269,61.93832158055403,Commercial,Analog,Irbid_North,0
C10088,2019-03-27,30.522692856108957,50.784039284163434,Residential,Analog,Irbid_South,0
C10091,2022-07-09,15.835267875731663,28.752901813597497,Residential,Smart,Irbid_South,0
C10068,2018-07-30,35.52858594666136,58.292878919992035,Residential,Analog,Irbid_South,0
C10027,2021-08-13,48.88507887914604,78.32761831871906,Residential,Digital,Irbid_North,0
C10019,2021-02-14,20.874786111375006,36.31217916706251,Residential,Analog,Irbid_West,0
C10062,2019-05-26,59.46994654788593,94.2049198218289,Commercial,Analog,Irbid_West,0
C10059,2018-10-28,34.72198712709049,57.082980690635736,Residential,Analog,Center,0
C10099,2019-05-26,44.97708620480495,72.46562930720742,Commercial,Analog,Irbid_South,0
C10050,2019-06-25,30.02327562709069,50.03491344063603,Residential,Analog,Irbid_East,0
C10034,2019-02-25,109.11744352309472,168.67616528464208,Industrial,Digital,Irbid_West,0
C10009,2021-01-15,19.534771222914657,34.302156834371985,Residential,Analog,Irbid_East,0
C10088,2021-03-16,30.2030618822628,50.3045928233942,Residential,Analog,Irbid_South,0
C10040,2020-12-16,,33.2135456599959,Residential,Analog,Irbid_West,0
C10023,2019-10-23,27.19775941664478,45.79663912496717,Residential,Digital,Irbid_West,0
C10006,2019-08-24,120.09160680740302,185.13741021110454,Commercial,Digital,Irbid_South,0
C10027,2022-11-06,29.0568006637607,48.58520099564105,Residential,Digital,Irbid_North,0
C10062,2022-05-10,56.2970689175574,89.4456033763361,Commercial,Analog,Irbid_West,0
C10035,2019-08-24,30.53098422424928,50.79647633637392,Residential,Digital,Irbid_West,0
C10037,2022-11-06,15.010228572114412,27.515342858171618,Residential,Analog,Irbid_South,0
C10028,2022-05-10,33.62788931933215,55.44183397899822,Residential,Analog,Irbid_South,0
C10005,2019-08-24,36.01111352913877,59.01667029370815,Residential,Digital,Irbid_West,0
C10090,2018-05-31,35.428552809281975,58.142829213922965,Residential,Digital,Irbid_West,0
C10034,2022-11-06,179.091853382883,273.6377800743245,Industrial,Digital,Irbid_West,0
C10080,2021-09-12,21.919373125434934,37.8790596881524,Residential,Digital,Irbid_East,0
C10016,2018-01-31,22.934736203343757,39.402104305015634,Residential,Digital,Irbid_North,0
C10063,2019-12-22,12.549899217396943,23.824848826095415,Residential,Smart,Center,0
C10034,2021-10-12,174.8945981122506,267.3418971683759,Industrial,Digital,Irbid_West,0
C10071,2020-10-17,44.48978322698998,71.73467484048497,Commercial,Analog,Irbid_East,0
C10032,2022-09-07,,13.865894079813977,Commercial,Analog,Irbid_West,1
C10031,2020-04-20,23.520690984470125,40.28103647670519,Residential,Analog,Irbid_West,0
C10027,2019-01-26,26.25364027519188,44.38046041278782,Residential,Digital,Irbid_North,0
C10074,2020-11-16,38.48413448733643,62.72620173100465,Commercial,Analog,Irbid_North,0
C10080,2018-09-28,20.79235047041649,36.188525705624734,Residential,Digital,Irbid_East,0
C10089,2020-09-17,14.582572781233093,26.873859171849638,Residential,Analog,Irbid_East,0
C10078,2020-10-17,55.01159231423794,87.51738847135691,Commercial,Analog,Center,0
C10071,2018-08-29,62.52532388830431,98.78798583245646,Commercial,Analog,Irbid_East,0
C10078,2018-07-30,74.35778014871592,116.53667022307388,Commercial,Analog,Center,0
C10004,2021-08-13,0.9957758270713788,6.493663740607069,Residential,Analog,Center,1
C10013,2018-04-01,32.073235657034104,53.109853485551156,Residential,Digital,Irbid_South,0
C10091,2020-10-17,12.567657060532051,23.851485590798077,Residential,Smart,Irbid_South,0
C10020,2018-01-31,9.718854292671288,19.578281439006933,Residential,Digital,Irbid_East,0
C10047,2018-03-02,27.216220355396676,45.824330533095015,Residential,Analog,Irbid_North,0
C10015,2018-06-30,73.23248586418845,114.84872879628267,Commercial,Digital,Irbid_North,1
C10072,2020-05-20,28.51516431181674,47.77274646772511,Residential,Analog,Irbid_West,0
C10085,2018-03-02,25.669568490494825,43.50435273574224,Residential,Analog,Irbid_North,0
C10043,2020-07-19,15.968050488403373,28.95207573260506,Residential,Analog,Irbid_West,0
C10049,2021-12-11,24.5385557906602,41.8078336859903,Residential,Analog,Irbid_South,0
C10002,2022-09-07,72.29605141230586,113.44407711845878,Commercial,Analog,Irbid_South,0
C10011,2021-09-12,11.094592078072337,21.641888117108504,Residential,Digital,Irbid_South,0
C10001,2018-04-01,26.752949630793015,45.129424446189525,Residential,Analog,Center,0
C10070,2020-06-19,16.295954686941617,29.443932030412427,Residential,Analog,Irbid_North,0
C10008,2021-11-11,100.70988726554678,156.06483089832017,Commercial,Analog,Irbid_South,0
C10001,2018-05-31,33.437785530939834,55.15667829640975,Residential,Analog,Center,0
C10016,2019-07-25,41.93883094082039,67.90824641123058,Residential,Digital,Irbid_North,0
C10044,2019-03-27,12.582526017443216,23.873789026164825,Residential,Digital,Center,0
C10073,2018-05-01,34.461867677489245,56.69280151623387,Residential,Digital,Irbid_South,0
C10018,2021-07-14,32.851105829238804,4.344079935917915,Residential,Digital,Irbid_West,1
C10044,2018-10-28,23.017665066909114,39.52649760036367,Residential,Digital,Center,0
C10005,2018-03-02,21.50021203238778,37.25031804858167,Residential,Digital,Irbid_West,0
C10088,2021-10-12,32.90105075847079,54.35157613770618,Residential,Analog,Irbid_South,0
C10020,2019-08-24,18.790470533730854,33.18570580059628,Residential,Digital,Irbid_East,0
C10048,2022-02-09,20.44846729959022,35.67270094938533,Residential,Digital,Irbid_West,0
C10063,2019-03-27,20.441659640214723,35.662489460322085,Residential,Smart,Center,0
C10040,2022-09-07,31.75533022429978,52.63299533644967,Residential,Analog,Irbid_West,0
C10059,2021-01-15,,35.74942703712509,Residential,Analog,Center,0
C10058,2018-01-31,165.0873034819972,252.6309552229958,Industrial,Analog,Irbid_West,0
C10043,2021-07-14,16.381417999955808,29.57212699993371,Residential,Analog,Irbid_West,0
C10027,2021-09-12,33.40694940011119,55.11042410016678,Residential,Digital,Irbid_North,0
C10098,2020-01-21,41.85262360568463,67.77893540852693,Commercial,Analog,Irbid_South,0
C10039,2021-08-13,30.21335933978235,50.32003900967352,Residential,Digital,Irbid_South,0
C10046,2018-09-28,27.050990140037683,45.576485210056525,Residential,Digital,Irbid_West,0
C10089,2021-03-16,8.579481577590066,17.8692223663851,Residential,Analog,Irbid_East,0
C10022,2022-04-10,14.542102402383557,26.813153603575337,Residential,Analog,Irbid_North,0
C10058,2020-04-20,291.62878085134287,442.4431712770143,Industrial,Analog,Irbid_West,0
C10064,2020-08-18,41.96331544568566,67.94497316852849,Residential,Analog,Irbid_West,0
C10094,2022-09-07,36.547507043480614,59.821260565220925,Residential,Digital,Irbid_South,0
C10040,2019-10-23,30.342987550530225,50.51448132579534,Residential,Analog,Irbid_West,0
C10033,2022-07-09,139.5984682463939,214.39770236959086,Commercial,Smart,Center,0
C10059,2020-10-17,30.811139617993803,51.216709426990704,Residential,Analog,Center,0
C10030,2019-09-23,33.66354043876963,55.495310658154445,Residential,Analog,Irbid_East,0
C10046,2021-03-16,20.037064009158296,35.05559601373744,Residential,Digital,Irbid_West,0
C10095,2018-05-01,40.09422478554495,65.14133717831743,Residential,Analog,Irbid_West,1
C10042,2018-12-27,6.54554785429333,14.818321781439995,Residential,Analog,Irbid_West,0
C10067,2021-11-11,15.271801691283367,27.90770253692505,Residential,Analog,Center,0
C10079,2021-02-14,21.651310748081027,37.47696612212154,Residential,Digital,Irbid_North,0
C10025,2022-05-10,14.633093320866834,26.94963998130025,Residential,Digital,Center,0
C10071,2018-06-30,55.203182709455824,87.80477406418373,Commercial,Analog,Irbid_East,0
C10036,2022-10-07,12.164232748473577,23.246349122710363,Residential,Analog,Center,1
C10020,2020-05-20,14.370619528200862,26.555929292301293,Residential,Digital,Irbid_East,0
C10092,2018-11-27,22.70653684475417,39.05980526713125,Residential,Analog,Irbid_North,0
C10004,2022-04-10,0.8670508001177627,6.3005762001766445,Residential,Analog,Center,1
C10002,2018-06-30,85.28620330481353,132.9293049572203,Commercial,Analog,Irbid_South,0
C10027,2021-07-14,41.311072773214796,66.9666091598222,Residential,Digital,Irbid_North,0
C10055,2021-07-14,32.551124637514306,53.82668695627146,Residential,Analog,Irbid_West,0
C10060,2022-08-08,95.01066991564211,147.51600487346317,Commercial,Analog,Irbid_East,0
C10078,2018-12-27,38.93342557653873,63.4001383648081,Commercial,Analog,Center,0
C10003,2018-05-31,23.59153900580465,40.38730850870697,Residential,Analog,Irbid_West,0
C10022,2020-12-16,10.905086793193218,21.357630189789827,Residential,Analog,Irbid_North,0
C10033,2022-08-08,113.29190121243761,174.9378518186564,Commercial,Smart,Center,0
C10092,2018-12-27,20.975156652617294,36.46273497892594,Residential,Analog,Irbid_North,0
C10091,2020-05-20,14.954247854906837,27.431371782360255,Residential,Smart,Irbid_South,0
C10035,2020-11-16,16.557206407499674,29.83580961124951,Residential,Digital,Irbid_West,0
C10077,2019-08-24,23.853124844332704,40.77968726649905,Residential,Digital,Irbid_East,0
C10052,2020-02-20,17.692662471510346,31.53899370726552,Residential,Analog,Irbid_South,0
C10098,2020-06-19,71.60610812239273,112.40916218358909,Commercial,Analog,Irbid_South,0
C10056,2021-09-12,22.415274787693125,38.62291218153969,Residential,Analog,Irbid_North,0
C10091,2018-09-28,15.630126228997586,28.44518934349638,Residential,Smart,Irbid_South,0
C10047,2021-01-15,17.74583308683155,31.618749630247322,Residential,Analog,Irbid_North,0
C10016,2019-06-25,41.69868174029238,67.54802261043857,Residential,Digital,Irbid_North,0
C10028,2020-02-20,23.607685523815316,40.41152828572297,Residential,Analog,Irbid_South,0
C10086,2019-10-23,32.999490569859006,54.49923585478851,Residential,Analog,Center,0
C10086,2020-02-20,20.914082452404024,36.37112367860604,Residential,Analog,Center,0
C10083,2022-10-07,193.0049640214733,294.50744603220994,Industrial,Digital,Irbid_North,0
C10078,2018-01-31,43.02434304888863,69.53651457333295,Commercial,Analog,Center,0
C10007,2018-05-01,39.23422506532677,63.85133759799015,Residential,Analog,Irbid_East,0
C10055,2021-11-11,18.478126538791745,32.71718980818762,Residential,Analog,Irbid_West,0
C10036,2020-01-21,22.08040184490626,38.12060276735939,Residential,Analog,Center,1
C10069,2021-07-14,14.642422246765692,26.96363337014854,Residential,Analog,Irbid_South,0
C10077,2018-09-28,24.395716819442924,41.59357522916439,Residential,Digital,Irbid_East,0
C10009,2021-09-12,31.866743026195465,52.8001145392932,Residential,Analog,Irbid_East,0
C10081,2019-09-23,31.485446600231768,52.22816990034765,Residential,Digital,Irbid_North,0
C10001,2022-07-09,36.72416246091554,60.086243691373305,Residential,Analog,Center,0
C10011,2021-02-14,6.834884858001488,15.252327287002233,Residential,Digital,Irbid_South,0
C10006,2018-03-02,81.49354032162321,127.24031048243482,Commercial,Digital,Irbid_South,0
C10047,2018-06-30,39.468465096221045,64.20269764433156,Residential,Analog,Irbid_North,0
C10022,2019-04-26,,22.50767558837042,Residential,Analog,Irbid_North,0
C10079,2021-04-15,,49.50859278883799,Residential,Digital,Irbid_North,0
C10035,2019-03-27,20.85615697431535,36.284235461473024,Residential,Digital,Irbid_West,0
C10086,2021-09-12,35.30522313759281,57.95783470638922,Residential,Analog,Center,0
C10074,2022-04-10,47.398979891438586,76.09846983715788,Commercial,Analog,Irbid_North,0
C10061,2021-08-13,36.12937018381689,59.19405527572533,Residential,Analog,Irbid_South,0
C10070,2018-04-01,11.173737957342924,21.760606936014387,Residential,Analog,Irbid_North,0
C10048,2022-10-07,33.790454996961664,55.68568249544249,Residential,Digital,Irbid_West,0
C10071,2018-03-02,29.328688850411673,48.993033275617506,Commercial,Analog,Irbid_East,0
C10087,2019-03-27,13.280975094337537,24.921462641506306,Residential,Analog,Center,1
C10039,2018-06-30,26.035620996839082,44.05343149525862,Residential,Digital,Irbid_South,0
C10038,2021-05-15,33.281737968728784,54.92260695309318,Residential,Digital,Center,0
C10039,2019-04-26,23.110762252856706,39.66614337928506,Residential,Digital,Irbid_South,0
C10030,2019-01-26,20.78483184617344,36.17724776926016,Residential,Analog,Irbid_East,0
C10087,2021-01-15,0.0,5.0,Residential,Analog,Center,1
C10033,2021-12-11,53.874238649538555,85.81135797430784,Commercial,Smart,Center,0
C10088,2020-11-16,27.900614306707244,46.85092146006087,Residential,Analog,Irbid_South,0
C10052,2022-09-07,,40.07888606239518,Residential,Analog,Irbid_South,0
C10040,2022-05-10,40.882305195310245,66.32345779296537,Residential,Analog,Irbid_West,0
C10009,2021-07-14,40.21343625875126,65.3201543881269,Residential,Analog,Irbid_East,0
C10066,2018-01-01,36.86757401433932,60.30136102150898,Commercial,Analog,Irbid_East,0
C10095,2018-09-28,35.90703820897875,58.86055731346812,Residential,Analog,Irbid_West,1
C10079,2019-07-25,39.40143771943728,64.10215657915592,Residential,Digital,Irbid_North,0
C10090,2018-01-31,21.57958041106365,37.369370616595475,Residential,Digital,Irbid_West,0
C10053,2018-03-02,24.478537049732452,41.71780557459868,Residential,Smart,Center,0
C10070,2019-04-26,14.130335233676295,26.195502850514444,Residential,Analog,Irbid_North,0
C10033,2022-01-10,97.69832226690733,151.547483400361,Commercial,Smart,Center,0
C10012,2018-11-27,81.07227489837429,126.60841234756143,Commercial,Analog,Irbid_North,0
C10070,2021-12-11,9.340264466823875,19.010396700235813,Residential,Analog,Irbid_North,0
C10012,2018-06-30,114.28986297644587,176.4347944646688,Commercial,Analog,Irbid_North,0
C10088,2019-09-23,43.08502535723241,69.62753803584862,Residential,Analog,Irbid_South,0
C10032,2020-03-21,4.282047607551689,11.423071411327534,Commercial,Analog,Irbid_West,1
C10055,2020-02-20,16.922637619015447,30.38395642852317,Residential,Analog,Irbid_West,0
C10005,2021-04-15,25.90877320774585,43.86315981161877,Residential,Digital,Irbid_West,0
C10029,2021-03-16,6.308470033240603,14.462705049860904,Commercial,Analog,Irbid_South,1
C10050,2018-07-30,27.75085771088722,46.62628656633083,Residential,Analog,Irbid_East,0
C10075,2019-03-27,9.762903952865337,19.644355929298005,Residential,Smart,Irbid_South,0
C10015,2022-11-06,48.777788206731685,5.32359796985137,Commercial,Digital,Irbid_North,1
C10098,2022-07-09,79.4910469081832,124.23657036227479,Commercial,Analog,Irbid_South,0
C10013,2021-04-15,29.25802045833514,48.88703068750271,Residential,Digital,Irbid_South,0
C10032,2021-10-12,2.742974715086749,9.114462072630124,Commercial,Analog,Irbid_West,1
C10068,2019-10-23,,47.072147381649,Residential,Analog,Irbid_South,0
C10064,2021-07-14,39.50909075074586,64.2636361261188,Residential,Analog,Irbid_West,0
C10069,2022-10-07,11.07081435355482,21.606221530332228,Residential,Analog,Irbid_South,0
C10064,2021-02-14,23.67285834669791,40.50928752004687,Residential,Analog,Irbid_West,0
C10072,2021-04-15,28.508746503831304,47.763119755746956,Residential,Analog,Irbid_West,0
C10044,2019-01-26,16.378403744170946,29.56760561625642,Residential,Digital,Center,0
C10070,2019-12-22,7.068354191695551,15.602531287543327,Residential,Analog,Irbid_North,0
C10051,2020-07-19,32.65631746377246,53.98447619565869,Residential,Digital,Irbid_South,0
C10060,2021-03-16,47.28657244550598,75.92985866825897,Commercial,Analog,Irbid_East,0
C10048,2018-12-27,26.18553806449695,44.27830709674542,Residential,Digital,Irbid_West,0
C10058,2022-04-10,295.1230732691489,447.68460990372336,Industrial,Analog,Irbid_West,0
C10003,2019-05-26,,39.33053919487824,Residential,Analog,Irbid_West,0
C10082,2020-08-18,46.512763239221314,74.76914485883196,Residential,Analog,Irbid_East,1
C10037,2019-08-24,27.612241023262804,46.4183615348942,Residential,Analog,Irbid_South,0
C10036,2020-04-20,12.536994106648196,23.805491159972295,Residential,Analog,Center,1
C10053,2022-09-07,35.229135831837915,57.84370374775688,Residential,Smart,Center,0
C10081,2022-06-09,47.62742260398802,76.44113390598204,Residential,Digital,Irbid_North,0
C10078,2019-05-26,61.845362400451165,97.76804360067675,Commercial,Analog,Center,0
C10086,2019-03-27,28.91009811596346,48.36514717394519,Residential,Analog,Center,0
C10100,2020-04-20,36.590108525349486,59.88516278802423,Residential,Analog,Center,0
C10072,2018-01-31,11.507020779443856,22.260531169165784,Residential,Analog,Irbid_West,0
C10073,2019-12-22,20.832062915510626,36.24809437326594,Residential,Digital,Irbid_South,0
C10023,2018-11-27,25.59945050931384,43.39917576397076,Residential,Digital,Irbid_West,0
C10034,2021-01-15,108.73145419461626,168.0971812919244,Industrial,Digital,Irbid_West,0
C10076,2021-06-14,,62.749907017051726,Residential,Analog,Irbid_South,0
C10042,2019-10-23,9.806115024010651,19.709172536015977,Residential,Analog,Irbid_West,0
C10023,2021-02-14,14.919179930320606,27.378769895480907,Residential,Digital,Irbid_West,0
C10023,2018-09-28,32.99913619446323,54.49870429169485,Residential,Digital,Irbid_West,0
C10100,2020-07-19,42.5650663045265,68.84759945678975,Residential,Analog,Center,0
C10036,2022-02-09,24.25149768216928,41.377246523253916,Residential,Analog,Center,1
C10076,2020-06-19,37.40722444352453,61.11083666528679,Residential,Analog,Irbid_South,0
C10036,2019-10-23,18.732379581739103,33.09856937260865,Residential,Analog,Center,1
C10078,2022-05-10,62.6595809787268,98.9893714680902,Commercial,Analog,Center,0
C10067,2019-09-23,20.40712046123554,35.61068069185331,Residential,Analog,Center,0
C10021,2022-04-10,16.225433935502213,29.33815090325332,Residential,Analog,Center,0
C10055,2021-02-14,15.48031808565425,28.220477128481377,Residential,Analog,Irbid_West,0
C10057,2019-02-25,20.551707129359208,35.82756069403881,Residential,Analog,Center,0
C10047,2022-06-09,39.161033757989365,63.741550636984044,Residential,Analog,Irbid_North,0
C10079,2021-03-16,25.660609732184113,43.49091459827617,Residential,Digital,Irbid_North,0
C10031,2021-12-11,17.04430315149464,30.566454727241958,Residential,Analog,Irbid_West,0
C10081,2022-10-07,31.108972853858727,51.66345928078809,Residential,Digital,Irbid_North,0
C10051,2021-01-15,16.39990679510754,29.59986019266131,Residential,Digital,Irbid_South,0
C10007,2020-04-20,,55.8851571719022,Residential,Analog,Irbid_East,0
C10004,2022-07-09,3.359736130918682,10.039604196378022,Residential,Analog,Center,1
C10018,2022-09-07,25.966743538729876,4.739543090331658,Residential,Digital,Irbid_West,1
C10034,2018-05-01,246.91570785327804,375.37356177991705,Industrial,Digital,Irbid_West,0
C10073,2021-07-14,38.74075315621468,63.11112973432202,Residential,Digital,Irbid_South,0
C10067,2018-03-02,13.870509164103549,25.80576374615532,Residential,Analog,Center,0
C10013,2022-02-09,27.988097747958626,46.98214662193794,Residential,Digital,Irbid_South,0
C10037,2018-05-31,24.45316347411909,41.679745211178634,Residential,Analog,Irbid_South,0
C10076,2020-09-17,,49.66767347680406,Residential,Analog,Irbid_South,0
C10012,2019-01-26,66.47984922013633,104.7197738302045,Commercial,Analog,Irbid_North,0
C10005,2018-09-28,30.73217588345679,51.098263825185185,Residential,Digital,Irbid_West,0
C10027,2019-02-25,21.983755725120794,37.97563358768119,Residential,Digital,Irbid_North,0
C10057,2022-11-06,24.214922098384115,41.322383147576176,Residential,Analog,Center,0
C10035,2021-05-15,28.915696785609164,48.37354517841375,Residential,Digital,Irbid_West,0
C10031,2019-11-22,23.250035637148756,39.87505345572313,Residential,Analog,Irbid_West,0
C10094,2020-03-21,24.374277143148092,41.56141571472214,Residential,Digital,Irbid_South,0
C10097,2021-01-15,23.02728462867084,39.54092694300626,Commercial,Analog,Center,0
C10076,2021-08-13,36.755723642236894,60.133585463355345,Residential,Analog,Irbid_South,0
C10012,2022-08-08,103.78942756992649,160.68414135488973,Commercial,Analog,Irbid_North,0
C10091,2018-01-01,9.554262281004238,19.331393421506355,Residential,Smart,Irbid_South,0
C10095,2019-04-26,35.037897976665086,57.55684696499763,Residential,Analog,Irbid_West,1
C10035,2018-08-29,39.69770949581,64.54656424371501,Residential,Digital,Irbid_West,0
C10088,2021-08-13,37.75667772410533,61.635016586157995,Residential,Analog,Irbid_South,0
C10070,2021-02-14,9.893652738321805,19.840479107482707,Residential,Analog,Irbid_North,0
C10081,2018-09-28,36.99246095819658,60.488691437294875,Residential,Digital,Irbid_North,0
C10046,2019-12-22,15.557524602871773,28.33628690430766,Residential,Digital,Irbid_West,0
C10092,2019-04-26,26.03459971828587,44.051899577428806,Residential,Analog,Irbid_North,0
C10025,2019-08-24,19.608111398733005,34.41216709809951,Residential,Digital,Center,0
C10028,2021-12-11,19.44060994340027,34.160914915100406,Residential,Analog,Irbid_South,0
C10046,2022-08-08,29.85152325577471,49.77728488366206,Residential,Digital,Irbid_West,0
C10034,2019-08-24,232.71185656962956,354.0677848544443,Industrial,Digital,Irbid_West,0
C10077,2018-11-27,19.265986156365027,33.89897923454754,Residential,Digital,Irbid_East,0
C10077,2022-05-10,27.346606521944725,46.01990978291709,Residential,Digital,Irbid_East,0
C10007,2021-08-13,44.10156082977909,71.15234124466863,Residential,Analog,Irbid_East,0
C10007,2019-12-22,22.15547665650693,38.233214984760394,Residential,Analog,Irbid_East,0
C10091,2021-05-15,14.909737954680157,27.364606932020237,Residential,Smart,Irbid_South,0
C10036,2022-04-10,23.284290530006636,39.92643579500995,Residential,Analog,Center,1
C10028,2019-01-26,25.841935624346977,43.76290343652047,Residential,Analog,Irbid_South,0
C10093,2020-07-19,32.601525440192184,53.90228816028828,Residential,Analog,Irbid_East,0
C10080,2021-08-13,22.797423236456428,39.196134854684644,Residential,Digital,Irbid_East,0
C10066,2020-01-21,32.506337725321934,53.7595065879829,Commercial,Analog,Irbid_East,0
C10070,2019-06-25,17.44281857045966,31.16422785568949,Residential,Analog,Irbid_North,0
C10083,2020-04-20,213.55945779857853,325.33918669786783,Industrial,Digital,Irbid_North,0
C10004,2021-07-14,1.3346473180057146,7.001970977008572,Residential,Analog,Center,1
C10037,2020-09-17,21.36880979098637,37.05321468647955,Residential,Analog,Irbid_South,0
C10053,2019-04-26,30.278025572456908,50.41703835868536,Residential,Smart,Center,0
C10075,2020-05-20,15.532145729031297,28.298218593546945,Residential,Smart,Irbid_South,0
C10031,2019-12-22,15.632516427306275,28.448774640959414,Residential,Analog,Irbid_West,0
C10093,2021-10-12,20.797455476906975,36.19618321536046,Residential,Analog,Irbid_East,0
C10086,2019-12-22,22.51436094262,38.77154141393,Residential,Analog,Center,0
C10083,2022-04-10,208.2687225143285,317.40308377149273,Industrial,Digital,Irbid_North,0
C10014,2019-05-26,16.789569240962802,30.1843538614442,Residential,Digital,Center,1
C10048,2022-03-11,27.97169832286999,46.95754748430498,Residential,Digital,Irbid_West,0
C10001,2018-09-28,35.00141608866835,57.502124133002525,Residential,Analog,Center,0
C10033,2019-12-22,53.559886977583645,85.33983046637547,Commercial,Smart,Center,0
C10031,2021-02-14,16.361064886747425,29.541597330121135,Residential,Analog,Irbid_West,0
C10081,2018-05-01,40.52079920806501,65.78119881209751,Residential,Digital,Irbid_North,0
C10005,2019-03-27,21.532464291183757,37.298696436775636,Residential,Digital,Irbid_West,0
C10075,2021-09-12,120.81682036719656,23.122523055079483,Residential,Smart,Irbid_South,0
C10091,2022-10-07,14.341944627030577,26.512916940545864,Residential,Smart,Irbid_South,0
C10027,2019-09-23,36.27878717278951,59.41818075918426,Residential,Digital,Irbid_North,0
C10050,2019-04-26,,38.50101874284728,Residential,Analog,Irbid_East,0
C10016,2019-12-22,17.24325595222204,30.864883928333057,Residential,Digital,Irbid_North,0
C10090,2019-11-22,27.68634715207722,46.529520728115834,Residential,Digital,Irbid_West,0
C10042,2021-12-11,9.072086369455059,18.60812955418259,Residential,Analog,Irbid_West,0
C10084,2021-08-13,41.33647071508297,67.00470607262446,Residential,Analog,Irbid_North,0
C10089,2021-04-15,12.043827285257034,23.06574092788555,Residential,Analog,Irbid_East,0
C10063,2022-07-09,28.778689244905536,48.168033867358304,Residential,Smart,Center,0
C10081,2020-11-16,29.18721264096789,48.780818961451835,Residential,Digital,Irbid_North,0
C10069,2022-08-08,14.419547059063824,26.629320588595736,Residential,Analog,Irbid_South,0
C10083,2021-08-13,238.52500510282673,362.7875076542401,Industrial,Digital,Irbid_North,0
C10047,2019-07-25,42.715975837219084,69.07396375582863,Residential,Analog,Irbid_North,0
C10009,2022-11-06,24.598737299299554,41.89810594894933,Residential,Analog,Irbid_East,0
C10046,2021-09-12,31.999165920681936,52.998748881022905,Residential,Digital,Irbid_West,0
C10091,2021-11-11,9.87266028983222,19.80899043474833,Residential,Smart,Irbid_South,0
C10093,2018-12-27,14.368214868690332,26.5523223030355,Residential,Analog,Irbid_East,0
C10020,2018-05-31,14.7892468593058,27.1838702889587,Residential,Digital,Irbid_East,0
C10086,2020-03-21,24.53589185690783,41.80383778536175,Residential,Analog,Center,0
C10075,2020-04-20,13.683301390738274,25.52495208610741,Residential,Smart,Irbid_South,0
C10012,2018-07-30,120.49447090540279,185.74170635810418,Commercial,Analog,Irbid_North,0
C10051,2019-07-25,33.71651253610468,55.57476880415702,Residential,Digital,Irbid_South,0
C10006,2022-09-07,102.16314681903668,158.24472022855502,Commercial,Digital,Irbid_South,0
C10085,2019-11-22,20.673107674742766,36.00966151211415,Residential,Analog,Irbid_North,0
C10048,2018-11-27,23.55121537940284,40.326823069104265,Residential,Digital,Irbid_West,0
C10047,2019-11-22,25.03154057112673,42.547310856690096,Residential,Analog,Irbid_North,0
C10023,2020-09-17,26.628020009114604,44.9420300136719,Residential,Digital,Irbid_West,0
C10086,2020-07-19,41.35797151310074,67.03695726965111,Residential,Analog,Center,0
C10008,2022-02-09,70.78827217134402,111.18240825701602,Commercial,Analog,Irbid_South,0
C10046,2018-04-01,20.61727082910093,35.9259062436514,Residential,Digital,Irbid_West,0
C10056,2020-06-19,26.21034788113335,44.31552182170003,Residential,Analog,Irbid_North,0
C10061,2021-01-15,23.303549742280683,39.95532461342103,Residential,Analog,Irbid_South,0
C10024,2019-04-26,33.43245917993224,55.14868876989836,Residential,Analog,Irbid_North,0
C10060,2021-08-13,85.33396857143704,133.00095285715557,Commercial,Analog,Irbid_East,0
C10091,2020-11-16,12.012830047215157,23.019245070822734,Residential,Smart,Irbid_South,0
C10088,2021-06-14,49.42523095392188,79.13784643088283,Residential,Analog,Irbid_South,0
C10057,2019-04-26,27.73668667228324,46.60503000842486,Residential,Analog,Center,0
C10021,2022-08-08,18.41328926826663,32.61993390239995,Residential,Analog,Center,0
C10059,2020-08-18,42.937469880525256,69.40620482078788,Residential,Analog,Center,0
C10021,2022-02-09,9.636169207075564,19.454253810613345,Residential,Analog,Center,0
C10090,2018-08-29,40.017797705447855,65.02669655817178,Residential,Digital,Irbid_West,0
C10098,2018-03-02,49.55733683095539,79.33600524643309,Commercial,Analog,Irbid_South,0
C10072,2021-02-14,15.418109104236368,28.127163656354554,Residential,Analog,Irbid_West,0
C10055,2021-08-13,31.999818913354726,52.99972837003209,Residential,Analog,Irbid_West,0
C10049,2022-05-10,39.69160098476694,64.53740147715041,Residential,Analog,Irbid_South,0
C10070,2020-11-16,10.702423923916815,21.053635885875224,Residential,Analog,Irbid_North,0
C10088,2021-12-11,22.49435923394233,38.74153885091349,Residential,Analog,Irbid_South,0
C10082,2022-02-09,24.639071243539703,41.958606865309555,Residential,Analog,Irbid_East,1
C10031,2022-04-10,24.466229835183185,41.69934475277478,Residential,Analog,Irbid_West,0
C10095,2020-05-20,42.56154395390228,68.84231593085342,Residential,Analog,Irbid_West,1
C10099,2019-11-22,44.388720154507695,71.58308023176154,Commercial,Analog,Irbid_South,0
C10036,2018-05-31,21.109565369494376,36.664348054241565,Residential,Analog,Center,1
C10003,2019-01-26,13.948090639567035,25.922135959350552,Residential,Analog,Irbid_West,0
C10088,2019-04-26,36.07066547684035,59.10599821526052,Residential,Analog,Irbid_South,0
C10084,2022-01-10,19.633010692692636,34.449516039038954,Residential,Analog,Irbid_North,0
C10016,2020-04-20,33.52602025915658,55.28903038873487,Residential,Digital,Irbid_North,0
C10014,2021-07-14,7.51677623157514,16.27516434736271,Residential,Digital,Center,1
C10092,2021-06-14,33.117635014207515,54.676452521311276,Residential,Analog,Irbid_North,0
C10026,2020-07-19,16.982269038323988,30.47340355748598,Residential,Analog,Irbid_East,0
C10021,2019-02-25,10.850068391198628,21.275102586797942,Residential,Analog,Center,0
C10009,2019-12-22,18.964884016117633,33.44732602417645,Residential,Analog,Irbid_East,0
C10072,2020-01-21,15.233704483464876,27.850556725197315,Residential,Analog,Irbid_West,0
C10034,2019-04-26,185.3201692392837,282.98025385892555,Industrial,Digital,Irbid_West,0
C10052,2018-12-27,12.815063883409591,24.222595825114386,Residential,Analog,Irbid_South,0
C10033,2021-02-14,71.53006280823764,112.29509421235647,Commercial,Smart,Center,0
C10024,2018-05-01,36.56172696173606,59.84259044260409,Residential,Analog,Irbid_North,0
C10015,2022-06-09,73.3522216939999,6.071135179305932,Commercial,Digital,Irbid_North,1
C10083,2018-05-01,230.82016952001152,351.2302542800173,Industrial,Digital,Irbid_North,0
C10008,2020-11-16,,107.70034195106885,Commercial,Analog,Irbid_South,0
C10094,2020-11-16,31.154000507639886,51.731000761459825,Residential,Digital,Irbid_South,0
C10062,2022-01-10,26.16541341690623,44.24812012535934,Commercial,Analog,Irbid_West,0
C10094,2018-10-28,31.505283303389515,52.25792495508427,Residential,Digital,Irbid_South,0
C10081,2022-01-10,20.369680802392377,35.554521203588564,Residential,Digital,Irbid_North,0
C10080,2018-08-29,22.744487207190787,39.11673081078618,Residential,Digital,Irbid_East,0
C10072,2018-08-29,37.59994375892533,61.399915638387995,Residential,Analog,Irbid_West,0
C10059,2021-06-14,46.92325709120226,75.38488563680339,Residential,Analog,Center,0
C10069,2022-06-09,13.105743966761759,24.65861595014264,Residential,Analog,Irbid_South,0
C10061,2018-03-02,24.402024241470922,41.60303636220638,Residential,Analog,Irbid_South,0
C10012,2022-05-10,113.13262351793409,174.69893527690112,Commercial,Analog,Irbid_North,0
C10070,2021-10-12,10.587908756053743,20.881863134080614,Residential,Analog,Irbid_North,0
C10037,2022-06-09,27.535920405988634,46.30388060898295,Residential,Analog,Irbid_South,0
C10089,2019-09-23,13.414483144792339,25.121724717188506,Residential,Analog,Irbid_East,0
C10049,2021-07-14,48.626289305954764,77.93943395893214,Residential,Analog,Irbid_South,0
C10031,2018-10-28,24.315652293805485,41.47347844070823,Residential,Analog,Irbid_West,0
C10059,2018-06-30,38.83100263835104,63.246503957526556,Residential,Analog,Center,0
C10053,2019-09-23,40.22367944364891,65.33551916547337,Residential,Smart,Center,0
C10031,2020-03-21,17.688100160599372,31.532150240899057,Residential,Analog,Irbid_West,0
C10020,2019-03-27,9.0248769149753,18.53731537246295,Residential,Digital,Irbid_East,0
C10023,2018-05-01,32.30518229259344,53.457773438890165,Residential,Digital,Irbid_West,0
C10072,2022-04-10,24.430433018515473,41.64564952777321,Residential,Analog,Irbid_West,0
C10009,2020-06-19,38.45691706572903,62.685375598593545,Residential,Analog,Irbid_East,0
C10029,2018-01-01,42.09675759577508,68.14513639366263,Commercial,Analog,Irbid_South,1
C10009,2019-07-25,43.467285800749295,70.20092870112394,Residential,Analog,Irbid_East,0
C10092,2020-09-17,34.70465557849397,57.056983367740955,Residential,Analog,Irbid_North,0
C10031,2022-08-08,27.502401115121216,46.253601672681825,Residential,Analog,Irbid_West,0
C10024,2018-08-29,42.29679808482426,68.44519712723638,Residential,Analog,Irbid_North,0
C10062,2022-11-06,31.650800747873845,52.47620112181077,Commercial,Analog,Irbid_West,0
C10040,2021-10-12,32.659178149991114,53.988767224986674,Residential,Analog,Irbid_West,0
C10054,2022-08-08,17.853522795167503,31.780284192751253,Residential,Digital,Center,0
C10026,2021-04-15,12.272189642324225,23.40828446348634,Residential,Analog,Irbid_East,0
C10021,2019-05-26,16.537960712145512,29.80694106821827,Residential,Analog,Center,0
C10045,2021-05-15,87.55558365563219,136.3333754834483,Commercial,Digital,Center,0
C10050,2022-05-10,26.24041253872417,44.36061880808625,Residential,Analog,Irbid_East,0
C10020,2022-03-11,11.35815331730251,22.037229975953764,Residential,Digital,Irbid_East,0
C10089,2019-01-26,8.348117650043685,17.522176475065528,Residential,Analog,Irbid_East,0
C10026,2021-06-14,18.227565893451743,32.341348840177616,Residential,Analog,Irbid_East,0
C10056,2018-01-31,11.970108472513685,22.955162708770526,Residential,Analog,Irbid_North,0
C10056,2019-12-22,14.312317981432308,26.468476972148462,Residential,Analog,Irbid_North,0
C10043,2019-07-25,,27.94489144068046,Residential,Analog,Irbid_West,0
C10016,2022-05-10,27.23739641387336,45.85609462081004,Residential,Digital,Irbid_North,0
C10081,2021-10-12,34.66744811880613,57.00117217820919,Residential,Digital,Irbid_North,0
C10073,2018-10-28,34.456129019365875,56.68419352904881,Residential,Digital,Irbid_South,0
C10013,2018-12-27,19.617058134562736,34.4255872018441,Residential,Digital,Irbid_South,0
C10093,2018-10-28,17.809019343302655,31.713529014953984,Residential,Analog,Irbid_East,0
C10020,2019-04-26,13.407101535391776,25.110652303087665,Residential,Digital,Irbid_East,0
C10094,2020-10-17,291.40556632153493,48.710834948230236,Residential,Digital,Irbid_South,0
C10055,2022-06-09,32.497229892883674,53.745844839325514,Residential,Analog,Irbid_West,0
C10050,2021-06-14,30.869120132690764,51.303680199036144,Residential,Analog,Irbid_East,0
C10089,2020-01-21,5.249947750484831,12.874921625727247,Residential,Analog,Irbid_East,0
C10087,2018-01-31,,17.071621697851675,Residential,Analog,Center,1
C10036,2022-08-08,55.2048077187185,87.80721157807776,Residential,Analog,Center,1
C10018,2021-06-14,28.015176291338477,4.959870476896227,Residential,Digital,Irbid_West,1
C10044,2020-12-16,12.429256435996844,23.643884653995265,Residential,Digital,Center,0
C10020,2020-03-21,12.745563621335421,24.11834543200313,Residential,Digital,Irbid_East,0
C10054,2021-06-14,15.837657705501012,28.756486558251517,Residential,Digital,Center,0
C10061,2020-12-16,17.762962674322154,31.64444401148323,Residential,Analog,Irbid_South,0
C10049,2022-10-07,41.17187149323391,66.75780723985086,Residential,Analog,Irbid_South,0
C10075,2022-03-11,14.277540859847672,26.416311289771507,Residential,Smart,Irbid_South,0
C10053,2019-08-24,41.56191231929766,67.34286847894649,Residential,Smart,Center,0
C10084,2018-01-01,24.567550026774484,41.851325040161726,Residential,Analog,Irbid_North,0
C10003,2019-11-22,19.449113028195015,34.17366954229252,Residential,Analog,Irbid_West,0
C10060,2021-01-15,42.60301860149742,68.90452790224613,Commercial,Analog,Irbid_East,0
C10083,2020-02-20,135.56757934781626,208.3513690217244,Industrial,Digital,Irbid_North,0
C10047,2019-10-23,32.088501114914195,53.13275167237129,Residential,Analog,Irbid_North,0
C10012,2022-09-07,118.76540181268751,183.14810271903127,Commercial,Analog,Irbid_North,0
C10031,2019-07-25,34.58698586110913,56.88047879166369,Residential,Analog,Irbid_West,0
C10042,2021-06-14,11.840682203974568,22.761023305961853,Residential,Analog,Irbid_West,0
C10073,2021-04-15,33.10824020806625,54.66236031209937,Residential,Digital,Irbid_South,0
C10070,2020-07-19,15.913993689724874,28.87099053458731,Residential,Analog,Irbid_North,0
C10007,2020-11-16,29.18761770232214,48.78142655348321,Residential,Analog,Irbid_East,0
C10098,2021-02-14,34.2897858933421,56.43467884001315,Commercial,Analog,Irbid_South,0
C10075,2022-04-10,14.663603828086005,26.99540574212901,Residential,Smart,Irbid_South,0
C10023,2021-09-12,29.520443039886814,49.28066455983022,Residential,Digital,Irbid_West,0
C10092,2022-11-06,23.30559175190195,39.95838762785293,Residential,Analog,Irbid_North,0
C10010,2022-07-09,125.00981593425647,192.51472390138468,Commercial,Analog,Irbid_East,0
C10066,2022-04-10,65.04575417383376,102.56863126075064,Commercial,Analog,Irbid_East,0
C10090,2022-04-10,34.40405484904069,56.606082273561036,Residential,Digital,Irbid_West,0
C10083,2021-12-11,143.12909994581608,219.69364991872413,Industrial,Digital,Irbid_North,0
C10049,2020-10-17,44.36869521471084,71.55304282206626,Residential,Analog,Irbid_South,0
C10039,2021-10-12,20.94339388474004,36.41509082711006,Residential,Digital,Irbid_South,0
C10063,2021-10-12,18.783759147432033,33.17563872114805,Residential,Smart,Center,0
C10058,2019-08-24,372.9438378112562,564.4157567168843,Industrial,Analog,Irbid_West,0
C10065,2018-11-27,18.057104947765332,32.085657421647994,Residential,Digital,Center,0
C10069,2022-04-10,10.351326703479762,20.526990055219642,Residential,Analog,Irbid_South,0
C10093,2020-12-16,13.161403846713624,24.742105770070435,Residential,Analog,Irbid_East,0
C10036,2021-07-14,29.5625839844771,49.34387597671565,Residential,Analog,Center,1
C10094,2018-07-30,40.53379925300775,65.80069887951163,Residential,Digital,Irbid_South,0
C10085,2020-09-17,38.19620493808964,62.29430740713447,Residential,Analog,Irbid_North,0
C10027,2018-11-27,23.76300213435534,40.64450320153301,Residential,Digital,Irbid_North,0
C10068,2022-11-06,21.142898489237542,36.714347733856314,Residential,Analog,Irbid_South,0
C10019,2021-06-14,34.06533691576999,56.098005373654985,Residential,Analog,Irbid_West,0
C10047,2020-02-20,28.73742074232195,48.10613111348293,Residential,Analog,Irbid_North,0
C10050,2020-03-21,16.32481096644367,29.487216449665507,Residential,Analog,Irbid_East,0
C10042,2021-08-13,16.360429990225033,29.54064498533755,Residential,Analog,Irbid_West,0
C10058,2021-09-12,321.41526762880983,487.12290144321474,Industrial,Analog,Irbid_West,0
C10012,2019-03-27,80.84268406651314,126.26402609976972,Commercial,Analog,Irbid_North,0
C10047,2021-12-11,26.551551982165527,44.82732797324829,Residential,Analog,Irbid_North,0
C10056,2021-12-11,13.460865345765479,25.19129801864822,Residential,Analog,Irbid_North,0
C10013,2018-08-29,40.654259360474825,65.98138904071223,Residential,Digital,Irbid_South,0
C10007,2022-04-10,24.07124818127152,41.10687227190728,Residential,Analog,Irbid_East,0
C10053,2020-02-20,20.753783744079698,36.13067561611955,Residential,Smart,Center,0
C10026,2019-04-26,14.259641670284033,26.38946250542605,Residential,Analog,Irbid_East,0
C10014,2021-09-12,2.6533125953185563,8.979968892977833,Residential,Digital,Center,1
C10055,2020-03-21,19.526108193507067,34.2891622902606,Residential,Analog,Irbid_West,0
C10067,2019-02-25,10.452139969263452,20.678209953895177,Residential,Analog,Center,0
C10011,2019-04-26,8.180946727584292,17.271420091376438,Residential,Digital,Irbid_South,0
C10002,2022-06-09,80.78106788879124,126.17160183318686,Commercial,Analog,Irbid_South,0
C10007,2022-09-07,32.80317519447318,54.20476279170977,Residential,Analog,Irbid_East,0
C10052,2018-09-28,22.99130136705478,39.486952050582175,Residential,Analog,Irbid_South,0
C10028,2018-05-31,31.68628368602989,52.52942552904483,Residential,Analog,Irbid_South,0
C10003,2018-08-29,30.20045112858871,50.300676692883066,Residential,Analog,Irbid_West,0
C10070,2021-09-12,16.87955214080414,30.319328211206212,Residential,Analog,Irbid_North,0
C10049,2019-04-26,36.87576427941865,60.31364641912797,Residential,Analog,Irbid_South,0
C10095,2019-07-25,53.616259209456345,85.42438881418451,Residential,Analog,Irbid_West,1
C10035,2021-06-14,30.42506152474533,50.637592287118,Residential,Digital,Irbid_West,0
C10013,2020-09-17,27.94814422130101,46.92221633195152,Residential,Digital,Irbid_South,0
C10043,2020-02-20,9.042202350162313,18.56330352524347,Residential,Analog,Irbid_West,0
C10067,2018-09-28,20.078475822357262,35.11771373353589,Residential,Analog,Center,0
C10057,2019-01-26,15.758418470796864,28.637627706195296,Residential,Analog,Center,0
C10069,2020-03-21,8.229430102476105,17.34414515371416,Residential,Analog,Irbid_South,0
C10041,2021-08-13,72.88295776760667,114.32443665141,Commercial,Analog,Irbid_North,0
C10074,2018-01-01,37.31427912485591,60.97141868728386,Commercial,Analog,Irbid_North,0
C10018,2021-10-12,19.83243162470235,5.367122144851489,Residential,Digital,Irbid_West,1
C10066,2019-01-26,35.61249687828438,58.41874531742657,Commercial,Analog,Irbid_East,0
C10089,2018-07-30,12.530451546505171,23.795677319757758,Residential,Analog,Irbid_East,0
C10093,2019-04-26,23.801234365932743,40.701851548899114,Residential,Analog,Irbid_East,0
C10090,2021-11-11,25.939292825724714,43.90893923858707,Residential,Digital,Irbid_West,0
C10059,2019-06-25,46.36164305524842,74.54246458287264,Residential,Analog,Center,0
C10046,2021-02-14,12.558895370298577,23.838343055447865,Residential,Digital,Irbid_West,0
C10085,2018-12-27,14.904212908349988,27.35631936252498,Residential,Analog,Irbid_North,0
C10067,2021-04-15,17.011690133029354,30.51753519954403,Residential,Analog,Center,0
C10027,2018-08-29,39.42450664613452,64.13675996920178,Residential,Digital,Irbid_North,0
C10041,2020-03-21,47.936971048107644,76.90545657216147,Commercial,Analog,Irbid_North,0
C10063,2020-02-20,13.62221231668157,25.433318475022354,Residential,Smart,Center,0
C10100,2019-05-26,34.41723099461994,56.62584649192991,Residential,Analog,Center,0
C10029,2018-07-30,78.05958769385438,122.08938154078157,Commercial,Analog,Irbid_South,1
C10015,2018-11-27,54.6685395995393,87.00280939930894,Commercial,Digital,Irbid_North,1
C10060,2018-06-30,92.72031850261669,144.08047775392504,Commercial,Analog,Irbid_East,0
C10015,2022-07-09,85.87660014444205,5.218161834837016,Commercial,Digital,Irbid_North,1
C10077,2020-08-18,25.80709839205977,43.71064758808966,Residential,Digital,Irbid_East,0
C10006,2020-11-16,72.6659607215567,113.99894108233505,Commercial,Digital,Irbid_South,0
C10048,2019-07-25,40.903406213185,66.3551093197775,Residential,Digital,Irbid_West,0
C10052,2020-03-21,17.44998646804729,31.174979702070935,Residential,Analog,Irbid_South,0
C10077,2022-03-11,15.323052930249279,27.98457939537392,Residential,Digital,Irbid_East,0
C10023,2020-04-20,20.19222432432818,35.28833648649227,Residential,Digital,Irbid_West,0
C10017,2022-07-09,17.89732538848788,31.845988082731818,Residential,Analog,Irbid_West,0
C10047,2022-08-08,40.02083219243507,65.0312482886526,Residential,Analog,Irbid_North,0
C10028,2018-11-27,24.742021389498884,42.113032084248324,Residential,Analog,Irbid_South,0
C10042,2020-05-20,15.098379989002265,27.647569983503395,Residential,Analog,Irbid_West,0
C10063,2018-10-28,21.557579231528997,37.3363688472935,Residential,Smart,Center,0
C10055,2018-11-27,19.4759349444393,34.21390241665895,Residential,Analog,Irbid_West,0
C10094,2020-08-18,44.183042169771106,71.27456325465666,Residential,Digital,Irbid_South,0
C10035,2020-06-19,31.097031056676865,51.645546585015296,Residential,Digital,Irbid_West,0
C10075,2018-12-27,11.136681695504874,21.70502254325731,Residential,Smart,Irbid_South,0
C10099,2021-04-15,39.42198187536975,64.13297281305464,Commercial,Analog,Irbid_South,0
C10091,2018-08-29,19.353479840498007,34.03021976074701,Residential,Smart,Irbid_South,0
C10028,2019-03-27,25.425420071306966,43.138130106960446,Residential,Analog,Irbid_South,0
C10078,2020-02-20,31.30087085252947,51.951306278794206,Commercial,Analog,Center,0
C10042,2019-07-25,17.12286769628703,30.684301544430546,Residential,Analog,Irbid_West,0
C10038,2021-09-12,36.48189634676813,59.722844520152194,Residential,Digital,Center,0
C10050,2019-07-25,30.13716608660324,50.20574912990486,Residential,Analog,Irbid_East,0
C10089,2021-07-14,13.892006670580475,25.838010005870714,Residential,Analog,Irbid_East,0
C10097,2021-06-14,65.19869881549444,102.79804822324166,Commercial,Analog,Center,0
C10051,2022-11-06,19.77493847945377,34.662407719180656,Residential,Digital,Irbid_South,0
C10085,2019-01-26,17.77835645563621,31.667534683454313,Residential,Analog,Irbid_North,0
C10036,2021-05-15,,25.365403027793658,Residential,Analog,Center,1
C10086,2018-05-01,32.78782366467532,54.18173549701298,Residential,Analog,Center,0
C10052,2022-10-07,19.678043833728587,34.51706575059288,Residential,Analog,Irbid_South,0
C10087,2020-04-20,13.92623274096632,25.88934911144948,Residential,Analog,Center,1
C10096,2019-10-23,26.8167597654956,45.2251396482434,Residential,Analog,Center,0
C10068,2020-01-21,20.90518709539083,36.357780643086244,Residential,Analog,Irbid_South,0
C10056,2022-08-08,22.36747501614411,38.55121252421616,Residential,Analog,Irbid_North,0
C10046,2021-08-13,29.040599672214398,48.5608995083216,Residential,Digital,Irbid_West,0
C10085,2022-04-10,25.142699046890378,42.714048570335564,Residential,Analog,Irbid_North,0
C10059,2020-02-20,19.6085079589579,34.41276193843685,Residential,Analog,Center,0
C10028,2022-11-06,27.20048938453552,45.80073407680328,Residential,Analog,Irbid_South,0
C10071,2022-01-10,33.40215576174017,55.10323364261025,Commercial,Analog,Irbid_East,0
C10053,2020-03-21,23.38594228902857,40.07891343354285,Residential,Smart,Center,0
C10039,2019-02-25,13.829124548272935,25.7436868224094,Residential,Digital,Irbid_South,0
C10010,2021-04-15,117.40422226901102,181.10633340351652,Commercial,Analog,Irbid_East,0
C10025,2020-06-19,18.552964195390057,32.829446293085084,Residential,Digital,Center,0
C10080,2022-11-06,14.197135070839387,26.29570260625908,Residential,Digital,Irbid_East,0
C10068,2022-02-09,18.231744789264905,32.347617183897356,Residential,Analog,Irbid_South,0
C10089,2020-04-20,11.32149832794504,21.982247491917562,Residential,Analog,Irbid_East,0
C10056,2021-07-14,23.359648772364395,40.03947315854659,Residential,Analog,Irbid_North,0
C10084,2018-12-27,23.500820950864558,40.25123142629684,Residential,Analog,Irbid_North,0
C10077,2019-11-22,20.32305686738946,35.484585301084195,Residential,Digital,Irbid_East,0
C10062,2018-12-27,31.359672676994748,52.03950901549212,Commercial,Analog,Irbid_West,0
C10010,2019-07-25,121.60269959407891,187.40404939111838,Commercial,Analog,Irbid_East,0
C10088,2019-05-26,,63.33975488136734,Residential,Analog,Irbid_South,0
C10087,2022-07-09,0.0,5.0,Residential,Analog,Center,1
C10048,2020-05-20,37.73323269522016,61.59984904283024,Residential,Digital,Irbid_West,0
C10009,2020-08-18,38.20764110859527,62.3114616628929,Residential,Analog,Irbid_East,0
C10079,2022-01-10,20.513171910107022,35.769757865160535,Residential,Digital,Irbid_North,0
C10019,2018-01-31,21.851148895339655,37.77672334300948,Residential,Analog,Irbid_West,0
C10028,2021-08-13,41.80703019692228,67.71054529538341,Residential,Analog,Irbid_South,0
C10017,2022-04-10,17.62682452797572,31.44023679196358,Residential,Analog,Irbid_West,0
C10033,2018-11-27,72.43712003828442,113.65568005742662,Commercial,Smart,Center,0
C10020,2018-10-28,13.86924202411686,25.80386303617529,Residential,Digital,Irbid_East,0
C10048,2019-06-25,44.34034616700532,71.51051925050798,Residential,Digital,Irbid_West,0
C10002,2022-08-08,76.09705354358847,119.14558031538272,Commercial,Analog,Irbid_South,0
C10013,2019-08-24,40.55149252099683,65.82723878149525,Residential,Digital,Irbid_South,0
C10098,2018-01-31,34.78023771555917,57.17035657333875,Commercial,Analog,Irbid_South,0
C10087,2019-05-26,18.334993906694894,32.50249086004234,Residential,Analog,Center,1
C10062,2019-03-27,,74.65766597965546,Commercial,Analog,Irbid_West,0
C10014,2022-02-09,14.710704079533414,27.06605611930012,Residential,Digital,Center,1
C10002,2022-11-06,49.15082163288496,78.72623244932744,Commercial,Analog,Irbid_South,0
C10080,2018-12-27,13.651339240044136,25.477008860066203,Residential,Digital,Irbid_East,0
C10097,2020-03-21,42.270511103165084,68.40576665474762,Commercial,Analog,Center,0
C10099,2019-12-22,40.31833707885731,65.47750561828596,Commercial,Analog,Irbid_South,0
C10100,2022-03-11,29.410296394158912,49.11544459123837,Residential,Analog,Center,0
C10011,2020-11-16,8.3854610240081,17.57819153601215,Residential,Digital,Irbid_South,0
C10075,2020-01-21,7.488303457452977,16.232455186179465,Residential,Smart,Irbid_South,0
C10073,2021-08-13,44.172608177869144,71.25891226680372,Residential,Digital,Irbid_South,0
C10070,2018-03-02,9.961771565321136,19.942657347981704,Residential,Analog,Irbid_North,0
C10017,2020-07-19,22.86327492426791,39.29491238640186,Residential,Analog,Irbid_West,0
C10015,2020-12-16,47.7800730906259,5.438681145287836,Commercial,Digital,Irbid_North,1
C10082,2018-09-28,19.518731105548767,34.27809665832315,Residential,Analog,Irbid_East,1
C10089,2020-11-16,8.93778399969508,18.40667599954262,Residential,Analog,Irbid_East,0
C10088,2018-03-02,35.09753488067969,57.64630232101953,Residential,Analog,Irbid_South,0
C10001,2018-05-01,32.042677453060776,53.064016179591164,Residential,Analog,Center,0
C10051,2022-03-11,22.72474035544848,39.08711053317272,Residential,Digital,Irbid_South,0
C10053,2018-05-01,37.66616821186988,61.49925231780482,Residential,Smart,Center,0
C10045,2019-08-24,87.12046287788196,135.68069431682295,Commercial,Digital,Center,0
C10042,2020-07-19,12.469115939201455,23.70367390880218,Residential,Analog,Irbid_West,0
C10087,2019-01-26,11.709268894035342,22.563903341053013,Residential,Analog,Center,1
C10065,2019-02-25,17.004479380893027,30.50671907133954,Residential,Digital,Center,0
C10083,2019-01-26,126.94938248224325,195.42407372336487,Industrial,Digital,Irbid_North,0
C10080,2021-01-15,11.597548038193965,22.39632205729095,Residential,Digital,Irbid_East,0
C10029,2020-11-16,4.267099682039334,11.400649523059002,Commercial,Analog,Irbid_South,1
C10020,2018-08-29,17.183106569015823,30.774659853523737,Residential,Digital,Irbid_East,0
C10055,2019-09-23,27.128514140216524,45.692771210324786,Residential,Analog,Irbid_West,0
C10010,2020-10-17,81.07312708909804,126.60969063364706,Commercial,Analog,Irbid_East,0
C10063,2022-01-10,16.164814353103083,29.247221529654624,Residential,Smart,Center,0
C10063,2019-04-26,21.146670889528632,36.72000633429295,Residential,Smart,Center,0
C10070,2018-06-30,14.84947835156663,27.274217527349943,Residential,Analog,Irbid_North,0
C10015,2019-01-26,42.95817526202374,69.43726289303561,Commercial,Digital,Irbid_North,1
C10034,2018-03-02,141.89517690992778,217.84276536489168,Industrial,Digital,Irbid_West,0
C10047,2019-02-25,29.38369414944686,49.075541224170294,Residential,Analog,Irbid_North,0
C10083,2018-09-28,263.8549512322109,400.7824268483164,Industrial,Digital,Irbid_North,0
C10087,2022-03-11,0.0,5.0,Residential,Analog,Center,1
C10020,2020-02-20,7.88705531487339,16.830582972310083,Residential,Digital,Irbid_East,0
C10017,2018-11-27,13.47936824961058,25.21905237441587,Residential,Analog,Irbid_West,0
C10046,2018-01-31,15.075557985147876,27.613336977721815,Residential,Digital,Irbid_West,0
C10075,2022-07-09,18.917678505420785,33.37651775813118,Residential,Smart,Irbid_South,0
C10065,2018-07-30,29.82721194838602,49.740817922579026,Residential,Digital,Center,0
C10040,2020-04-20,34.10333365003026,56.155000475045384,Residential,Analog,Irbid_West,0
C10069,2020-11-16,7.480022749575531,16.220034124363295,Residential,Analog,Irbid_South,0
C10080,2021-04-15,15.498375081653942,28.247562622480913,Residential,Digital,Irbid_East,0
C10069,2022-03-11,9.329023572880967,18.99353535932145,Residential,Analog,Irbid_South,0
C10050,2018-10-28,24.551652479801167,41.82747871970175,Residential,Analog,Irbid_East,0
C10094,2021-09-12,34.43452348407554,56.65178522611331,Residential,Digital,Irbid_South,0
C10009,2021-08-13,41.55688799682553,67.33533199523829,Residential,Analog,Irbid_East,0
C10041,2022-07-09,70.18118280564693,110.27177420847039,Commercial,Analog,Irbid_North,0
C10084,2020-12-16,23.13069206133984,39.69603809200976,Residential,Analog,Irbid_North,0
C10031,2021-05-15,33.748049296161,55.6220739442415,Residential,Analog,Irbid_West,0
C10009,2022-09-07,30.512276968134916,50.768415452202376,Residential,Analog,Irbid_East,0
C10047,2021-10-12,25.79486275296051,43.69229412944076,Residential,Analog,Irbid_North,0
C10094,2019-04-26,31.82666322444787,52.739994836671805,Residential,Digital,Irbid_South,0
C10073,2019-09-23,32.62991776422569,53.94487664633853,Residential,Digital,Irbid_South,0
C10053,2022-07-09,41.3800023264433,67.07000348966494,Residential,Smart,Center,0
C10014,2018-05-01,15.283579434548198,27.925369151822295,Residential,Digital,Center,1
C10068,2021-01-15,15.620521283788685,28.43078192568303,Residential,Analog,Irbid_South,0
C10024,2020-05-20,34.65374919751362,56.98062379627043,Residential,Analog,Irbid_North,0
C10043,2019-05-26,14.268315199918819,26.40247279987823,Residential,Analog,Irbid_West,0
C10003,2020-10-17,20.883134538753616,36.32470180813043,Residential,Analog,Irbid_West,0
C10051,2018-09-28,279.59780344257837,46.939670516386755,Residential,Digital,Irbid_South,0
C10029,2018-06-30,73.58256087531507,115.3738413129726,Commercial,Analog,Irbid_South,1
C10049,2019-09-23,43.19967790783597,69.79951686175396,Residential,Analog,Irbid_South,0
C10001,2021-06-14,38.940958815254774,63.41143822288216,Residential,Analog,Center,0
C10079,2021-05-15,29.624738027870432,49.437107041805646,Residential,Digital,Irbid_North,0
C10065,2019-11-22,18.376457031847526,32.56468554777129,Residential,Digital,Center,0
C10046,2020-09-17,,41.85581333658553,Residential,Digital,Irbid_West,0
C10032,2020-11-16,4.9360065970767755,12.404009895615163,Commercial,Analog,Irbid_West,1
C10091,2021-06-14,18.061262896649417,32.09189434497412,Residential,Smart,Irbid_South,0
C10010,2020-05-20,115.54637820499502,178.31956730749255,Commercial,Analog,Irbid_East,0
C10031,2019-04-26,26.00992360542882,44.01488540814323,Residential,Analog,Irbid_West,0
C10035,2020-01-21,17.1121688967997,30.668253345199552,Residential,Digital,Irbid_West,0
C10003,2018-07-30,28.56630621211548,47.849459318173224,Residential,Analog,Irbid_West,0
C10057,2020-10-17,31.209104640116347,51.81365696017452,Residential,Analog,Center,0
C10056,2020-03-21,15.989625722113047,28.98443858316957,Residential,Analog,Irbid_North,0
C10065,2021-07-14,28.581722359967454,47.87258353995118,Residential,Digital,Center,0
C10050,2020-11-16,18.806216201642826,33.20932430246424,Residential,Analog,Irbid_East,0
C10017,2019-08-24,21.831262558142505,37.74689383721376,Residential,Analog,Irbid_West,0
C10039,2019-08-24,25.949710897161847,43.92456634574277,Residential,Digital,Irbid_South,0
C10004,2018-10-28,34.634395289069325,56.95159293360399,Residential,Analog,Center,1
C10019,2022-11-06,22.085848430649225,38.12877264597384,Residential,Analog,Irbid_West,0
C10085,2021-12-11,22.84808746836452,39.272131202546774,Residential,Analog,Irbid_North,0
C10012,2021-03-16,61.9962898859102,97.99443482886531,Commercial,Analog,Irbid_North,0
C10097,2020-04-20,51.45856373792688,82.18784560689032,Commercial,Analog,Center,0
C10011,2018-06-30,12.757929367298942,24.136894050948413,Residential,Digital,Irbid_South,0
C10072,2019-04-26,,45.90553396188295,Residential,Analog,Irbid_West,0
C10006,2018-01-31,68.64476425099646,107.9671463764947,Commercial,Digital,Irbid_South,0
C10058,2018-01-01,203.0891972748605,309.6337959122908,Industrial,Analog,Irbid_West,0
C10098,2019-03-27,40.93684483358979,66.40526725038468,Commercial,Analog,Irbid_South,0
C10018,2021-04-15,24.044154911177547,4.8775998790968496,Residential,Digital,Irbid_West,1
C10043,2021-09-12,13.612334668623987,25.41850200293598,Residential,Analog,Irbid_West,0
C10089,2022-08-08,130.14864444581036,24.522296666871554,Residential,Analog,Irbid_East,0
C10018,2022-01-10,18.90145995107908,5.854273184883443,Residential,Digital,Irbid_West,1
C10043,2018-05-01,14.895271439302588,27.34290715895388,Residential,Analog,Irbid_West,0
C10037,2021-09-12,19.550323225313427,34.32548483797014,Residential,Analog,Irbid_South,0
C10021,2021-07-14,16.841680149266974,30.26252022390046,Residential,Analog,Center,0
C10001,2019-04-26,25.138242875694374,42.70736431354156,Residential,Analog,Center,0
C10053,2018-01-01,20.42198103066888,35.63297154600332,Residential,Smart,Center,0
C10069,2021-02-14,6.490788365316177,14.736182547974265,Residential,Analog,Irbid_South,0
C10078,2019-10-23,45.656433156311536,73.4846497344673,Commercial,Analog,Center,0
C10080,2019-02-25,12.969442449823813,24.454163674735717,Residential,Digital,Irbid_East,0
C10014,2020-11-16,26.018813814183265,44.0282207212749,Residential,Digital,Center,1
C10052,2018-07-30,30.38608350068803,50.579125251032046,Residential,Analog,Irbid_South,0
C10097,2020-09-17,51.60139570286846,82.4020935543027,Commercial,Analog,Center,0
C10094,2019-08-24,44.09001978966,71.13502968449,Residential,Digital,Irbid_South,0
C10016,2022-11-06,29.966979885411472,49.95046982811721,Residential,Digital,Irbid_North,0
C10082,2020-09-17,37.28394851649805,60.92592277474708,Residential,Analog,Irbid_East,1
C10004,2021-09-12,0.7158866844587983,6.0738300266881975,Residential,Analog,Center,1
C10056,2022-06-09,25.206845786886717,42.810268680330076,Residential,Analog,Irbid_North,0
C10042,2020-01-21,7.645548168977241,16.46832225346586,Residential,Analog,Irbid_West,0
C10010,2019-10-23,85.29227207438909,132.93840811158364,Commercial,Analog,Irbid_East,0
C10058,2019-04-26,289.05799837821866,438.586997567328,Industrial,Analog,Irbid_West,0
C10029,2019-01-26,39.53789625171156,64.30684437756733,Commercial,Analog,Irbid_South,1
C10018,2020-01-21,13.553025874838541,5.158100038102281,Residential,Digital,Irbid_West,1
C10058,2020-02-20,195.9214781819775,298.8822172729663,Industrial,Analog,Irbid_West,0
C10077,2018-05-31,27.21893202495825,45.828398037437374,Residential,Digital,Irbid_East,0
C10016,2022-06-09,38.994459212803285,63.491688819204924,Residential,Digital,Irbid_North,0
C10065,2019-10-23,20.39632744305396,35.59449116458094,Residential,Digital,Center,0
C10046,2020-11-16,19.57023953200998,34.35535929801497,Residential,Digital,Irbid_West,0
C10100,2018-06-30,39.97493241670333,64.962398625055,Residential,Analog,Center,0
C10079,2022-07-09,39.44571505442784,64.16857258164177,Residential,Digital,Irbid_North,0
C10098,2019-06-25,73.82029653103876,115.73044479655815,Commercial,Analog,Irbid_South,0
C10021,2019-06-25,19.018741382632705,33.52811207394906,Residential,Analog,Center,0
C10088,2020-10-17,33.138170116230285,54.70725517434543,Residential,Analog,Irbid_South,0
C10092,2022-03-11,27.292587932384322,45.93888189857648,Residential,Analog,Irbid_North,0
C10026,2020-03-21,9.535875362563075,19.303813043844613,Residential,Analog,Irbid_East,0
C10067,2020-03-21,12.33838465774179,23.507576986612683,Residential,Analog,Center,0
C10100,2021-06-14,36.76392569347719,60.145888540215786,Residential,Analog,Center,0
C10022,2021-04-15,13.813875454474324,25.720813181711485,Residential,Analog,Irbid_North,0
C10099,2022-03-11,30.66543058283707,50.998145874255606,Commercial,Analog,Irbid_South,0
C10095,2022-11-06,27.392262843196406,46.08839426479461,Residential,Analog,Irbid_West,1
C10003,2021-04-15,23.145893468738144,39.71884020310722,Residential,Analog,Irbid_West,0
C10068,2021-11-11,24.255356964428074,41.38303544664211,Residential,Analog,Irbid_South,0
C10016,2022-08-08,40.09453425894519,65.14180138841778,Residential,Digital,Irbid_North,0
C10064,2018-11-27,25.372770837016763,43.059156255525146,Residential,Analog,Irbid_West,0
C10054,2022-06-09,19.36269543846415,34.04404315769622,Residential,Digital,Center,0
C10048,2022-01-10,,28.014330093646407,Residential,Digital,Irbid_West,0
C10063,2022-09-07,23.227000795539944,39.84050119330992,Residential,Smart,Center,0
C10074,2022-05-10,71.98097906537876,112.97146859806814,Commercial,Analog,Irbid_North,0
C10083,2022-05-10,255.4011509684445,388.10172645266675,Industrial,Digital,Irbid_North,0
C10050,2019-09-23,25.82048642605564,43.730729639083464,Residential,Analog,Irbid_East,0
C10037,2021-04-15,21.154023817527637,36.73103572629145,Residential,Analog,Irbid_South,0
C10002,2021-02-14,50.69881266750623,81.04821900125935,Commercial,Analog,Irbid_South,0
C10099,2019-04-26,38.93148682160738,63.39723023241107,Commercial,Analog,Irbid_South,0
C10043,2021-01-15,8.53286874503247,17.799303117548703,Residential,Analog,Irbid_West,0
C10054,2018-04-01,14.178374042437705,26.267561063656558,Residential,Digital,Center,0
C10005,2019-01-26,22.283800541103787,38.42570081165568,Residential,Digital,Irbid_West,0
C10066,2019-11-22,42.405359189303425,68.60803878395514,Commercial,Analog,Irbid_East,0
C10070,2022-11-06,10.049355545030593,20.07403331754589,Residential,Analog,Irbid_North,0
C10025,2018-05-31,16.120639208278877,29.180958812418318,Residential,Digital,Center,0
C10093,2019-07-25,35.1614379330798,57.7421568996197,Residential,Analog,Irbid_East,0
C10028,2020-04-20,36.35016766483029,59.525251497245435,Residential,Analog,Irbid_South,0
C10079,2018-03-02,25.8062639181188,43.709395877178196,Residential,Digital,Irbid_North,0
C10079,2021-07-14,37.553937332433684,61.33090599865052,Residential,Digital,Irbid_North,0
C10067,2020-07-19,22.294825011530165,38.44223751729525,Residential,Analog,Center,0
C10029,2019-04-26,54.901234196331686,87.35185129449752,Commercial,Analog,Irbid_South,1
C10054,2018-11-27,8.664526415744845,17.996789623617268,Residential,Digital,Center,0
C10075,2022-11-06,11.630954029040868,22.446431043561304,Residential,Smart,Irbid_South,0
C10020,2019-02-25,7.051946549744102,15.577919824616153,Residential,Digital,Irbid_East,0
C10038,2020-11-16,22.39408450489026,38.59112675733539,Residential,Digital,Center,0
C10029,2018-03-02,56.227423897411015,89.34113584611652,Commercial,Analog,Irbid_South,1
C10053,2022-02-09,18.780841455684122,33.17126218352618,Residential,Smart,Center,0
C10035,2019-04-26,25.8184847696956,43.7277271545434,Residential,Digital,Irbid_West,0
C10069,2018-10-28,9.806916477075191,19.710374715612787,Residential,Analog,Irbid_South,0
C10099,2020-11-16,39.63412364169869,64.45118546254804,Commercial,Analog,Irbid_South,0
C10052,2021-12-11,18.537975048371592,32.80696257255739,Residential,Analog,Irbid_South,0
C10076,2021-12-11,21.3419389497222,37.0129084245833,Residential,Analog,Irbid_South,0
C10063,2018-04-01,20.413364419549584,35.62004662932438,Residential,Smart,Center,0
C10091,2019-11-22,11.64578218265162,22.46867327397743,Residential,Smart,Irbid_South,0
C10035,2018-09-28,30.390519504823107,50.58577925723466,Residential,Digital,Irbid_West,0
C10083,2022-08-08,263.48510425411797,400.227656381177,Industrial,Digital,Irbid_North,0
C10061,2021-07-14,31.634815789296844,52.45222368394526,Residential,Analog,Irbid_South,0
C10100,2021-01-15,22.412080602246288,38.61812090336943,Residential,Analog,Center,0
C10011,2019-11-22,9.065114909943222,18.597672364914835,Residential,Digital,Irbid_South,0
C10005,2019-10-23,24.26715692487016,41.40073538730524,Residential,Digital,Irbid_West,0
C10096,2020-06-19,33.4685822611526,55.2028733917289,Residential,Analog,Center,0
C10057,2018-09-28,26.53033833213214,44.795507498198205,Residential,Analog,Center,0
C10068,2021-05-15,30.93676292611189,51.40514438916783,Residential,Analog,Irbid_South,0
C10093,2019-02-25,17.231889402786503,30.847834104179753,Residential,Analog,Irbid_East,0
C10031,2018-03-02,19.876615096533783,34.814922644800674,Residential,Analog,Irbid_West,0
C10079,2022-08-08,367.574606584232,60.1361909876348,Residential,Digital,Irbid_North,0
C10085,2021-08-13,40.263984819270185,65.39597722890528,Residential,Analog,Irbid_North,0
C10040,2021-09-12,32.22181003348744,53.332715050231165,Residential,Analog,Irbid_West,0
C10096,2022-11-06,19.268455816308506,33.90268372446276,Residential,Analog,Center,0
C10033,2021-03-16,75.2670687060065,117.90060305900974,Commercial,Smart,Center,0
C10050,2020-12-16,15.277025474868593,27.915538212302888,Residential,Analog,Irbid_East,0
C10009,2018-08-29,,67.64947205050407,Residential,Analog,Irbid_East,0
C10031,2021-07-14,37.05976477760862,60.58964716641293,Residential,Analog,Irbid_West,0
C10029,2022-06-09,3.428729847984267,10.1430947719764,Commercial,Analog,Irbid_South,1
C10049,2020-07-19,47.18322433099003,75.77483649648505,Residential,Analog,Irbid_South,0
C10054,2021-03-16,12.001952392858074,23.002928589287112,Residential,Digital,Center,0
C10003,2020-02-20,18.738615302825153,33.10792295423773,Residential,Analog,Irbid_West,0
C10094,2022-02-09,23.90067474759303,40.851012121389545,Residential,Digital,Irbid_South,0
C10034,2018-06-30,230.72370829621258,351.08556244431884,Industrial,Digital,Irbid_West,0
C10023,2022-01-10,14.979983161274026,27.469974741911038,Residential,Digital,Irbid_West,0
C10047,2022-03-11,21.991630092074985,37.98744513811248,Residential,Analog,Irbid_North,0
C10011,2022-11-06,7.957312280801254,16.93596842120188,Residential,Digital,Irbid_South,0
C10030,2022-06-09,35.7111066753561,58.56666001303415,Residential,Analog,Irbid_East,0
C10042,2022-03-11,9.653670591413613,19.48050588712042,Residential,Analog,Irbid_West,0
C10057,2021-01-15,20.509096008415817,35.76364401262373,Residential,Analog,Center,0
C10072,2019-10-23,23.610607646832655,40.415911470248986,Residential,Analog,Irbid_West,0
C10020,2018-07-30,18.467136218001496,32.70070432700224,Residential,Digital,Irbid_East,0
C10055,2020-08-18,30.94680344451942,51.420205166779134,Residential,Analog,Irbid_West,0
C10011,2018-08-29,12.649515316752412,23.974272975128617,Residential,Digital,Irbid_South,0
C10060,2021-06-14,81.64015094741009,127.46022642111514,Commercial,Analog,Irbid_East,0
C10033,2018-10-28,97.3010871644241,150.95163074663617,Commercial,Smart,Center,0
C10004,2019-05-26,36.81481927273203,60.22222890909805,Residential,Analog,Center,1
C10049,2022-03-11,32.53671806622346,53.805077099335186,Residential,Analog,Irbid_South,0
C10039,2021-11-11,19.790708242331295,34.686062363496944,Residential,Digital,Irbid_South,0
C10074,2018-09-28,65.63249490538082,103.44874235807123,Commercial,Analog,Irbid_North,0
C10013,2021-10-12,26.934733904809768,45.40210085721465,Residential,Digital,Irbid_South,0
C10075,2022-08-08,14.94035849109886,27.410537736648287,Residential,Smart,Irbid_South,0
C10071,2019-06-25,59.359293628282956,94.03894044242443,Commercial,Analog,Irbid_East,0
C10055,2019-03-27,22.14771357666612,38.22157036499918,Residential,Analog,Irbid_West,0
C10004,2019-10-23,,12.58173706408601,Residential,Analog,Center,1
C10059,2020-06-19,45.569239971738554,73.35385995760782,Residential,Analog,Center,0
C10083,2018-11-27,143.54288340493164,220.31432510739745,Industrial,Digital,Irbid_North,0
C10093,2019-03-27,19.269799774232165,33.904699661348246,Residential,Analog,Irbid_East,0
C10029,2022-05-10,8.448210785464587,17.67231617819688,Commercial,Analog,Irbid_South,1
C10097,2020-07-19,68.66717134843142,108.00075702264714,Commercial,Analog,Center,0
C10047,2019-05-26,32.046399393605085,53.06959909040763,Residential,Analog,Irbid_North,0
C10029,2020-03-21,44.5348451378325,71.80226770674875,Commercial,Analog,Irbid_South,1
C10087,2018-12-27,10.432063542971317,20.648095314456974,Residential,Analog,Center,1
C10088,2020-05-20,42.16597872774463,68.24896809161694,Residential,Analog,Irbid_South,0
C10096,2022-09-07,29.426512937314122,49.13976940597118,Residential,Analog,Center,0
C10058,2022-06-09,354.01420758035675,536.0213113705352,Industrial,Analog,Irbid_West,0
C10015,2019-02-25,41.23439161233211,66.85158741849817,Commercial,Digital,Irbid_North,1
C10095,2021-09-12,43.46730394967555,70.20095592451332,Residential,Analog,Irbid_West,1
C10079,2022-09-07,32.4181255318697,53.62718829780455,Residential,Digital,Irbid_North,0
C10069,2019-05-26,13.211761935303622,24.817642902955434,Residential,Analog,Irbid_South,0
C10037,2018-01-01,11.166481007049471,21.749721510574208,Residential,Analog,Irbid_South,0
C10012,2021-02-14,69.78548262803133,109.678223942047,Commercial,Analog,Irbid_North,0
C10100,2022-11-06,24.451275741364825,41.67691361204724,Residential,Analog,Center,0
C10050,2022-11-06,22.339454580364254,38.509181870546385,Residential,Analog,Irbid_East,0
C10062,2020-12-16,34.71479225327137,57.072188379907054,Commercial,Analog,Irbid_West,0
C10028,2019-04-26,29.016620098508227,48.52493014776234,Residential,Analog,Irbid_South,0
C10058,2021-01-15,157.858341331769,241.7875119976535,Industrial,Analog,Irbid_West,0
C10060,2021-05-15,80.1228432169096,125.18426482536441,Commercial,Analog,Irbid_East,0
C10022,2020-07-19,18.772629425872758,33.15894413880913,Residential,Analog,Irbid_North,0
C10078,2021-03-16,40.45684815432899,65.68527223149349,Commercial,Analog,Center,0
C10094,2020-12-16,29.0847479663637,48.627121949545554,Residential,Digital,Irbid_South,0
C10031,2022-05-10,30.104378578729843,50.15656786809477,Residential,Analog,Irbid_West,0
C10088,2018-12-27,23.056460111833402,39.584690167750104,Residential,Analog,Irbid_South,0
C10063,2021-07-14,27.084583681347656,45.626875522021486,Residential,Smart,Center,0
C10056,2018-05-01,,36.314141317557905,Residential,Analog,Irbid_North,0
C10100,2019-07-25,44.95199383810193,72.42799075715288,Residential,Analog,Center,0
C10096,2020-03-21,22.85411069374769,39.281166040621535,Residential,Analog,Center,0
C10063,2019-11-22,15.912833189845395,28.869249784768094,Residential,Smart,Center,0
C10058,2020-01-21,211.7490515732511,322.62357735987666,Industrial,Analog,Irbid_West,0
C10034,2019-06-25,264.8746303742761,402.3119455614141,Industrial,Digital,Irbid_West,0
C10012,2018-04-01,104.5062331136896,161.7593496705344,Commercial,Analog,Irbid_North,0
C10080,2021-03-16,14.09359103074768,26.14038654612152,Residential,Digital,Irbid_East,0
C10090,2019-01-26,18.30658632442645,32.45987948663968,Residential,Digital,Irbid_West,0
C10063,2020-04-20,17.623454271617373,31.435181407426057,Residential,Smart,Center,0
C10074,2020-09-17,63.01483575096691,99.52225362645036,Commercial,Analog,Irbid_North,0
C10080,2018-05-01,20.409284055555798,35.613926083333695,Residential,Digital,Irbid_East,0
C10093,2018-10-28,17.809019343302655,31.713529014953984,Residential,Analog,Irbid_East,0
C10093,2022-07-09,30.307113262556562,50.46066989383485,Residential,Analog,Irbid_East,0
C10012,2022-01-10,59.434905426301164,94.15235813945175,Commercial,Analog,Irbid_North,0
C10022,2019-10-23,14.84801859384762,27.27202789077143,Residential,Analog,Irbid_North,0
C10098,2021-08-13,65.72024114749875,103.58036172124812,Commercial,Analog,Irbid_South,0
C10085,2020-04-20,30.941368637740954,51.41205295661143,Residential,Analog,Irbid_North,0
C10045,2020-11-16,48.376258050826344,77.56438707623951,Commercial,Digital,Center,0
C10068,2018-09-28,35.18101969424175,57.771529541362625,Residential,Analog,Irbid_South,0
C10022,2021-10-12,15.424071019542986,28.13610652931448,Residential,Analog,Irbid_North,0
C10092,2020-12-16,18.118374346932466,32.1775615203987,Residential,Analog,Irbid_North,0
C10092,2021-08-13,,59.51918916048287,Residential,Analog,Irbid_North,0
C10038,2019-05-26,35.691940450756825,58.53791067613524,Residential,Digital,Center,0
C10056,2018-03-02,13.900167496730678,25.85025124509602,Residential,Analog,Irbid_North,0
C10094,2018-12-27,25.389241715821086,43.08386257373163,Residential,Digital,Irbid_South,0
C10034,2022-10-07,164.65888404738328,251.98832607107494,Industrial,Digital,Irbid_West,0
C10026,2020-05-20,16.289913613636323,29.434870420454484,Residential,Analog,Irbid_East,0
C10028,2021-07-14,41.257016114876365,66.88552417231455,Residential,Analog,Irbid_South,0
C10091,2022-02-09,9.482171227765471,19.223256841648208,Residential,Smart,Irbid_South,0
C10100,2021-08-13,41.16791792657032,66.75187688985548,Residential,Analog,Center,0
C10006,2021-05-15,114.27108217887843,176.40662326831765,Commercial,Digital,Irbid_South,0
C10061,2020-03-21,24.395373541731267,41.593060312596904,Residential,Analog,Irbid_South,0
C10096,2021-03-16,16.803387271487676,30.205080907231512,Residential,Analog,Center,0
C10086,2021-11-11,27.480604765213858,46.22090714782079,Residential,Analog,Center,0
C10082,2020-07-19,21.823991790939658,37.73598768640949,Residential,Analog,Irbid_East,1
C10045,2022-05-10,80.47373369771506,125.71060054657259,Commercial,Digital,Center,0
C10052,2018-01-01,15.206239356726108,27.809359035089162,Residential,Analog,Irbid_South,0
C10027,2021-01-15,23.330987601275467,39.9964814019132,Residential,Digital,Irbid_North,0
C10046,2020-05-20,26.979428444456545,45.46914266668482,Residential,Digital,Irbid_West,0
C10044,2021-09-12,24.007349705489176,41.011024558233764,Residential,Digital,Center,0
C10053,2021-01-15,20.77641261153973,36.164618917309596,Residential,Smart,Center,0
C10056,2019-02-25,15.15200387566047,27.728005813490704,Residential,Analog,Irbid_North,0
C10029,2021-06-14,4.6479671838867205,11.97195077583008,Commercial,Analog,Irbid_South,1
C10088,2022-11-06,28.734194621293735,48.1012919319406,Residential,Analog,Irbid_South,0
C10018,2021-03-16,20.580271069541823,5.293339104265041,Residential,Digital,Irbid_West,1
C10078,2019-04-26,54.504345016659244,86.75651752498887,Commercial,Analog,Center,0
C10055,2018-03-02,20.857017495205586,36.28552624280838,Residential,Analog,Irbid_West,0
C10028,2022-10-07,31.05902586432688,51.58853879649032,Residential,Analog,Irbid_South,0
C10030,2019-05-26,,60.62138273042381,Residential,Analog,Irbid_East,0
C10070,2022-03-11,,21.033508126629165,Residential,Analog,Irbid_North,0
C10086,2019-04-26,30.466364962594135,50.699547443891205,Residential,Analog,Center,0
C10010,2019-11-22,55.48050623694259,88.22075935541389,Commercial,Analog,Irbid_East,0
C10047,2020-06-19,45.95980637612032,73.93970956418048,Residential,Analog,Irbid_North,0
C10015,2019-11-22,54.64796994290347,86.97195491435521,Commercial,Digital,Irbid_North,1
C10025,2021-08-13,18.806730747272372,33.21009612090856,Residential,Digital,Center,0
C10086,2020-10-17,34.71057115204594,57.06585672806891,Residential,Analog,Center,0
C10004,2020-02-20,2.470482711906711,8.705724067860066,Residential,Analog,Center,1
C10075,2021-12-11,9.373906547035542,19.06085982055331,Residential,Smart,Irbid_South,0
C10015,2020-06-19,70.97329383286528,4.055229634527235,Commercial,Digital,Irbid_North,1
C10075,2022-05-10,14.873407366054607,27.31011104908191,Residential,Smart,Irbid_South,0
C10009,2019-10-23,34.781364873732265,57.1720473105984,Residential,Analog,Irbid_East,0
C10018,2018-08-29,31.258934803502783,51.888402205254174,Residential,Digital,Irbid_West,1
C10065,2018-01-01,14.334894744982844,26.502342117474264,Residential,Digital,Center,0
C10045,2022-02-09,43.97734474970475,70.96601712455713,Commercial,Digital,Center,0
C10094,2018-01-31,21.36586626759626,37.04879940139439,Residential,Digital,Irbid_South,0
C10085,2019-04-26,26.937922548086615,45.40688382212992,Residential,Analog,Irbid_North,0
C10027,2018-10-28,34.675453896140155,57.01318084421023,Residential,Digital,Irbid_North,0
C10047,2019-01-26,18.193532878529265,32.290299317793895,Residential,Analog,Irbid_North,0
C10046,2020-07-19,30.562450532431228,50.84367579864684,Residential,Digital,Irbid_West,0
C10014,2019-12-22,12.438381723591517,23.657572585387275,Residential,Digital,Center,1
C10098,2020-03-21,40.11131996897883,65.16697995346826,Commercial,Analog,Irbid_South,0
C10061,2021-09-12,26.7582084413905,45.13731266208575,Residential,Analog,Irbid_South,0
C10041,2022-06-09,68.03845619625827,107.0576842943874,Commercial,Analog,Irbid_North,0
C10077,2021-02-14,14.937443809929771,27.406165714894655,Residential,Digital,Irbid_East,0
C10052,2021-08-13,28.33064176443402,47.49596264665103,Residential,Analog,Irbid_South,0
C10082,2019-03-27,12.607116287398068,23.9106744310971,Residential,Analog,Irbid_East,1
C10004,2019-08-24,34.98065825858922,57.47098738788384,Residential,Analog,Center,1
C10052,2021-03-16,19.759892154172,34.639838231258,Residential,Analog,Irbid_South,0
C10038,2022-10-07,34.73437478818029,57.101562182270435,Residential,Digital,Center,0
C10060,2019-09-23,76.8726453189958,120.30896797849368,Commercial,Analog,Irbid_East,0
C10099,2018-12-27,35.47038072006061,58.20557108009092,Commercial,Analog,Irbid_South,0
C10075,2020-10-17,13.97795136105983,25.966927041589745,Residential,Smart,Irbid_South,0
C10076,2019-02-25,19.817564445497947,34.72634666824692,Residential,Analog,Irbid_South,0
C10097,2020-10-17,44.91093822142948,72.36640733214422,Commercial,Analog,Center,0
C10007,2020-07-19,46.29214184622392,74.43821276933588,Residential,Analog,Irbid_East,0
C10094,2021-02-14,27.849758743189536,46.7746381147843,Residential,Digital,Irbid_South,0
C10088,2021-02-14,23.87481430968996,40.81222146453494,Residential,Analog,Irbid_South,0
C10025,2022-07-09,19.989113009833726,34.98366951475059,Residential,Digital,Center,0
C10045,2022-07-09,100.5304036446764,155.79560546701458,Commercial,Digital,Center,0
C10034,2021-11-11,167.26594931450384,255.89892397175578,Industrial,Digital,Irbid_West,0
C10088,2020-04-20,32.81090472540167,54.216357088102505,Residential,Analog,Irbid_South,0
C10092,2018-04-01,29.109037057895804,48.66355558684371,Residential,Analog,Irbid_North,0
C10043,2021-12-11,9.398811675882744,19.098217513824117,Residential,Analog,Irbid_West,0
C10002,2018-05-01,79.52802651504636,124.29203977256955,Commercial,Analog,Irbid_South,0
C10065,2021-08-13,27.086891659890657,45.63033748983599,Residential,Digital,Center,0
C10035,2019-10-23,21.888565040940456,37.83284756141069,Residential,Digital,Irbid_West,0
C10088,2022-08-08,41.15647952616255,66.73471928924383,Residential,Analog,Irbid_South,0
C10009,2018-12-27,21.70884716918372,37.56327075377558,Residential,Analog,Irbid_East,0
C10007,2019-07-25,42.52664015192042,68.78996022788063,Residential,Analog,Irbid_East,0
C10081,2022-11-06,23.718382609162962,40.577573913744445,Residential,Digital,Irbid_North,0
C10067,2020-09-17,17.686282839323642,31.529424258985465,Residential,Analog,Center,0
C10082,2020-03-21,3.888354738293168,10.832532107439752,Residential,Analog,Irbid_East,1
C10018,2022-08-08,25.84178620500826,5.619274977455967,Residential,Digital,Irbid_West,1
C10015,2021-02-14,40.476759187568526,3.9791325657878547,Commercial,Digital,Irbid_North,1
C10006,2021-01-15,60.96781909312155,96.45172863968233,Commercial,Digital,Irbid_South,0
C10017,2022-08-08,22.238930596613272,38.35839589491991,Residential,Analog,Irbid_West,0
C10022,2019-03-27,12.041025471351789,23.061538207027684,Residential,Analog,Irbid_North,0
C10064,2019-06-25,37.21339223927287,60.8200883589093,Residential,Analog,Irbid_West,0
C10076,2022-03-11,24.42560100922392,41.63840151383588,Residential,Analog,Irbid_South,0
C10056,2021-06-14,27.421436672514336,46.132155008771505,Residential,Analog,Irbid_North,0
C10082,2022-03-11,29.20219663527877,48.80329495291816,Residential,Analog,Irbid_East,1
C10017,2020-11-16,11.263122300386652,21.894683450579976,Residential,Analog,Irbid_West,0
C10034,2018-01-31,,230.53878601726632,Industrial,Digital,Irbid_West,0
C10072,2021-01-15,18.797631546884762,33.196447320327145,Residential,Analog,Irbid_West,0
C10003,2021-05-15,24.42310175722102,41.63465263583153,Residential,Analog,Irbid_West,0
C10095,2020-11-16,31.145898442023196,51.71884766303479,Residential,Analog,Irbid_West,1
C10080,2022-10-07,14.2353460666767,26.35301910001505,Residential,Digital,Irbid_East,0
C10026,2018-01-01,8.398012468725808,17.59701870308871,Residential,Analog,Irbid_East,0
C10065,2018-04-01,20.05955589862592,35.08933384793888,Residential,Digital,Center,0
C10088,2018-05-31,39.476483287889515,64.21472493183427,Residential,Analog,Irbid_South,0
C10044,2020-09-17,23.41954267070649,40.12931400605974,Residential,Digital,Center,0
C10058,2021-05-15,352.1512238991484,533.2268358487227,Industrial,Analog,Irbid_West,0
C10018,2018-01-31,14.763704602377492,27.145556903566238,Residential,Digital,Irbid_West,1
C10052,2019-01-26,13.321474318181751,24.982211477272628,Residential,Analog,Irbid_South,0
C10066,2021-07-14,72.92105473476838,114.38158210215256,Commercial,Analog,Irbid_East,0
C10027,2020-01-21,20.50792620224212,35.76188930336318,Residential,Digital,Irbid_North,0
C10033,2020-11-16,86.1303596584006,134.19553948760088,Commercial,Smart,Center,0
C10053,2020-08-18,46.46915552830719,74.70373329246078,Residential,Smart,Center,0
C10001,2020-10-17,25.973379943745048,43.960069915617574,Residential,Analog,Center,0
C10067,2022-06-09,22.317320513955973,38.47598077093396,Residential,Analog,Center,0
C10013,2022-07-09,40.94454083740353,66.41681125610529,Residential,Digital,Irbid_South,0
C10043,2020-12-16,8.747203747475218,18.120805621212828,Residential,Analog,Irbid_West,0
C10025,2021-02-14,9.023044290397287,18.53456643559593,Residential,Digital,Center,0
C10092,2020-02-20,19.02616537555649,33.53924806333474,Residential,Analog,Irbid_North,0
C10023,2021-07-14,32.301623407365604,53.4524351110484,Residential,Digital,Irbid_West,0
C10044,2020-08-18,28.532881000208846,47.79932150031327,Residential,Digital,Center,0
C10048,2018-05-01,36.82919673252969,60.243795098794536,Residential,Digital,Irbid_West,0
C10035,2018-01-31,17.586045423654163,31.379068135481244,Residential,Digital,Irbid_West,0
C10005,2018-01-31,15.615255206203424,28.422882809305136,Residential,Digital,Irbid_West,0
C10035,2019-09-23,27.525220255488552,46.28783038323283,Residential,Digital,Irbid_West,0
C10040,2019-11-22,24.184196849447115,41.27629527417067,Residential,Analog,Irbid_West,0
C10011,2018-01-01,5.662293802217032,13.493440703325549,Residential,Digital,Irbid_South,0
C10041,2020-11-16,44.27230108741569,71.40845163112354,Commercial,Analog,Irbid_North,0
C10090,2022-05-10,37.96489264498757,61.94733896748136,Residential,Digital,Irbid_West,0
C10049,2018-08-29,51.07304318816289,81.60956478224433,Residential,Analog,Irbid_South,0
C10011,2021-10-12,9.648612813709606,19.47291922056441,Residential,Digital,Irbid_South,0
C10065,2022-02-09,21.512221197603665,37.2683317964055,Residential,Digital,Center,0
C10060,2019-04-26,64.16431814804433,101.24647722206649,Commercial,Analog,Irbid_East,0
C10054,2019-10-23,13.283203369308353,24.92480505396253,Residential,Digital,Center,0
C10026,2020-04-20,14.679626588461879,27.01943988269282,Residential,Analog,Irbid_East,0
C10022,2018-07-30,18.531135796593656,32.79670369489048,Residential,Analog,Irbid_North,0
C10032,2021-03-16,5.616975236717158,13.425462855075736,Commercial,Analog,Irbid_West,1
C10078,2021-02-14,49.50660866136677,79.25991299205015,Commercial,Analog,Center,0
C10051,2018-05-31,30.35104623599228,50.52656935398842,Residential,Digital,Irbid_South,0
C10046,2020-10-17,22.608661766705925,38.91299265005889,Residential,Digital,Irbid_West,0
C10004,2018-09-28,38.98900373345953,63.483505600189304,Residential,Analog,Center,1
C10031,2018-06-30,34.68011823775866,57.020177356637994,Residential,Analog,Irbid_West,0
C10017,2019-03-27,13.207345156335297,24.811017734502947,Residential,Analog,Irbid_West,0
C10046,2021-11-11,23.00140238815445,39.502103582231676,Residential,Digital,Irbid_West,0
C10035,2018-07-30,38.110539730867245,62.16580959630087,Residential,Digital,Irbid_West,0
C10043,2021-02-14,13.265312645636914,24.897968968455373,Residential,Analog,Irbid_West,0
C10019,2018-03-02,23.178506862205307,39.76776029330796,Residential,Analog,Irbid_West,0
C10008,2022-06-09,133.09414526553104,204.64121789829656,Commercial,Analog,Irbid_South,0
C10049,2019-12-22,17.043221210296785,30.564831815445178,Residential,Analog,Irbid_South,0
C10081,2021-07-14,50.84649969171949,81.26974953757923,Residential,Digital,Irbid_North,0
C10069,2021-01-15,7.435637001364879,16.15345550204732,Residential,Analog,Irbid_South,0
C10057,2020-01-21,14.237223851392926,26.35583577708939,Residential,Analog,Center,0
C10076,2022-07-09,35.660721653482355,58.49108248022353,Residential,Analog,Irbid_South,0
C10020,2021-08-13,16.865005698185964,30.297508547278944,Residential,Digital,Irbid_East,0
C10085,2018-11-27,25.362369964466154,43.04355494669923,Residential,Analog,Irbid_North,0
C10089,2020-07-19,14.930767910421855,27.39615186563278,Residential,Analog,Irbid_East,0
C10041,2020-09-17,53.2002183095333,84.80032746429995,Commercial,Analog,Irbid_North,0
C10094,2020-07-19,43.419134138265875,70.12870120739882,Residential,Digital,Irbid_South,0
C10040,2022-03-11,28.15330790120001,47.22996185180001,Residential,Analog,Irbid_West,0
C10013,2022-01-10,17.116322163128153,30.67448324469223,Residential,Digital,Irbid_South,0
C10029,2018-05-31,71.59062878004269,112.38594317006404,Commercial,Analog,Irbid_South,1
C10003,2018-10-28,20.25607818121606,35.384117271824095,Residential,Analog,Irbid_West,0
C10049,2021-03-16,29.96657443530779,49.94986165296169,Residential,Analog,Irbid_South,0
C10053,2022-03-11,33.876549214169955,55.81482382125493,Residential,Smart,Center,0
C10058,2019-12-22,247.18984155852033,375.7847623377805,Industrial,Analog,Irbid_West,0
C10093,2022-10-07,23.603581011997807,40.40537151799671,Residential,Analog,Irbid_East,0
C10074,2021-10-12,48.791077271817215,78.18661590772582,Commercial,Analog,Irbid_North,0
C10089,2022-06-09,13.532821622220418,25.299232433330626,Residential,Analog,Irbid_East,0
C10008,2021-10-12,112.94227146491086,174.4134071973663,Commercial,Analog,Irbid_South,0
C10096,2020-10-17,26.4722742346334,44.7084113519501,Residential,Analog,Center,0
C10052,2020-08-18,24.112209593930775,41.168314390896164,Residential,Analog,Irbid_South,0
C10063,2022-04-10,20.40623212703488,35.60934819055232,Residential,Smart,Center,0
C10087,2020-07-19,23.85527159841777,40.78290739762665,Residential,Analog,Center,1
C10088,2018-06-30,37.61210167967697,61.41815251951545,Residential,Analog,Irbid_South,0
C10090,2022-02-09,18.918574829978347,33.37786224496752,Residential,Digital,Irbid_West,0
C10015,2019-08-24,74.5978631792851,116.89679476892765,Commercial,Digital,Irbid_North,1
